0,0.24805,1.4689,1.7402,-0.22402,0.10341,1.3726,-0.22313,-0.049945,1.4377,-0.65319,-0.26402,-1.1676,-0.46237,-1.7535,-1.9476,-1.1717,-1.1077,-1.8127,-2.5933,-1.193,-3.5378,-0.99749,-2.3202,-1.9697,0.12665,0.26434,0.4323,1.7946,0.064145,0.73113,0.34311,0.27668,-0.12758,-0.86999,0.34172,0.016581,0.6455,0.2301,0.024382,-2.2089,-0.77873,0.66669,0.98459,0.076626,0.91988,0.88671,1.2924,0.81554,1.0785,1.7228,2.1638,0.95229,2.0559,-0.15725,1.239,0.3369,0.83325,2.2598,1.1857,0.69625,0.91549,1.6272,0.7501,1.4316,-0.58218,0.8256,0.76997,0.72266,1.0351,1.0965,0.35688,1.1918,2.2682,-0.1274,1.0944,1.2968,0.94011,0.85468,0.25813,0.88323,-1.0938,-1.3196,0.20741,1.8349,-0.045223,0.78497,1.5741,0.59117,0.8927,0.50001,0.14681,0.12259,0.86188,0.86187,2.2351,-0.053768,0.90746,-0.11424,0.15051,0.38222,0.43702,1.668,0.53665,-3.4204,-5.7207,-5.9864,-9.263,-8.8591,-5.1792,-3.6344,-4.0521,-2.2634,-1.3957,0.61074,-0.13778,1.1852,0.43529,1.6721,1.6727,0.37995,0.85105,0.28873,1.7813,0.97911,1.134,0.20895,0.27511,0.93327,0.75866,1.3457,0.99418,1.7373,1.4348,0.64746,2.946,1.543,0.72801,-0.092409,0.38069,0.42013,-0.028009,-0.038162,0.14927,0.16542,1.0858,0.81693,0.83903,0.1558,-0.94502,-1.6092,-0.20948,0.32255,1.086,-0.27088,-0.3626,0.02666,0.42168,1.4226,-1.4526,-0.88849,-0.41397,0.15795,-0.33187,0.16586,0.65717,0.1729,0.48415,0.15028,-0.27227,0.65625,1.4375,0.49091,0.6142,0.016938,0.41067,-0.45473,-0.23904,-0.30542,-0.46423,-1.4753,-2.9043,-1.0382,0.2295,-0.12473,0.13596,0.10275,-0.50749,-1.4218,-1.0703,-0.86676,-1.1615,-1.4309,-1.1069,-0.6149,-1.0789,0.81034,0.20373
0,0.34762,2.0585,2.4387,-0.31395,0.14493,1.9236,-0.3127,-0.069994,2.0148,-0.9154,-0.37001,-1.6363,-0.64798,-2.4575,-2.7295,-1.642,-1.5523,-2.5404,-3.6343,-1.672,-4.958,-1.3979,-3.2515,-2.7604,0.17749,0.37046,0.60585,2.515,0.089895,1.0246,0.48085,0.38775,-0.17879,-1.2192,0.4789,0.023237,0.90463,0.32247,0.03417,-3.0957,-1.0913,0.93432,1.3798,0.10739,1.2892,1.2427,1.8112,1.1429,1.5114,2.4144,3.0324,1.3346,2.8812,-0.22038,1.7363,0.47215,1.1677,3.167,1.6616,0.97575,1.283,2.2805,1.0512,2.0063,-0.81589,1.157,1.0791,1.0128,1.4507,1.5367,0.50015,1.6703,3.1787,-0.17854,1.5338,1.8174,1.3175,1.1978,0.36175,1.2378,-1.5329,-1.8494,0.29067,2.5715,-0.063377,1.1001,2.206,0.82848,1.2511,0.70073,0.20575,0.1718,1.2079,1.2079,3.1324,-0.075353,1.2717,-0.1601,0.21093,0.53566,0.61246,2.3376,0.75208,-4.7935,-8.0172,-8.3896,-12.981,-12.416,-7.2583,-5.0933,-5.6788,-3.172,-1.956,0.85591,-0.19309,1.661,0.61003,2.3433,2.3442,0.53248,1.1927,0.40463,2.4963,1.3722,1.5893,0.29283,0.38555,1.3079,1.0632,1.886,1.3933,2.4347,2.0108,0.90737,4.1287,2.1624,1.0203,-0.1295,0.53352,0.58879,-0.039253,-0.053481,0.2092,0.23182,1.5216,1.1449,1.1758,0.21834,-1.3244,-2.2551,-0.29357,0.45204,1.5219,-0.37962,-0.50817,0.037363,0.59096,1.9937,-2.0358,-1.2452,-0.58015,0.22136,-0.4651,0.23244,0.92098,0.24231,0.6785,0.2106,-0.38157,0.91969,2.0146,0.68798,0.86076,0.023738,0.57553,-0.63727,-0.335,-0.42802,-0.65059,-2.0676,-4.0702,-1.455,0.32163,-0.17481,0.19055,0.144,-0.71122,-1.9925,-1.5,-1.2147,-1.6278,-2.0053,-1.5513,-0.86175,-1.512,1.1356,0.28551
0,0.24805,0.41745,2.1034,2.3584,-0.53471,0.71688,1.6796,-0.42196,0.19533,1.6106,-1.0533,-0.38715,-1.4396,-0.87067,-2.4711,-2.8889,-1.8791,-1.6588,-2.5837,-3.395,-2.6189,-3.8552,-1.3959,-3.3148,-2.4262,0.48521,0.38908,0.94151,2.4051,0.33083,0.92313,0.60538,0.15601,-0.40101,-0.69034,0.29469,-0.069206,0.64364,0.53823,-0.063106,-2.9011,-0.73876,1.1249,1.0247,0.43346,1.3239,1.4023,1.6808,0.88167,1.7566,2.6318,2.6574,1.3783,2.3623,-0.17159,1.5829,0.56961,1.3397,3.0705,1.77,0.97452,1.3535,1.7135,1.3422,1.9884,-0.57407,0.88186,0.90122,0.61815,1.9266,1.7938,0.56346,1.7743,2.8069,-0.037939,1.27,1.6722,1.2862,0.88928,0.43443,1.346,-1.5319,-1.7762,0.71663,2.2384,-0.21388,1.3473,1.9987,0.77563,1.0746,0.68532,0.31387,0.12646,1.1399,1.267,2.8962,0.069655,1.4038,-0.55086,0.34177,0.4902,0.75206,2.2097,0.30006,-5.8887,-7.319,-8.9105,-13.502,-12.739,-7.0925,-5.0958,-5.4479,-3.007,-1.6698,1.6344,0.064824,1.8374,0.92382,2.3525,2.5633,0.61102,1.2628,0.79312,2.21,1.7466,1.5836,0.3333,0.54651,1.2985,1.0602,1.7249,1.4505,2.5649,1.3801,1.1063,3.7929,2.1321,1.077,0.06385,0.6534,0.57763,0.013596,-0.16027,0.44242,0.32507,1.2728,1.1391,1.1012,0.11168,-1.2108,-2.1048,-0.63585,0.61235,1.2404,0.0063962,-0.38142,0.020806,0.75735,1.4448,-1.8372,-0.94083,-0.58608,-0.077714,-0.40833,0.32761,0.97124,0.42741,0.45602,-0.11568,-0.16962,1.1229,1.9595,0.57841,0.7737,0.20335,0.36883,-0.74181,-0.16693,-0.44539,-0.61912,-2.2319,-4.3981,-0.98531,0.27445,-0.44221,0.2571,0.18384,-0.73064,-1.8912,-1.5036,-1.2682,-1.5472,-1.8988,-1.2434,-1.4849,-1.1012,0.99726
0,0.17699,0.29787,0.37217,2.0757,2.3126,-0.2097,0.66241,1.6564,-0.46723,0.094844,1.5734,-1.0194,-0.33414,-1.4864,-0.95785,-2.5101,-2.9454,-1.8242,-1.6715,-2.5221,-3.668,-2.3443,-3.8444,-1.424,-3.2424,-2.3565,0.57333,0.48761,0.90201,2.4285,0.30597,0.9531,0.54089,0.10055,-0.26503,-0.78702,0.26809,-0.12847,0.71472,0.5089,-0.01406,-2.761,-0.69241,1.0376,1.1925,0.43392,1.3579,1.4146,1.6194,0.93785,1.7801,2.535,2.6659,1.2682,2.3597,-0.21017,1.6369,0.61479,1.3204,3.0884,1.7598,0.9968,1.2731,1.779,1.3465,1.9958,-0.63082,0.84238,0.83896,0.73458,1.9792,1.8079,0.58187,1.6924,2.8805,-0.090892,1.2336,1.6432,1.2229,0.90983,0.41899,1.3425,-1.5068,-1.6162,0.64456,2.2013,-0.23685,1.3036,1.9886,0.80183,1.0769,0.70772,0.33628,0.11877,1.1551,1.1981,2.9313,0.10202,1.2211,-0.52704,0.34554,0.54948,0.74097,2.1038,-0.0077119,-5.721,-7.4569,-9.066,-13.575,-12.688,-7.1189,-5.038,-5.4043,-2.9405,-1.4849,1.7,0.076937,1.9102,0.91745,2.4606,2.5698,0.61954,1.3217,0.72383,2.3036,1.783,1.5784,0.36857,0.55695,1.2943,1.0381,1.6948,1.4644,2.4213,1.294,1.0318,3.7836,2.185,1.1158,0.097675,0.60447,0.57451,-0.018262,-0.017633,0.45848,0.26285,1.2419,1.1205,1.0713,0.15377,-1.1842,-2.1839,-0.64756,0.54458,1.3259,-0.031663,-0.38457,0.060295,0.6328,1.4975,-1.764,-0.94903,-0.66067,-0.064194,-0.34499,0.33317,1.0009,0.40416,0.38606,-0.066218,-0.22009,1.092,1.9382,0.63769,0.81229,0.14961,0.3898,-0.71417,-0.16857,-0.45024,-0.66705,-2.3128,-4.2651,-1.0102,0.2162,-0.41079,0.2723,0.17813,-0.69937,-1.8901,-1.5224,-1.2472,-1.5242,-1.8216,-1.3742,-1.3953,-1.1408
0,0.1263,0.21255,0.13706,0.36498,2.0643,2.4895,-0.22295,0.65626,1.5911,-0.49092,0.086086,1.6012,-1.0055,-0.34593,-1.5553,-0.96696,-2.524,-2.9003,-1.8259,-1.6558,-2.6148,-3.6019,-2.3422,-3.8565,-1.4064,-3.2249,-2.2954,0.5962,0.47864,0.89464,2.4231,0.31278,0.93972,0.52802,0.13412,-0.31212,-0.79337,0.2539,-0.10235,0.70834,0.52014,0.045115,-2.75,-0.71453,1.1212,1.1919,0.44218,1.3795,1.3995,1.6332,0.92606,1.7563,2.5374,2.6385,1.2676,2.3505,-0.1856,1.6478,0.60994,1.3234,3.0865,1.7651,1.0012,1.2895,1.7796,1.3274,1.9812,-0.64128,0.83737,0.86678,0.74839,1.9797,1.8128,0.56013,1.7309,2.8678,-0.099947,1.2157,1.6277,1.2277,0.89255,0.41768,1.348,-1.4388,-1.6337,0.63473,2.1524,-0.24723,1.3008,2.0229,0.8017,1.0822,0.72363,0.33357,0.12273,1.1264,1.2067,2.9396,0.0038224,1.227,-0.52666,0.37603,0.5462,0.71346,2.002,0.032844,-5.7552,-7.5159,-9.0827,-13.562,-12.712,-7.105,-5.0273,-5.3936,-2.8965,-1.4691,1.6844,0.093932,1.9092,0.97568,2.4624,2.5723,0.61787,1.3045,0.74663,2.3339,1.7827,1.5879,0.38005,0.55593,1.2892,1.0212,1.6989,1.4274,2.3342,1.2758,1.0299,3.8163,2.195,1.1242,0.06137,0.60456,0.56702,0.062852,-0.013449,0.44327,0.238,1.2377,1.1129,1.0929,0.1607,-1.2039,-2.204,-0.66372,0.56674,1.2832,-0.031779,-0.37551,0.040034,0.6453,1.5162,-1.7748,-0.96675,-0.65721,-0.027668,-0.3433,0.34227,1.0097,0.38679,0.39935,-0.12717,-0.22697,1.0859,1.9932,0.64692,0.79896,0.17654,0.39723,-0.71457,-0.17324,-0.46208,-0.68717,-2.2745,-4.2703,-1.0246,0.23871,-0.40745,0.27142,0.19225,-0.69887,-1.8936,-1.5178,-1.2408,-1.5047,-1.8511,-1.3523,-1.4044
0,0.20467,0.069777,0.20058,0.26745,0.35612,-0.38949,0.037662,0.51406,-0.28516,0.022347,0.15082,-0.24492,-1.5844,-1.0468,-0.65825,-0.41696,-0.45866,-0.10107,-0.26125,-0.65373,0.11058,-0.98833,-0.65442,-0.32589,-0.05267,0.18149,0.20214,0.0039627,0.2306,0.24582,-0.27154,-0.2433,-0.021939,-0.35743,-0.12018,-0.075535,-0.1587,-0.48132,-0.28911,-0.22715,0.19838,0.16986,0.085514,0.56456,0.45803,1.0151,0.83745,0.81262,1.1017,0.81715,0.66282,1.1727,0.77383,1.168,1.0847,0.64499,0.63294,0.38363,0.24862,0.66038,0.16722,0.21431,0.43113,0.1938,-0.012929,-0.39218,0.21329,0.32894,0.0090061,-0.18108,0.26751,0.2356,-0.34488,0.58746,0.53485,0.17398,0.24229,0.37272,0.12358,0.076523,0.28808,0.51991,0.28897,-0.35251,0.087945,0.12532,-0.31887,-0.27771,-0.2227,0.54047,0.41706,0.17695,0.026302,0.25564,-0.11408,-0.21756,-0.84552,-0.95288,-1.0451,-1.05,-0.94561,-1.3655,-1.0132,0.061983,1.0452,-0.2876,0.52245,0.47009,-0.32366,-1.1306,-0.90238,-0.82588,-0.69647,-0.67404,-0.47928,-0.1269,0.4111,0.31665,0.25109,0.17018,0.13991,0.4543,0.061797,0.47704,0.39733,0.48667,-0.036489,-0.22047,-0.17431,-0.30789,-0.2089,-0.11581,-0.064939,0.52712,0.16735,0.052128,-0.11251,-0.38734,-0.36484,-1.0259,-0.70259,-0.27393,-0.16551,-0.046408,-0.16566,0.12541,0.076469,0.0076203,0.21988,-0.13596,-0.51143,-0.50065,-0.75024,-0.38182,-0.54334,-0.39062,-0.66281,-0.66026,0.27346,0.074274,-0.22337,0.11789,0.26791,0.070061,0.21652,0.083602,-0.30189,-0.20195,0.39918,-0.2786,-0.17334,0.13589,0.37872,0.45695,0.54085,0.76384,0.96473,0.43385,0.96083,0.57219,1.0188,0.49437,0.06963,0.030619,-0.080805,-0.16848,-0.1501,-0.13288,-0.4182,-0.50558,-0.39799,-0.36228,-0.54176,-0.60949,0.27025,-0.36754,-0.60101
0,0.34738,0.11843,0.34044,0.45393,0.60444,-0.66107,0.063923,0.8725,-0.48399,0.037928,0.25598,-0.4157,-2.6891,-1.7767,-1.1172,-0.70769,-0.77847,-0.17154,-0.44341,-1.1096,0.18768,-1.6775,-1.1107,-0.55312,-0.089395,0.30803,0.34309,0.0067257,0.3914,0.41721,-0.46088,-0.41295,-0.037237,-0.60665,-0.20399,-0.1282,-0.26935,-0.81693,-0.49069,-0.38554,0.3367,0.2883,0.14514,0.95821,0.77741,1.7229,1.4214,1.3792,1.8699,1.3869,1.125,1.9904,1.3134,1.9823,1.841,1.0947,1.0743,0.65113,0.42198,1.1208,0.28382,0.36374,0.73175,0.32894,-0.021944,-0.66564,0.36202,0.5583,0.015286,-0.30735,0.45403,0.39988,-0.58534,0.99707,0.90778,0.29528,0.41123,0.63261,0.20974,0.12988,0.48895,0.88242,0.49046,-0.5983,0.14927,0.2127,-0.54121,-0.47134,-0.37798,0.91732,0.70787,0.30032,0.044642,0.43389,-0.19362,-0.36926,-1.4351,-1.6173,-1.7738,-1.7821,-1.605,-2.3176,-1.7196,0.1052,1.7739,-0.48813,0.88674,0.79787,-0.54933,-1.919,-1.5316,-1.4017,-1.1821,-1.144,-0.81346,-0.21539,0.69774,0.53745,0.42617,0.28883,0.23746,0.77107,0.10489,0.80967,0.67438,0.82601,-0.061932,-0.37419,-0.29585,-0.52258,-0.35455,-0.19656,-0.11022,0.89467,0.28403,0.088475,-0.19096,-0.65743,-0.61923,-1.7412,-1.1925,-0.46494,-0.28092,-0.078766,-0.28118,0.21286,0.12979,0.012934,0.3732,-0.23075,-0.86802,-0.84973,-1.2734,-0.64804,-0.9222,-0.66298,-1.125,-1.1206,0.46413,0.12606,-0.37912,0.2001,0.45472,0.11891,0.36749,0.1419,-0.51239,-0.34275,0.67751,-0.47287,-0.29421,0.23064,0.64278,0.77557,0.91796,1.2964,1.6374,0.73636,1.6308,0.97117,1.7291,0.83907,0.11818,0.051969,-0.13715,-0.28596,-0.25475,-0.22553,-0.7098,-0.8581,-0.67549,-0.61489,-0.91952,-1.0345,0.45869,-0.62382,-1.0201
0,0.20467,0.32447,0.1189,0.37327,0.52809,0.40356,-0.57552,0.12998,0.75853,-0.36096,0.085362,0.23525,-0.5761,-2.6377,-1.7751,-1.0765,-0.65974,-0.73812,-0.26513,-0.53355,-0.80949,-0.1983,-1.7002,-1.0874,-0.66483,-0.16314,0.30576,0.24339,0.050452,0.30191,0.41484,-0.4862,-0.34136,0.010838,-0.77359,-0.15637,-0.10202,-0.22165,-0.86841,-0.48909,-0.39565,0.25427,0.2318,0.26614,0.86634,0.82458,1.6936,1.475,1.4888,1.822,1.3298,1.294,1.9902,1.501,1.9938,1.8697,1.0994,1.0117,0.67463,0.41403,1.112,0.25944,0.56985,0.6034,0.31081,-0.096425,-0.53787,0.43639,0.67267,-0.13848,-0.35818,0.44889,0.35033,-0.42661,0.99053,0.97231,0.35062,0.45383,0.72882,0.1757,0.13467,0.52333,0.87642,0.35014,-0.49762,0.23205,0.11557,-0.49253,-0.4521,-0.27941,0.95284,0.69374,0.30294,0.10222,0.41778,-0.12427,-0.42738,-1.5035,-1.539,-1.8141,-1.7844,-1.694,-2.2839,-1.5277,0.46773,1.5273,-0.27274,1.0577,0.85524,-0.65702,-1.9402,-1.615,-1.4464,-1.3153,-1.3727,-0.88308,-0.23491,0.63501,0.53955,0.33171,0.27576,0.24662,0.6435,0.23154,0.68579,0.69951,0.78473,-0.1133,-0.37202,-0.28856,-0.53269,-0.36138,-0.24832,0.08969,0.79851,0.40753,0.088005,-0.24168,-0.74598,-0.67383,-1.7466,-1.227,-0.42687,-0.3379,-0.11932,-0.18685,0.22013,0.14626,0.076777,0.33399,-0.2895,-0.78927,-0.93903,-1.188,-0.77102,-0.98706,-0.69574,-1.1692,-0.92088,0.39921,0.0068926,-0.37391,0.2886,0.44082,0.075633,0.34172,0.06397,-0.448,-0.22406,0.58437,-0.55358,-0.28177,0.28388,0.68848,0.73505,0.99758,1.3729,1.5553,0.75167,1.5955,1.0673,1.8151,0.67615,0.11507,0.12174,-0.18087,-0.29761,-0.28238,-0.28522,-0.73116,-0.85541,-0.70244,-0.69999,-1.0471,-0.82033,0.32582,-0.62792
0,0.12059,0.19118,0.34218,0.13239,0.39459,0.41342,0.42983,-0.55084,0.11952,0.79586,-0.34486,0.064328,0.16814,-0.56558,-2.6151,-1.7642,-1.0668,-0.6679,-0.78459,-0.29599,-0.43759,-0.92389,-0.21136,-1.6894,-1.1165,-0.6797,-0.18864,0.27429,0.26075,0.034255,0.29561,0.41031,-0.46433,-0.33136,-0.037327,-0.74644,-0.14841,-0.095904,-0.23872,-0.87112,-0.48385,-0.43007,0.23933,0.2668,0.21574,0.89136,0.8215,1.697,1.5089,1.4816,1.8172,1.3864,1.2968,2.0409,1.5129,1.9988,1.8676,1.0797,1.0157,0.67931,0.41309,1.1034,0.30318,0.53002,0.59188,0.30629,-0.057545,-0.51551,0.45596,0.62958,-0.14448,-0.35674,0.43459,0.39828,-0.43415,1.0018,0.98943,0.37429,0.47661,0.71674,0.19617,0.15104,0.52233,0.81967,0.37438,-0.46881,0.22751,0.12415,-0.48765,-0.4389,-0.26634,0.95347,0.68237,0.32213,0.097997,0.43953,-0.14222,-0.45069,-1.4626,-1.5475,-1.822,-1.8241,-1.6918,-2.2241,-1.4125,0.39621,1.5984,-0.21577,1.0642,0.81331,-0.6586,-1.9653,-1.6271,-1.4893,-1.3741,-1.3907,-0.87307,-0.24504,0.63901,0.49259,0.33385,0.28603,0.22155,0.68425,0.19572,0.68505,0.68794,0.77168,-0.11673,-0.3679,-0.30664,-0.51938,-0.37207,-0.19615,0.098646,0.83325,0.40633,0.056674,-0.26814,-0.76513,-0.66271,-1.7543,-1.214,-0.46599,-0.34891,-0.090242,-0.17495,0.22361,0.17003,0.061019,0.31899,-0.27392,-0.80486,-0.91633,-1.2195,-0.77202,-1.0026,-0.70622,-1.1127,-0.94043,0.36283,0.010956,-0.35,0.28554,0.41443,0.068901,0.32167,0.071321,-0.4156,-0.2534,0.58983,-0.54573,-0.26564,0.27495,0.68153,0.76036,1.0117,1.3495,1.5603,0.74152,1.6317,1.0884,1.7622,0.67632,0.12981,0.10124,-0.18558,-0.31054,-0.30544,-0.29542,-0.73104,-0.86349,-0.73355,-0.74084,-0.99158,-0.85428,0.31856
0,0.071049,0.11264,0.20161,0.34727,0.14015,0.33181,0.423,0.44048,-0.54397,0.13168,0.80145,-0.35819,0.034907,0.17073,-0.54694,-2.6121,-1.7626,-1.076,-0.69116,-0.79615,-0.2581,-0.47356,-0.92891,-0.20647,-1.6984,-1.1196,-0.69823,-0.19703,0.27969,0.25877,0.029967,0.29533,0.41588,-0.46301,-0.34562,-0.023337,-0.74436,-0.14889,-0.10236,-0.24168,-0.86602,-0.49924,-0.43413,0.25047,0.2405,0.22701,0.89178,0.81805,1.7088,1.5087,1.486,1.8371,1.388,1.3136,2.046,1.513,1.9973,1.8614,1.0805,1.0191,0.6782,0.41048,1.1113,0.2889,0.52531,0.59654,0.3207,-0.049493,-0.51319,0.4432,0.62939,-0.14222,-0.3622,0.452,0.39266,-0.43199,1.0075,1.0016,0.38104,0.47239,0.72903,0.20334,0.15209,0.49696,0.82655,0.38539,-0.45899,0.22893,0.1259,-0.48883,-0.43281,-0.26483,0.94648,0.69069,0.32098,0.10758,0.43345,-0.15092,-0.42609,-1.4651,-1.5506,-1.8412,-1.8235,-1.6704,-2.1813,-1.4352,0.42055,1.6218,-0.21698,1.0482,0.81634,-0.66663,-1.9684,-1.6409,-1.5052,-1.3786,-1.3801,-0.87351,-0.24379,0.61437,0.49383,0.3387,0.28285,0.236,0.67334,0.19085,0.67938,0.68376,0.76803,-0.11513,-0.37711,-0.29948,-0.52357,-0.35593,-0.17684,0.11011,0.83213,0.3893,0.046873,-0.27487,-0.75546,-0.66652,-1.7503,-1.2378,-0.47009,-0.33932,-0.081389,-0.17447,0.23264,0.16186,0.055658,0.32185,-0.27625,-0.7985,-0.92615,-1.2118,-0.77926,-1.005,-0.69081,-1.1184,-0.9529,0.36683,0.017463,-0.35069,0.27087,0.41165,0.06104,0.31935,0.08205,-0.42633,-0.23901,0.59147,-0.53945,-0.27867,0.27396,0.68996,0.76114,1.0026,1.3516,1.5567,0.75503,1.6369,1.0702,1.7607,0.67986,0.11794,0.10007,-0.19174,-0.32104,-0.30996,-0.29669,-0.73335,-0.87624,-0.74775,-0.72391,-1.0019,-0.85973
0,0.060602,-0.064216,-0.025023,0.1126,0.00021722,0.012246,0.031137,-0.038706,-0.07389,0.020579,0.014087,-0.019181,-0.070002,-0.035997,0.0087494,-0.063879,-0.045068,-0.017814,-0.026288,-0.057203,0.093299,-0.38594,0.05806,0.020362,-0.0055639,-0.065487,0.074276,-0.032549,0.091425,-0.021493,-0.038014,0.0061281,0.08138,-0.045537,-0.0044637,-0.076566,0.0077213,0.12786,-0.050904,-0.060445,-0.047644,-0.074581,-0.046931,-0.12565,0.080819,0.016285,-0.023253,0.0094212,0.012391,0.034181,-0.07577,0.063177,-0.044054,0.11249,-0.052517,0.012934,-0.066098,0.020914,0.04412,-0.072557,0.062131,-0.014845,0.040685,-0.079441,0.069227,-0.13904,-0.07399,0.087353,0.0083735,0.064033,-0.028234,0.037001,-0.094499,0.029651,0.038894,0.063495,0.071848,0.044138,0.012128,0.07094,0.0064656,0.0049415,0.0082204,-0.059422,0.03083,0.040418,-0.000154,0.071194,-0.01048,0.072745,0.015082,0.0072457,0.045875,0.034538,0.031765,0.092778,0.062026,0.089817,0.014949,0.0024149,-0.01492,0.026863,0.12901,0.035746,-0.019808,0.11453,0.037709,-0.014448,-0.13545,-0.046946,0.020147,-0.0068735,-0.082657,-0.051223,0.00095637,-0.093264,0.18869,0.049256,0.017855,-0.022381,0.067964,0.014983,-0.060609,-0.0019511,0.093259,0.047095,0.050099,-0.022264,0.014069,-0.011536,-0.016654,0.042706,0.023217,0.0032157,0.02147,0.031698,0.041528,-0.041127,0.019572,0.024103,-0.037416,0.00022706,-0.015367,0.022732,-0.02482,-0.029028,0.0014421,0.03924,-0.00013086,0.027845,-0.011906,-0.011281,-0.0428,0.0044517,0.0057796,-0.037294,0.031948,-0.034587,0.033185,-0.0046521,-0.026121,0.0037252,-0.020101,0.048681,-0.011467,-0.016855,-0.036108,0.00084189,0.086015,-0.050032,-0.033729,-0.018936,0.041359,-0.0059397,-0.0048456,-0.046699,0.0092048,-0.059681,0.0044613,-0.0041091,-0.024583,0.0206,-0.053454,-0.063504,-0.080682,-0.0049051,0.012187,-0.0099212,-0.01314,-0.0082694,-0.062568,-0.029647,0.038745,-0.029446,0.02132,-0.047529,-0.026537
0,-1.1105,1.1767,0.45853,-2.0633,-0.0039804,-0.2244,-0.57058,0.70928,1.354,-0.3771,-0.25815,0.35149,1.2828,0.65964,-0.16033,1.1706,0.82586,0.32644,0.48172,1.0482,-1.7097,7.0722,-1.0639,-0.37313,0.10196,1.2,-1.3611,0.59646,-1.6753,0.39385,0.6966,-0.1123,-1.4913,0.83446,0.081795,1.403,-0.14149,-2.343,0.9328,1.1076,0.87305,1.3667,0.85999,2.3026,-1.481,-0.29843,0.4261,-0.17264,-0.22707,-0.62635,1.3885,-1.1577,0.80728,-2.0614,0.96235,-0.23701,1.2112,-0.38324,-0.80849,1.3296,-1.1385,0.27203,-0.74553,1.4557,-1.2686,2.5478,1.3558,-1.6007,-0.15344,-1.1734,0.51739,-0.67804,1.7317,-0.54334,-0.71272,-1.1635,-1.3166,-0.80881,-0.22225,-1.3,-0.11848,-0.090551,-0.15064,1.0889,-0.56494,-0.74065,0.0028221,-1.3046,0.19204,-1.333,-0.27638,-0.13277,-0.84064,-0.63289,-0.58209,-1.7001,-1.1366,-1.6459,-0.27394,-0.044253,0.27341,-0.49226,-2.3641,-0.65503,0.36298,-2.0987,-0.69101,0.26476,2.482,0.86027,-0.36918,0.12595,1.5147,0.93865,-0.017525,1.709,-3.4576,-0.9026,-0.32718,0.41012,-1.2454,-0.27455,1.1106,0.035753,-1.709,-0.863,-0.91806,0.40798,-0.25781,0.2114,0.30519,-0.78258,-0.42545,-0.058926,-0.39344,-0.58086,-0.76098,0.75365,-0.35864,-0.44168,0.68563,-0.0041607,0.28159,-0.41656,0.45482,0.53194,-0.026426,-0.71907,0.0023979,-0.51026,0.21818,0.20672,0.7843,-0.081576,-0.10591,0.6834,-0.58544,0.6338,-0.60811,0.085248,0.47866,-0.068264,0.36835,-0.89206,0.21013,0.30886,0.66167,-0.015427,-1.5762,0.91682,0.61807,0.347,-0.75788,0.10884,0.088795,0.85575,-0.16868,1.0936,-0.081752,0.075297,0.45047,-0.37748,0.97953,1.1637,1.4785,0.089884,-0.22332,0.1818,0.24079,0.15153,1.1465,0.54328,-0.71,0.53959,-0.39069,0.87096,0.48628
0,0.060602,-1.0813,0.92037,0.52521,-2.0026,0.13003,-0.27329,-0.55142,0.50419,1.4849,-0.27371,-0.23123,0.41641,1.2618,0.47235,-0.14972,1.1585,0.71051,0.3769,0.51912,1.0531,-1.9325,6.9252,-1.0084,-0.36907,0.13615,1.1507,-1.637,0.75715,-1.5819,0.43534,0.58226,0.14144,-1.4457,0.71279,0.24953,1.2768,-0.064823,-2.3843,1.0092,1.0424,0.8565,1.2778,0.86995,2.2776,-1.4176,-0.32588,0.35141,-0.16802,-0.24341,-0.6793,1.4587,-1.0815,0.72077,-1.9217,1.0142,-0.32535,1.2194,-0.37604,-0.79783,1.4748,-1.1745,0.24172,-0.71052,1.3213,-1.2373,2.41,1.338,-1.6358,-0.27526,-1.0328,0.44746,-0.63808,1.6987,-0.52362,-0.82925,-1.111,-1.3265,-0.85553,-0.30535,-1.2288,-0.12659,-0.15816,-0.15551,1.0657,-0.54899,-0.95346,-0.021004,-1.34,0.15518,-1.4019,-0.31932,-0.25108,-0.95686,-0.59446,-0.60122,-1.7336,-1.2099,-1.8503,-0.24965,-0.12457,0.46558,-0.77902,-2.3371,-0.69236,0.27517,-1.8686,-0.75838,0.34269,2.3573,0.69545,-0.43782,0.097327,1.3271,0.75719,-0.12735,1.5346,-3.4059,-0.79928,-0.22955,0.50973,-1.127,-0.30967,1.0996,-0.14368,-1.608,-0.64159,-0.82449,0.51267,-0.26199,0.21207,0.47461,-0.59171,-0.52637,-0.11253,-0.37871,-0.53378,-0.71974,0.80716,-0.41488,-0.53437,0.89892,0.089708,0.33142,-0.40273,0.60111,0.40509,0.034021,-0.65609,0.075829,-0.33394,0.21369,0.30323,0.8252,-0.024127,-0.023902,0.7572,-0.75574,0.82076,-0.67825,0.035778,0.34048,-0.049768,0.38681,-0.83019,0.2733,0.48662,0.66168,-0.17451,-1.5077,0.86456,0.68488,0.28765,-0.69689,0.23396,0.16438,0.84613,-0.10077,1.1433,-0.077573,0.23591,0.45749,-0.57622,1.1545,1.2091,1.6892,-0.089795,-0.2223,0.26757,0.1766,0.33414,1.1067,0.51535,-0.78905,0.50723,-0.28564,0.87419
0,-0.0033071,0.05901,-1.1031,0.92158,0.53671,-1.8469,0.15549,-0.26643,-0.67364,0.52602,1.4866,-0.23603,-0.25557,0.43622,1.1805,0.48506,-0.12882,1.2471,0.7093,0.35272,0.5371,0.97979,-1.9194,6.9112,-1.0366,-0.39761,0.23017,1.1478,-1.6422,0.6978,-1.5774,0.43631,0.57706,0.15615,-1.4789,0.65366,0.27092,1.2905,-0.060746,-2.383,0.9992,1.0786,0.8491,1.3067,0.94532,2.2691,-1.4277,-0.25834,0.37326,-0.18649,-0.30435,-0.65334,1.4478,-1.0232,0.70413,-1.9138,1.0489,-0.34147,1.2262,-0.39146,-0.81131,1.4718,-1.0627,0.21363,-0.69675,1.2453,-1.2007,2.4262,1.4009,-1.6645,-0.30952,-1.0366,0.43524,-0.60466,1.7414,-0.49034,-0.82215,-1.1359,-1.2965,-0.85372,-0.35273,-1.2275,-0.12689,-0.12141,-0.12548,1.0768,-0.64753,-0.93397,-0.013393,-1.2571,0.16281,-1.4062,-0.28044,-0.23442,-0.96573,-0.59892,-0.61032,-1.7374,-1.2809,-1.863,-0.2397,-0.12631,0.5034,-0.74427,-2.2954,-0.74348,0.29738,-1.8582,-0.73918,0.33985,2.3175,0.68229,-0.44924,0.086436,1.2789,0.74613,-0.17491,1.5027,-3.4158,-0.75169,-0.24492,0.49317,-1.2059,-0.28382,1.0857,-0.09614,-1.6322,-0.66389,-0.81552,0.5138,-0.25069,0.16557,0.44608,-0.53003,-0.69447,-0.085911,-0.3806,-0.50475,-0.7409,0.80212,-0.46105,-0.55872,0.89927,0.16603,0.32277,-0.39617,0.58345,0.40541,0.037211,-0.65112,0.046083,-0.30534,0.14473,0.32328,0.78818,-0.11552,-0.03014,0.76029,-0.71811,0.81022,-0.69876,0.038453,0.36467,-0.056321,0.41779,-0.84015,0.242,0.53918,0.70496,-0.19884,-1.6331,0.8647,0.69931,0.37981,-0.72454,0.24422,0.23132,0.82631,-0.10456,1.1339,-0.078746,0.26283,0.44991,-0.58836,1.1716,1.2166,1.7034,-0.088167,-0.2284,0.27417,0.16365,0.33419,1.1007,0.49709,-0.72197,0.46229,-0.27366
0,0.00018047,-0.0032203,-0.11219,-1.1006,0.9244,0.62966,-1.8435,0.15687,-0.32493,-0.66614,0.52902,1.5041,-0.23948,-0.25351,0.39006,1.1831,0.48782,-0.098803,1.2481,0.70636,0.33722,0.51719,0.97757,-1.9242,6.9063,-1.0398,-0.35816,0.2219,1.1516,-1.6574,0.69963,-1.58,0.44178,0.58102,0.14772,-1.5008,0.6548,0.2746,1.2953,-0.058373,-2.3861,1.0235,1.075,0.85381,1.347,0.94582,2.2672,-1.4047,-0.25412,0.37029,-0.21145,-0.29726,-0.65299,1.4563,-1.0221,0.70663,-1.9004,1.0459,-0.34049,1.2226,-0.38993,-0.81293,1.5059,-1.067,0.21191,-0.72293,1.2484,-1.1988,2.4424,1.3923,-1.6657,-0.31337,-1.0376,0.43915,-0.58062,1.7442,-0.48789,-0.83476,-1.132,-1.2985,-0.86805,-0.35243,-1.2296,-0.099909,-0.11673,-0.12329,1.0278,-0.64479,-0.93383,0.016886,-1.2576,0.16134,-1.3966,-0.28053,-0.23486,-0.97469,-0.60151,-0.61278,-1.7899,-1.2823,-1.8643,-0.227,-0.12728,0.50924,-0.75476,-2.3072,-0.73373,0.28574,-1.853,-0.74335,0.31219,2.3131,0.67969,-0.45674,0.073013,1.2744,0.71954,-0.17945,1.5042,-3.3838,-0.75147,-0.24401,0.46525,-1.2012,-0.2905,1.1126,-0.094546,-1.6331,-0.65456,-0.81522,0.51451,-0.26067,0.16576,0.45247,-0.60279,-0.68936,-0.084956,-0.36452,-0.50708,-0.74333,0.77632,-0.45961,-0.55603,0.94138,0.16504,0.3275,-0.41053,0.58502,0.40772,0.046051,-0.65192,0.050048,-0.32692,0.14952,0.31949,0.75547,-0.115,-0.033798,0.77278,-0.7221,0.80587,-0.70481,0.043599,0.36415,-0.037037,0.41778,-0.83976,0.25979,0.54302,0.703,-0.25231,-1.6305,0.86519,0.7412,0.37795,-0.7209,0.27117,0.22985,0.82684,-0.10757,1.1382,-0.074449,0.26028,0.45259,-0.58504,1.1881,1.2145,1.7037,-0.083885,-0.22888,0.27697,0.16373,0.33239,1.0957,0.50975,-0.7274,0.46441
0,0.11702,-0.23965,0.20878,0.44953,-0.048945,-0.32626,0.11036,-0.1681,0.10241,0.06047,0.17898,0.20204,-0.20189,0.029627,0.0024998,-0.16724,0.10703,-0.20409,0.066403,-0.41496,-0.038024,-0.58767,-0.34674,-0.19399,-0.10893,-0.23923,-0.10144,-0.54505,0.0065211,-0.10487,-0.16752,0.039343,-0.089351,0.1963,-0.30533,-0.44543,0.31324,-0.29093,-0.34322,0.1207,-0.074705,-0.33769,-0.10029,0.036692,-0.098566,0.11217,0.039076,0.10791,0.026084,-0.11826,-0.2662,0.22425,0.0081427,-0.048029,0.048289,0.094184,0.0056199,-0.14759,-0.20919,0.035514,0.08139,-0.1094,0.14935,0.19634,0.18527,0.18523,0.2411,0.07281,-0.19072,-0.12978,0.14661,-0.0096665,0.16798,0.12555,0.17079,0.010796,-0.10164,-0.099177,-0.081204,0.032244,0.42526,0.26282,-0.013325,-0.081928,0.0059447,-0.02948,0.073748,-0.10895,-0.016284,-0.25869,-0.27779,0.010063,-0.16572,-0.17127,-0.2798,-0.33191,-0.1883,-0.040069,-0.32987,-0.17596,-0.6682,-0.74207,-0.54827,-0.25132,0.15383,-0.095198,0.028106,-0.083401,-0.62257,-0.74897,-0.77429,-0.7177,-0.60886,-0.65514,-0.35569,-0.43728,-0.46932,-0.6675,-0.21597,-0.29005,0.045877,-0.115,-0.2282,0.11132,0.4941,0.014213,-0.028154,-0.28045,-0.2479,0.14693,-0.50566,0.22249,0.15491,0.20159,-0.17829,-0.063581,-0.047468,0.061667,0.10238,-0.045721,0.19219,0.32959,0.24422,0.26808,0.40212,0.069526,0.20237,-0.015045,0.14572,0.2352,0.085383,0.15476,0.27524,0.1793,0.19208,-0.05706,-0.084469,0.38448,0.49491,0.16494,0.24072,0.07438,0.31534,0.19223,0.019611,0.206,0.42014,0.20082,0.31018,-0.023762,-0.0014877,0.74589,0.19043,0.29892,-0.0065565,0.19992,0.37101,0.54316,0.20468,0.54554,0.45581,0.54303,0.061963,0.35919,0.04491,0.23385,0.39333,0.38464,0.22887,0.41514,0.28399,0.33628,0.40533,0.25848,0.13245,-0.038672,0.29872
0,0.34445,-0.70537,0.61452,1.3231,-0.14406,-0.9603,0.32485,-0.49479,0.30144,0.17799,0.5268,0.59469,-0.59424,0.087204,0.0073578,-0.49224,0.31503,-0.60072,0.19545,-1.2214,-0.11192,-1.7297,-1.0206,-0.57098,-0.32061,-0.70414,-0.29858,-1.6043,0.019194,-0.30866,-0.49308,0.1158,-0.26299,0.57778,-0.89871,-1.3111,0.92199,-0.85632,-1.0102,0.35527,-0.21988,-0.99395,-0.29518,0.108,-0.29012,0.33015,0.11501,0.31762,0.076776,-0.34809,-0.78354,0.66005,0.023967,-0.14137,0.14213,0.27722,0.016541,-0.43443,-0.61573,0.10453,0.23956,-0.32201,0.4396,0.57791,0.54532,0.54521,0.70966,0.21431,-0.56137,-0.38198,0.43153,-0.028452,0.49443,0.36953,0.50271,0.031777,-0.29916,-0.29192,-0.23901,0.094908,1.2517,0.77357,-0.03922,-0.24115,0.017498,-0.086772,0.21707,-0.32069,-0.047931,-0.76144,-0.81766,0.02962,-0.48777,-0.50412,-0.82355,-0.97694,-0.55423,-0.11794,-0.97095,-0.51792,-1.9668,-2.1842,-1.6138,-0.73973,0.45279,-0.28021,0.082726,-0.24548,-1.8325,-2.2045,-2.279,-2.1125,-1.7921,-1.9283,-1.0469,-1.2871,-1.3814,-1.9647,-0.63567,-0.85372,0.13503,-0.33849,-0.67168,0.32767,1.4543,0.041834,-0.082867,-0.82546,-0.72966,0.43246,-1.4883,0.65488,0.45595,0.59337,-0.52479,-0.18714,-0.13972,0.18151,0.30133,-0.13457,0.5657,0.97011,0.71882,0.78907,1.1836,0.20464,0.59566,-0.044282,0.42892,0.69228,0.25132,0.45553,0.81015,0.52776,0.56538,-0.16795,-0.24862,1.1317,1.4567,0.48548,0.70853,0.21893,0.92816,0.56582,0.057723,0.60635,1.2366,0.59108,0.91298,-0.069941,-0.0043789,2.1954,0.5605,0.87984,-0.019298,0.58844,1.092,1.5987,0.60244,1.6057,1.3416,1.5984,0.18238,1.0572,0.13219,0.68831,1.1577,1.1321,0.67367,1.2219,0.83589,0.98981,1.193,0.76079,0.38985,-0.11383,0.87925
0,0.11702,0.16959,-0.65622,0.77051,1.1761,-0.39605,-0.85756,0.26382,-0.40006,0.44192,0.21117,0.52154,0.3051,-0.60576,0.067735,0.1103,-0.34749,0.18001,-0.52319,-0.076173,-0.95133,-0.58288,-1.7797,-1.034,-0.54192,-0.41788,-0.68538,-0.54735,-1.4426,-0.068217,-0.27257,-0.40887,0.15713,-0.13928,0.27344,-0.98417,-0.96682,0.87891,-0.95607,-0.88872,0.25129,-0.43766,-0.98411,-0.10568,-0.04534,-0.24613,0.39026,0.21288,0.38679,0.031579,-0.62389,-0.55843,0.57854,0.096356,-0.018252,0.20341,0.23122,-0.17791,-0.49516,-0.58641,0.16241,0.12088,-0.085312,0.38274,0.56898,0.51524,0.6078,0.71477,0.22509,-0.6862,-0.47927,0.38464,0.044971,0.48118,0.37474,0.55349,0.0562,-0.32525,-0.3409,-0.22943,0.24069,1.3305,0.62382,-0.16957,-0.23539,0.057123,-0.066241,0.21601,-0.31918,-0.17273,-0.83634,-0.73444,-0.050482,-0.54148,-0.60994,-0.96062,-1.0023,-0.50868,-0.12719,-0.8786,-0.75183,-2.1891,-2.2096,-1.5572,-0.30752,0.23892,-0.071107,0.19972,-0.28621,-1.9721,-2.2917,-2.3521,-2.2561,-1.8214,-2.0356,-1.1182,-1.3784,-1.5829,-1.8921,-0.62291,-0.72872,0.12996,-0.54873,-0.52573,0.31152,1.51,0.11449,-0.19437,-0.85189,-0.63915,0.13295,-1.2175,0.77077,0.67373,0.47336,-0.54678,-0.17481,-0.23023,0.22674,0.20876,-0.088913,0.65781,1.0471,0.69892,0.89426,1.1479,0.3018,0.57157,0.0024727,0.43991,0.61856,0.3583,0.54749,0.90508,0.4607,0.39192,-0.25283,-0.089208,1.3796,1.3267,0.43251,0.7016,0.42407,0.87722,0.47974,0.11841,0.68017,1.3576,0.75645,0.78508,-0.1411,0.39034,2.1798,0.58388,0.71106,0.064787,0.66973,1.2619,1.4663,0.72449,1.6421,1.5518,1.4497,0.3215,0.97619,0.15466,0.77811,1.2216,1.0879,0.73624,1.1648,0.81418,1.0864,1.1035,0.84275,0.2622,0.15031
0,0.039758,0.057619,0.27202,-0.64638,0.78492,1.0205,-0.37677,-0.85016,0.31895,-0.36587,0.45419,0.17378,0.50193,0.32104,-0.52994,0.079685,0.12788,-0.39636,0.18311,-0.54053,0.012281,-1.0383,-0.58496,-1.773,-1.0599,-0.56499,-0.47068,-0.71416,-0.53712,-1.4341,-0.060229,-0.28385,-0.40332,0.17432,-0.1812,0.30992,-0.9799,-0.94568,0.84513,-0.94818,-0.90399,0.21883,-0.4536,-0.95676,-0.17164,-0.046823,-0.25891,0.39073,0.23315,0.36785,0.013882,-0.59427,-0.56052,0.62746,0.09428,-0.0059785,0.20144,0.21863,-0.17018,-0.51057,-0.58464,0.15677,0.13828,-0.10746,0.38224,0.56573,0.53481,0.62158,0.73619,0.18703,-0.70392,-0.47958,0.37674,0.073926,0.47387,0.39324,0.56549,0.054343,-0.30187,-0.34775,-0.22447,0.24053,1.3245,0.58255,-0.14419,-0.22326,0.090646,-0.050672,0.21969,-0.3469,-0.17195,-0.84538,-0.74885,-0.046301,-0.54528,-0.57518,-0.9723,-1.0139,-0.42351,-0.13728,-0.87556,-0.78894,-2.1831,-2.1737,-1.4408,-0.3622,0.28229,0.0096898,0.22556,-0.30081,-2.0104,-2.3103,-2.3648,-2.2454,-1.8836,-2.0568,-1.1419,-1.4009,-1.5824,-1.9292,-0.62796,-0.7324,0.084622,-0.52691,-0.5572,0.31149,1.5094,0.10345,-0.20642,-0.85196,-0.62627,0.13328,-1.2255,0.81804,0.73019,0.49975,-0.54394,-0.22057,-0.24485,0.21679,0.23515,-0.090592,0.66715,0.95768,0.69145,0.91576,1.1923,0.30841,0.58081,-0.029223,0.43081,0.64463,0.35641,0.56946,0.8759,0.5167,0.39416,-0.26834,-0.10983,1.3637,1.3023,0.46594,0.72423,0.42006,0.84006,0.47642,0.10587,0.6776,1.3803,0.74094,0.82712,-0.13731,0.39834,2.1282,0.57238,0.72803,0.060604,0.65682,1.2644,1.4763,0.73962,1.667,1.506,1.4551,0.34302,0.96494,0.14886,0.77916,1.2022,1.0869,0.74278,1.1727,0.8048,1.0613,1.154,0.8128,0.27188
0,0.013508,0.019576,0.29557,0.27433,-0.64251,0.69823,1.025,-0.37471,-0.80496,0.32704,-0.36285,0.42944,0.16932,0.50592,0.37352,-0.52701,0.084184,0.093258,-0.39577,0.17805,-0.51115,-0.0089554,-1.0391,-0.58252,-1.7787,-1.0655,-0.5989,-0.47806,-0.71116,-0.52504,-1.4323,-0.062452,-0.28797,-0.39917,0.16345,-0.1637,0.31179,-0.97532,-0.9606,0.84719,-0.95188,-0.91681,0.21524,-0.44649,-0.99118,-0.17152,-0.049472,-0.26338,0.39559,0.22871,0.36425,0.021462,-0.59502,-0.54558,0.6276,0.097267,-0.0055505,0.19801,0.22017,-0.1759,-0.50991,-0.58639,0.15016,0.13302,-0.10769,0.38886,0.57035,0.53812,0.62237,0.72719,0.18265,-0.70202,-0.48117,0.38362,0.071304,0.47797,0.39616,0.56462,0.059374,-0.30346,-0.34009,-0.22412,0.23866,1.3086,0.58819,-0.14106,-0.19166,0.094025,-0.04979,0.19548,-0.34687,-0.17364,-0.85596,-0.74802,-0.047576,-0.53091,-0.57795,-0.97493,-0.96887,-0.42546,-0.13751,-0.89674,-0.78794,-2.1743,-2.1311,-1.4538,-0.35115,0.31791,0.015206,0.22142,-0.32102,-2.0149,-2.3138,-2.3497,-2.2597,-1.8887,-2.0635,-1.1473,-1.4006,-1.6016,-1.9298,-0.62872,-0.74725,0.090087,-0.53429,-0.55976,0.31163,1.5064,0.094747,-0.20614,-0.85036,-0.62288,0.13197,-1.2136,0.86269,0.73611,0.5004,-0.57155,-0.22378,-0.24758,0.2349,0.23516,-0.088129,0.61657,0.95628,0.69636,0.94404,1.1937,0.31085,0.56414,-0.031376,0.43715,0.64976,0.36162,0.56241,0.9141,0.51683,0.39122,-0.29578,-0.11384,1.3577,1.3229,0.4716,0.72312,0.39827,0.83951,0.47365,0.097395,0.68309,1.3761,0.77575,0.82918,-0.13542,0.36168,2.1253,0.57669,0.72089,0.058159,0.65693,1.272,1.4801,0.74612,1.6527,1.5077,1.4597,0.33604,0.96376,0.1492,0.76944,1.202,1.0881,0.74962,1.1706,0.79853,1.0739,1.147,0.81583
0,0.014837,0.0060578,0.027191,0.0092064,0.026266,-0.014591,0.012819,-0.00088472,-0.013439,-0.0079105,0.016813,0.01376,0.0038386,0.020796,0.0099979,-0.028523,-0.008777,0.0046504,0.00079962,0.0058003,-0.00073186,-0.011856,-0.0051896,1.0783e-05,-0.026281,-0.019454,-0.012457,-0.011425,-0.012461,-0.0041635,-0.017287,-0.018168,-0.012216,0.007964,0.0056625,-0.0073612,-0.023167,-0.018335,-0.021639,0.0031421,0.0027876,0.0034434,-0.012643,-0.019812,0.00030934,0.0023035,-0.026011,-0.0081954,-0.00035594,-0.017343,0.029987,0.0024855,0.010966,0.0063176,-0.021772,-0.0015726,0.004239,0.023726,-0.0023882,-0.0010863,-0.0059848,0.012866,-0.0077585,0.016,0.012415,0.0061242,0.023176,0.006121,-0.0010306,-0.0028949,0.028076,-4.7777e-05,-0.0059846,0.032152,0.0088736,0.0010805,-0.012161,-0.0022138,0.023244,0.0046037,0.0017198,-0.0091866,0.019899,-0.0017975,0.026764,-0.0043612,-0.0052705,0.0011921,0.0016167,0.011277,-0.00017911,-0.016006,0.0026624,0.0025411,-0.0033094,0.025514,-0.0070983,-0.019514,-0.0039508,-0.036405,-0.0033212,-0.011044,-0.015528,0.0068,-0.017776,-0.0025497,-0.014716,-0.0016131,-0.029206,-0.027215,-0.038871,-0.043531,-0.0096081,-0.049925,-0.037249,-0.030788,-0.020602,-0.020992,-0.018897,-0.040008,-0.019262,-0.017355,0.0065382,0.0081007,0.025634,-0.034025,-0.022621,-0.0099335,-0.012502,0.003529,0.027055,-0.031812,-0.030994,-0.0016972,-0.0014582,0.027515,-0.0051643,0.023195,-0.010425,0.0037583,0.016143,0.001174,-0.0045382,0.0031531,0.0036433,0.0148,0.0036898,0.00027256,0.010286,0.0087997,0.0091148,0.0054905,-0.012691,0.00248,0.0054453,0.030163,0.018809,-0.0036006,-0.0015848,0.02021,0.013694,0.0056827,-0.0038102,0.017257,0.0087906,0.0040788,0.0028161,-0.017382,0.0029622,0.0088356,0.013713,-0.014168,0.0032243,0.018285,0.020641,0.016681,0.014015,-0.0088034,0.033818,0.019665,0.031984,0.010257,-0.0039468,0.0079533,0.0272,0.0092298,0.014611,0.0070357,0.011993,0.020501,0.029839,0.028623,0.0046266,0.017406,0.02363,0.00093733,-0.025071
0,0,0,0,0,0,0,0,0,0,0,0,0,-1.0124,0.96918,0.057151,-0.59035,0.49917,0.22417,-0.38793,0.29791,0.060445,0.2417,0.06901,-0.15682,-0.55956,0.46645,-0.26774,-0.028007,-0.16141,0.32277,-0.11145,-0.074842,0.22215,-0.26907,0.065479,0.48964,-1.0766,0.5225,0.33066,-0.44576,0.093648,-0.2456,0.10015,0.0083684,0.30267,-0.091016,0.14915,0.0085273,-0.27927,0.11539,0.023871,-0.20802,0.058492,0.31425,-0.637,0.5068,-0.12644,-0.024139,0.75533,-0.52798,0.054165,-0.21262,0.12312,-0.42854,0.56622,-0.073201,-0.2768,0.41752,-0.2571,-0.05397,0.1653,0.27686,-0.15217,0.1521,-0.24517,-0.19411,0.41803,0.06097,0.26091,-0.51259,0.19889,0.12127,0.19658,0.14391,-0.4883,0.26338,-0.17546,-0.23418,0.42747,-0.1594,0.065504,-0.07408,0.02233,0.28961,0.19355,-0.085869,-0.2236,0.29407,-0.064716,-0.1852,-0.055931,0.045304,-0.27263,-0.027345,0.3855,-0.33542,0.085039,-0.23997,-0.39078,-0.49796,-0.069621,-0.20142,-0.40574,-0.23901,0.18143,-0.27686,-0.41079,-0.085781,0.062624,-0.17632,-0.25848,0.054837,-0.13246,-0.68432,0.72819,0.34358,-0.41638,-0.003898,0.15436,-0.24683,0.0095059,0.25783,0.020136,-0.044587,-0.040497,-0.17186,0.26466,-0.12562,-0.28679,0.44093,-0.37476,0.24802,0.49456,-0.17796,-0.19301,0.30316,-0.36611,0.27548,-0.033719,-0.086482,0.17269,0.14176,0.34277,-0.18335,0.29361,-0.042744,-0.20042,-0.13608,0.25012,-0.04863,0.19725,0.0078792,0.12183,0.086922,-0.04509,-0.066526,0.5233,0.29022,-0.075307,-0.2749,-0.075854,-0.18631,0.07493,0.01042,0.03759,-0.31273,0.56692,-0.11533,0.31977,0.037273,-0.15207,-0.036191,-0.025169,-0.41254,0.30662,0.41762,-0.72579,0.78292,-0.017376,0.055061,0.39114,-0.032331,-0.32803,0.082864,-0.071961,-0.1388,0.035117
0,0.09753,0.080217,0.23564,-0.22707,-0.01479,0.27424,0.14644,-0.18482,0.19916,0.070877,0.024995,0.19192,0.47686,0.25858,0.098171,0.12893,0.48542,0.26316,-0.067918,-0.051031,0.64604,-0.37456,0.020579,-0.020454,-0.024389,-0.040812,0.059561,0.079266,-0.078715,-0.2166,0.0076778,0.074437,0.0022677,0.14811,-0.053353,-0.015595,0.20505,0.36893,-0.018509,-0.33978,-0.27493,-0.15162,0.045019,0.26677,0.049955,-0.41019,-0.28406,0.0033034,0.14497,-0.16238,-0.21451,-0.13043,0.025869,0.22609,-0.2223,-0.17349,0.051418,0.10908,0.17573,-0.27217,-0.35373,0.066008,0.11119,-0.025463,-0.17782,-0.23201,0.38268,0.38417,1.1628,-0.15734,-0.77039,-0.33023,0.19257,-0.12201,-0.15766,0.19382,0.019472,-0.024698,0.36291,0.18102,-0.58815,-0.51154,-0.16194,0.17775,-0.0076618,0.13281,0.18201,0.061508,0.14748,-0.0010708,-0.01716,-0.17201,0.16227,0.038663,0.38938,0.12602,0.072358,0.081649,0.17492,0.012463,0.39193,0.73632,0.5114,0.050311,0.57054,-0.4108,-1.0027,-0.035549,0.68661,0.62491,0.17794,0.18213,0.1303,0.62673,-0.20643,0.029192,-0.034831,-0.064896,-0.027841,-0.17944,-0.22083,-0.32642,-0.36371,-0.28067,-0.37911,-0.26001,-0.022698,-0.14341,-0.1065,0.0247,-0.035673,0.036141,-0.011295,0.077809,0.018567,0.13145,0.064876,-0.17986,0.045356,0.09799,0.045181,-0.11389,-0.010252,-0.18458,-0.017537,-0.043298,-0.046438,-0.025499,-0.34351,-0.10348,-0.18069,0.41329,0.21483,0.15077,-0.32252,-0.1966,-0.069168,0.27345,-0.3387,-0.29738,-0.12422,0.0042002,0.028856,0.019986,-0.087149,-0.13895,-0.059085,0.083019,0.10981,-0.18333,-0.23351,0.023346,-0.12309,-0.096332,-0.12895,-0.18079,-0.0060059,-0.091347,-0.3121,-0.37777,-0.53466,0.14096,-0.01554,-0.022596,0.10129,0.04462,0.0090199,-0.038216,-0.16182,0.11822,0.10418,-0.14048,-0.031421,-0.29862,0.031564,0.15112,0.018614
0,-0.1987,0.88824,-0.24792,-0.1491,0.3127,-1.3331,1.2098,0.0437,-0.39072,0.57085,-0.15618,-0.028886,0.53288,-0.26064,-0.21583,0.44125,-0.35494,-0.039563,0.14647,-0.076994,0.079379,-0.38948,0.23792,-0.20512,0.16933,-0.41576,0.16385,0.016829,-0.071867,0.41934,-0.4248,-0.10758,0.47362,-0.011402,-0.12675,0.4144,-0.25826,-0.18819,0.016036,0.054987,-0.11681,-0.073558,0.1464,-0.023096,-0.12112,-0.17564,0.14865,0.14527,0.28915,-0.058719,-0.34464,0.41176,0.19652,-0.10544,0.042618,0.12705,-0.056054,0.29154,-0.25366,0.081648,0.053231,0.043656,0.42796,-0.24631,-0.54125,-0.020832,0.58854,-0.28889,0.11671,-0.1604,-0.48425,0.19522,0.68234,-0.41832,-0.31449,0.6078,0.0080086,-0.14268,0.40407,0.13186,-1.1306,0.63072,-0.32837,0.015687,0.42158,-0.045212,-0.16529,-0.13791,0.30026,-0.040418,-0.30856,0.22157,0.34906,-0.062379,0.048524,-0.3946,0.27305,0.12254,0.13871,0.073984,0.040246,0.15189,0.25836,0.059617,-0.16133,0.35714,-0.2746,-0.12597,0.7082,0.20745,-0.2703,-0.061822,-0.45746,0.34978,-0.61733,0.014451,0.053756,-0.16362,0.17177,0.17677,-1.1843,0.32703,-0.051137,-0.26479,0.13162,0.017753,-0.11461,-0.034786,-0.30375,0.35886,-3.0791e-06,0.20994,-0.32467,0.50952,-0.57504,0.57499,-0.16438,0.27994,-0.34073,-0.23838,0.30541,0.0022899,-0.32362,-0.37372,0.18586,0.11342,0.15974,0.099212,0.039567,-0.17607,-0.2105,0.91151,-0.45804,-0.17586,0.046117,-0.45334,0.49502,-0.36163,0.60441,-0.43149,-0.41309,-0.28998,0.84796,-0.15644,-0.27392,0.19899,-0.41594,0.31907,0.26015,-0.22756,-0.07263,-0.029651,0.24432,-0.16156,-1.9689,1.605,0.10491,0.073421,0.13433,0.040083,-0.34298,0.23475,-0.49691,0.15174,0.33992,-0.41213,-0.092986,0.16876,0.1774,-0.46645,0.019184,0.26292,-0.39455,0.26756,-0.23523,-0.20507,0.23047
0,0.040068,-0.0078861,-0.008427,0.059485,0.014447,-0.01394,0.017826,0.050276,-0.020102,0.005207,0.040848,0.014101,-0.032937,0.0091512,0.036994,-0.1007,0.0087769,0.024975,-0.00033014,-0.022519,0.0088233,-0.28407,0.14769,0.053832,0.039694,0.04593,-0.0036273,-0.040739,0.068822,-0.011746,-0.028271,-0.042182,0.081212,0.0018967,-0.019962,0.021704,-0.0091387,0.046281,-0.095328,0.036707,0.022238,0.011608,0.0011434,-0.0099598,0.035597,0.072666,-0.02876,0.079636,-0.0099738,-0.020512,-0.0042893,0.09923,-0.03409,0.034984,0.0059929,0.011978,-0.055685,0.015851,-0.01239,-0.0018425,0.073808,-0.015586,0.020671,-0.00097154,0.029346,-0.088676,0.045243,0.07038,0.029288,-0.018948,-0.010094,0.017584,-0.094817,0.074842,-0.023484,-0.019136,0.011787,-0.024853,-0.016254,-0.047354,0.03968,-0.019019,0.0028447,0.0049484,0.017619,-0.0040531,-0.019938,0.020405,-0.06238,0.04945,-0.023664,-0.016109,-0.045934,-0.0286,-0.018871,0.013437,-0.0028611,0.030796,0.0089348,-0.01363,0.0047649,0.032675,-0.032743,-0.046075,0.01831,0.077986,0.052551,-0.015472,-0.15008,-0.0089285,0.038567,-0.070078,-0.025763,-0.056822,-0.00043793,-0.0297,0.092557,-0.05968,-0.031616,0.021625,-0.01392,0.0037252,-0.072449,-0.0079727,0.044895,0.0044098,-0.031704,0.021545,-0.040887,-0.038676,-0.01924,-0.010646,-0.0221,-0.03302,0.0093454,-0.0014346,0.0068071,-0.0056514,0.022394,0.0020854,-0.033797,-0.049319,0.016345,0.0044847,-0.0042805,-0.039841,0.011463,0.035315,0.011747,0.03918,-0.012699,-0.059807,0.010508,0.015959,-0.0316,0.011685,-0.05499,-0.0032029,0.047479,-0.017739,0.018818,-0.013747,-0.01083,0.0050867,0.044089,0.0013763,0.043975,-0.011805,0.020194,-0.03111,-0.011126,-0.016001,-0.017602,0.00070996,0.046959,-0.013892,0.024454,0.031264,-0.027894,0.058652,0.0046323,0.024762,-0.067006,0.082896,0.020118,0.021582,-0.05882,0.0035362,-0.00012777,0.0097545,0.018955,-0.033382,0.0060972,0.0092342,0.00033215,-0.025607,0.014292
0,-0.06854,-0.11712,-0.0632,0.090376,-0.27015,0.078313,-0.035008,-0.054977,0.15521,0.017244,-0.066279,-0.019664,-0.3047,0.10315,-0.017461,0.0166,0.16987,-0.070504,-0.007574,-0.15253,0.10466,-0.079753,0.032572,-0.065406,0.0509,0.10643,0.027565,-0.13359,0.14432,0.010071,0.065948,0.11445,0.05753,-0.03594,-0.15876,0.077783,0.10189,-0.012279,0.17322,-0.059093,-0.054338,-0.16363,0.13801,0.12859,-0.0051577,0.039309,0.19582,0.045965,-0.076919,0.099495,-0.29507,0.12619,-0.1308,0.039039,0.048257,0.083484,-0.051069,-0.21338,0.17891,-0.057052,0.052673,-0.19165,0.17617,-0.18372,0.097498,0.0071238,-0.16335,0.069298,-0.11347,-0.0010537,-0.090143,0.079925,0.069493,-0.1951,-0.0029736,-0.083377,0.14153,-0.00067112,-0.11769,-0.067415,0.15821,0.1065,-0.14798,0.074353,-0.28773,0.11585,0.014159,-0.12536,0.1024,-0.19198,-0.013398,0.13881,-0.1147,0.034509,-3.5567e-05,-0.26669,0.040009,0.17878,-0.13438,0.21407,-0.27851,-0.028094,-0.051246,-0.090393,0.29643,-0.14928,0.14661,-0.11714,-0.086951,-0.12367,0.062109,0.065757,-0.19017,0.14326,0.18978,-0.0012878,-0.083746,-0.065218,0.15099,0.12411,0.074343,0.043484,-0.14284,-0.11264,0.12763,0.27765,0.0014319,-0.062589,0.078991,-0.0073362,-0.39457,0.51602,0.12941,0.010472,-0.095822,-0.20887,0.12839,-0.16579,0.076645,0.00081663,-0.087958,0.13771,0.16784,0.0085614,0.029717,-0.081593,-0.0021913,0.0026352,-0.0061323,-0.0077077,-0.023535,0.05448,0.23883,-0.066019,0.080026,-0.26122,-0.12656,0.16327,0.14681,-0.16571,0.059303,-0.041691,0.1636,-0.10044,-0.046664,0.038773,0.20588,0.18921,0.015857,-0.17163,-0.086327,0.3374,-0.12834,0.0028814,-0.16437,-0.064369,0.13014,0.19577,-0.21259,0.12328,-0.18003,0.096455,-0.040152,-0.01781,-0.17216,0.17597,-0.15657,0.19933,-0.03919,0.0021792,-0.060549,-0.069089,0.022448,-0.083035,-0.13742,-0.027696,0.28388
0,0.122,-0.094495,0.63227,-0.36132,0.1962,0.1307,0.27414,-0.21167,0.4137,-0.24929,-0.052403,0.045177,-0.11199,-0.11603,-0.022197,-0.13318,0.19605,-0.18573,-0.22713,0.42297,-0.44328,0.95888,-0.52664,-0.053733,-0.452,-0.26344,0.45046,0.38635,-0.83803,0.26459,0.33305,0.088673,-0.80742,0.56085,-0.32848,0.078673,-0.1783,0.41466,-0.21314,0.2823,-0.31203,-0.15045,0.095613,0.51403,-0.46194,-0.055254,-0.19008,0.11293,0.4635,0.23995,-0.13849,-0.095401,0.31918,0.17186,-0.333,-0.064747,0.5667,-0.39784,0.7945,-0.61615,-0.37098,-0.015662,0.86274,-0.31541,-0.099243,0.27856,0.27931,-0.27134,-0.097257,0.15919,-0.1302,0.41313,-0.42031,0.32022,0.39907,0.37857,-0.4888,0.37752,0.20513,0.18646,-0.32972,0.6784,-0.30619,-0.014705,0.77484,-0.3298,0.056806,-0.10568,0.38646,-0.27062,0.35794,0.10114,0.59702,-0.41525,0.39132,0.55469,-0.34447,-0.3205,0.49754,-0.018544,0.303,-0.37942,0.41376,0.1833,-0.17131,-0.37655,0.21553,0.25508,0.70778,-1.2183,0.44939,0.17956,-0.64083,-0.31028,-0.093703,0.39355,-0.41146,0.50874,-0.50882,0.15703,-0.4294,0.085423,-0.030986,-0.38656,0.73788,0.37552,-0.2039,-0.43839,0.073729,0.62642,0.094576,0.086616,-0.93144,1.086,-0.77555,0.48153,-0.11706,-0.38563,-0.15735,0.33196,-0.54904,0.36176,-0.90686,0.10246,-0.10061,0.28661,0.13565,-0.56207,0.29016,-0.5726,0.15249,-0.052978,-0.53064,-0.4883,0.48914,-0.89738,0.48249,-0.34749,-0.34644,0.96382,-0.61862,0.43859,-0.23242,-0.14516,0.32614,-0.35184,-1.0259,0.51035,0.40083,-0.1223,0.034716,-0.30099,0.23442,0.37023,-0.93547,0.63056,-0.11994,-0.42087,0.49577,-0.59218,-0.2393,0.98365,-0.30888,-1.2207,0.84157,-0.7934,0.25914,0.010037,-0.32651,0.53487,-0.45072,0.036008,-0.0023675,-0.4009,0.36059,-0.10341,0.10081
0,-0.0088955,0.00071584,-0.00027296,0.021244,0.0049128,-0.01333,-0.0075635,-0.012152,0.0068268,-0.009182,0.00055787,-0.00014153,-0.020423,-0.007105,0.0065155,0.0044557,-0.0149,-0.008252,0.0022297,0.0065421,0.011012,0.020771,-0.0051395,0.018087,0.02098,0.0016269,0.020737,0.00064669,0.007037,0.032377,-0.012126,-0.0041107,-0.0011595,-0.0042128,0.016815,-0.01598,0.014397,-0.0018245,-0.0071626,-0.0050675,0.010281,0.0041503,0.009202,-0.00014895,0.0089387,-0.0069104,0.021587,-0.013757,-0.0055498,0.0033243,-0.03666,0.00092798,0.016219,-0.044503,0.022457,-0.0033211,-0.0011541,0.0133,-0.0093549,0.027459,0.002826,0.011686,-0.019559,-0.0034927,0.0051514,0.017933,-0.016574,-0.0083419,-0.091867,0.03544,0.039879,0.0075285,-0.0116,4.2745e-06,-0.0089541,-0.0017204,-0.022783,0.0011256,-0.006109,-0.0029598,0.0012259,0.0094087,-0.0083112,0.028853,-0.024303,0.029675,-0.010282,0.016313,-0.0080326,-0.01259,-0.0058782,0.0042729,-0.00043118,-0.033044,-0.0039426,-0.0090487,-0.028434,-0.022021,-0.014736,-0.036795,-0.026096,-0.027456,-0.040195,-0.033485,-0.1232,0.086083,0.034869,-0.036003,-0.038286,0.011625,-0.029293,-0.016101,-0.025147,-0.021017,0.042629,0.040116,0.01073,-0.010252,-0.0022803,0.0079316,0.030787,0.0079304,0.012546,0.0058771,0.04418,0.00028057,0.0097989,0.0062292,0.0012384,-0.024794,-0.0075708,0.012141,-0.020842,-0.026572,0.0033255,-0.037178,-0.0042929,0.01243,0.012503,0.012472,-0.00066768,0.026644,-0.0075887,0.011253,0.019147,0.0040849,-0.039542,0.030464,0.014252,0.012804,0.012817,-0.023872,-0.0040948,0.010991,0.024051,0.012123,-0.011828,0.0081913,0.015923,0.0052424,0.0050503,0.0052572,-0.020658,0.023284,0.012622,-0.0045344,0.010244,0.0037455,-0.026003,0.029397,0.018823,0.00083315,0.005186,0.017021,-0.0022052,0.0060039,0.01457,0.0086448,0.043383,0.0063472,0.0080236,0.0013984,-0.013326,-0.0050917,-0.0065042,-0.0091191,0.026529,0.016931,-0.0010184,0.0016491,-0.01226,-0.0030507,0.028269,-0.0010254,-0.033685,0.017659,-0.019121
0,-0.1911,-0.01198,-0.0020027,-0.1183,-0.04359,-0.01844,-0.098503,-0.060605,0.086338,-0.0033734,0.054723,0.031177,-0.045501,0.021135,-0.030582,0.13996,0.12528,0.058001,-0.29556,-0.33897,0.17406,0.64918,-0.04102,-0.02235,-0.46268,0.059049,0.013141,-0.0058419,-0.059737,0.0054065,0.14269,0.062071,-0.013886,0.020265,-0.0056109,0.021094,0.031203,0.020903,-0.0093122,-0.069863,-0.1117,0.0074264,-0.19887,-0.029765,0.2761,-0.067505,-0.11908,-0.0012779,0.011023,-0.027136,-0.00036559,-0.071095,-0.054595,-0.019665,0.036762,-0.032277,0.083129,0.0088946,0.075635,-0.7931,0.8139,0.04254,-0.05368,0.043412,-0.092715,0.056731,0.027574,-0.042292,0.16317,-0.10871,-0.10323,-0.10508,-0.22559,-0.073492,-0.02221,0.038242,0.024181,-0.034489,0.045541,0.0076664,-0.10364,-0.092848,-0.043971,0.015099,0.0072223,-0.041406,-0.028941,0.0090239,0.06286,0.030562,-0.017059,0.02753,-0.04319,0.068781,0.047498,-0.10999,-0.060643,-0.048211,-0.013276,0.13574,-1.105,0.66425,0.35027,0.22403,0.040512,-0.13022,-0.12736,0.15662,0.033294,0.29674,0.040134,-0.077785,-0.27801,0.48436,0.13077,0.15868,-0.096926,0.11322,-0.023143,-0.024591,0.047262,0.079633,0.024582,-0.13341,-0.17167,0.0092429,-0.0032882,-0.016525,0.066226,-0.0079239,-0.015898,-0.15026,-0.094745,-0.023937,0.064285,0.088413,0.033156,-0.033491,-0.062232,0.047987,0.13766,0.025092,0.079588,-0.15154,-0.1081,-0.071755,-0.018362,-0.041192,0.022998,-0.020367,0.11865,0.09559,-0.043797,-0.098119,-0.27605,-0.56068,1.5753,0.022804,-0.013297,0.02938,-0.056227,-0.0032928,0.063105,-0.048882,-0.0087979,0.13971,-0.0081616,0.029478,-0.093864,-0.046526,-0.018858,0.02978,-0.016853,-0.037307,0.027572,-0.016827,0.019138,-0.0084649,-0.099228,-0.077621,-0.024842,-0.0052394,0.13525,-0.040569,0.036624,-0.010174,-0.022527,-0.021895,0.0039449,-0.022796,0.040234,-0.027494,-0.081735,0.017356,-0.033169,0.026899,0.042978
0,0.0044389,0.069182,0.015851,-0.11633,0.12371,-0.15162,0.05801,-0.16366,0.12401,0.075949,0.032161,0.053321,0.010537,-0.060588,0.083537,0.12576,-0.087243,0.14424,0.099592,-0.14275,0.49339,-0.11769,-0.11431,-0.058853,-0.084779,0.050169,-0.011089,-0.070719,0.028936,-0.029993,0.022011,0.012427,0.10542,0.053381,-0.051477,0.24152,-0.041754,-0.010087,0.053274,0.016134,-0.095766,-0.19069,0.015333,0.14363,-0.10524,-0.10768,-0.11612,0.1196,0.11283,-0.22558,-0.083171,0.16809,0.020564,0.25075,-0.042068,0.017927,-0.042221,0.043082,0.13269,-0.16654,0.028842,0.065414,0.0063318,-0.054966,0.057469,0.066792,0.046081,-0.020122,0.18893,-0.095498,-0.046057,-0.09438,0.028824,-0.014444,-0.0912,0.090886,-0.041953,-0.013269,0.21249,-0.087067,-0.11913,-0.19149,-0.075674,0.066485,-0.067584,0.19922,-0.1889,0.1219,-0.089803,-0.018356,-0.016044,-0.14107,0.04319,-0.12184,0.076599,-0.012932,-0.07472,-0.094851,0.065524,-0.20779,-0.052506,-0.12357,-0.014457,-0.027583,0.16867,-0.1948,-0.012872,0.10457,0.17155,-0.3331,-0.11886,0.0073192,-0.18522,-0.11568,-0.10495,0.060424,-0.23246,-0.12997,0.079244,-0.14924,0.13577,-0.0087873,-0.11293,0.18023,-0.1636,0.077002,-0.13574,0.057935,0.033977,-0.2066,0.0045337,-0.012707,0.046027,0.15219,-0.19461,0.029182,0.083905,0.11623,-0.16287,0.047083,-0.063239,0.067145,0.14334,0.00277,0.12077,-0.041157,-0.088154,0.10838,-0.0243,-0.070703,0.066093,0.10461,-0.15729,0.27999,-0.11736,-0.14618,0.10251,0.041155,0.049904,-0.076486,0.055796,-0.081961,0.039867,0.04503,0.071268,-0.11734,-0.0047607,0.099644,0.018952,0.11247,-0.066767,0.087304,-0.024846,0.083107,0.012893,-0.010824,0.11342,-0.087895,0.079848,-0.0065163,0.097189,0.069531,0.0174,-0.033863,0.096165,0.041866,0.016429,0.10697,-0.074553,0.072638,0.053024,-0.030965,0.12796,-0.1203,0.066025,-0.045777,0.0081382
0,-0.055069,-0.21436,-0.040343,0.17599,0.04644,-0.24976,0.024636,-0.039673,-0.25553,0.16777,0.11291,-0.089397,-0.18042,0.47338,-0.39517,0.26929,0.30067,-0.11763,-0.12667,0.0038534,0.086809,-0.24846,-0.088406,0.23318,-0.44302,-0.32718,0.23636,-0.36246,0.043353,-0.11212,0.20349,-0.21846,0.05726,0.17927,-0.58608,-0.16852,0.31293,0.21727,-0.41618,0.040916,-0.0079877,-0.042805,-0.12894,0.32757,-0.25458,-0.00083642,0.11161,-0.27195,0.17857,-0.12443,-0.20432,0.17777,0.077866,-0.33843,0.36938,-0.14061,0.1818,-0.13273,-0.1185,0.26415,0.022263,0.0089914,0.52055,-0.40126,0.13893,-0.079095,0.11087,0.034756,-0.28632,-0.18233,0.23792,-0.020768,-0.027268,0.3107,0.017992,0.19135,-0.11407,0.17435,0.029941,-0.10472,0.043585,0.18713,-0.025175,-0.056904,0.24677,0.23793,-0.37409,0.30499,0.051918,0.02286,-0.022433,0.072476,0.065838,0.016558,0.0037261,0.20165,-0.29828,-0.30531,0.39255,-0.45645,0.061136,0.058754,-0.34599,0.098984,0.0079803,-0.49814,0.5701,-0.12759,0.31795,0.2906,-0.46334,-0.13803,0.081981,-0.24018,-0.753,0.25538,-0.53138,-0.0202,-0.08865,-0.2433,0.31294,-0.30065,0.029879,0.20819,-0.16545,-0.26256,0.31417,-0.21432,0.15773,0.092986,0.21587,-0.14347,-0.30285,0.47154,-0.092203,0.20947,-0.16836,0.0031619,0.061288,0.1431,0.018884,-0.011095,0.069007,-0.13114,0.11606,0.45609,-0.50522,0.35292,0.01169,0.0040542,0.09002,0.11353,0.09198,0.19349,-0.40336,0.34375,-0.016094,0.016068,0.43811,-0.33654,-0.19196,0.33715,-0.067722,0.06139,-0.076659,0.0685,0.19567,0.15551,-0.21479,0.053563,-0.035366,-0.050366,0.18843,0.14108,0.12875,0.01045,-0.041896,-0.10474,0.18224,-0.32072,0.10832,0.42386,-0.7467,0.38784,0.16955,-0.11101,0.2023,-0.21148,0.079337,0.032307,0.042258,-0.13138,0.089151,-0.3063,0.60283,-0.16616,0.060215
0,-0.097762,0.044757,0.29154,0.0027675,-0.042809,-0.37354,-0.32699,0.5402,0.030546,0.070172,0.103,-0.2582,-0.043043,-0.035154,0.48001,0.32089,0.10172,0.22808,-0.097593,-0.15439,-0.0011275,-0.34512,0.1046,0.24528,0.18653,-0.057865,-0.43483,0.19331,-0.10738,-0.22853,-0.11041,-0.2732,-0.10561,0.14151,0.070279,0.14772,0.15071,0.013353,-0.3435,0.2027,0.12152,0.18617,0.10949,0.03667,0.28427,0.29735,-0.13907,0.49561,-0.31814,-0.083862,0.28476,0.16895,-0.061389,0.34809,0.35978,0.13429,-0.22063,-0.051494,0.13836,0.13959,0.18877,0.30704,0.090812,-0.031523,0.36128,-0.035135,0.074671,0.27727,0.31306,0.243,0.13005,0.19141,-0.084782,0.18949,-0.041561,-0.24915,-0.22047,-0.19117,-0.32393,-0.21782,-0.18157,-0.23502,-0.063945,0.033911,0.077566,-0.015855,0.039581,0.11284,0.11703,0.067176,-0.18797,0.03577,-0.02735,-0.14252,-0.4995,-0.28787,-0.073824,-0.18035,0.081798,-0.092431,-0.098767,-0.33526,0.069711,-0.20277,0.012179,0.36082,0.0073601,-0.42264,-0.70439,-0.020662,0.021772,-0.69754,-0.44598,-0.32056,-0.064996,-0.56464,-0.065239,-0.47235,-0.45399,-0.51246,-0.65994,-0.21447,-0.028745,0.19158,-0.055077,0.043196,-0.71629,-0.083207,0.085022,-0.26238,-0.13858,-0.40685,-1.0279,-0.0012381,0.18637,-0.065856,0.20778,0.53589,-0.18493,0.36189,-0.05282,-0.16845,0.030112,0.23292,0.10272,-0.079608,0.014167,0.18405,0.40499,0.35085,-0.10537,-0.071323,-0.034222,0.1922,-0.1118,-0.13334,-0.24172,0.21622,-0.074457,0.31509,0.066331,0.23193,0.36621,0.15176,0.15338,0.26464,0.14612,0.2722,0.38284,0.12446,-0.068879,-0.017858,-0.063955,-0.21568,-0.047246,-0.048425,0.11065,0.43527,-0.012865,0.38115,0.10091,0.13525,0.20788,0.57532,0.31165,0.065871,0.026391,0.16226,0.030378,-0.037493,-0.20195,0.16791,-0.010412,0.27185,0.39594,-0.58627,-0.16387
0,0.049287,0.32028,-0.29284,-0.44989,0.041508,0.16798,0.003121,0.035807,0.084305,-0.045141,0.01061,-0.046959,0.047059,0.09135,-0.19779,0.012946,0.2318,0.16331,-0.058191,0.14771,0.57866,-0.59627,-0.094656,0.0088163,0.0095572,-0.086501,0.3062,0.15492,-0.015394,-0.27505,0.036437,0.013884,0.22429,0.12202,-0.40543,0.16407,0.42085,0.45373,0.15461,-0.64334,-0.13063,0.14489,-0.050807,-0.051996,-0.37418,-0.16732,-0.10759,0.046,0.26131,-0.22389,-0.1754,-0.14841,0.067278,-0.072456,-0.13846,0.37518,-0.034967,0.074754,-0.3475,-0.62564,-0.01971,-0.058791,0.52912,-0.0010317,-0.19837,0.19988,0.20552,0.29747,0.43527,-0.21113,-0.72479,-0.25705,-0.051736,-0.27043,-0.26776,0.41227,0.37927,-0.16736,0.16271,-0.036098,-0.54451,-0.60238,0.066583,-0.0057955,-0.42288,-0.068482,0.18285,0.29982,0.10075,0.25188,0.3393,-0.16685,-0.0094409,0.28151,0.57155,-0.078678,0.27788,0.058193,0.93315,0.8123,0.80029,0.64027,0.30798,-0.39566,-0.16228,-0.86172,-0.7306,0.10832,0.49042,0.63012,0.8786,0.71973,0.78199,0.73577,-0.20113,0.23207,-0.064492,-0.078684,0.13053,-0.029571,0.19554,-0.11664,-0.23681,0.14052,-0.49953,-0.45917,-0.088531,-0.080329,-0.17736,0.074846,0.3136,0.093287,0.19203,0.40227,0.37657,0.51415,-0.1264,-0.2243,-0.062435,-0.22867,-0.078364,-0.145,0.16363,-0.0683,-0.23748,-0.18808,0.26262,-0.088938,-0.33543,-0.49361,-0.23259,0.30196,0.08725,0.10374,-0.20025,-0.22734,0.046921,-0.022434,0.2062,-0.10358,-0.14634,-0.20613,0.046359,0.047999,-0.065914,-0.27785,-0.40627,-0.042096,0.12945,0.19217,-0.14021,-0.31226,-0.058254,0.051284,-0.20544,-0.20822,-0.24988,-0.4273,-0.547,-0.59029,-0.52315,0.024546,-0.13162,-0.066612,0.29894,-0.031204,-0.25112,-0.34388,-0.18242,0.015273,-0.010707,-0.17641,-0.24103,-0.089617,0.29832,0.032948,0.3885
0,0.553,-0.37385,0.52843,0.009704,0.18465,0.16579,0.18591,0.18197,0.16016,0.0086954,0.35861,-0.1642,0.53526,0.37259,0.020218,0.18481,-0.16885,0.7176,0.19925,0.0042725,0.20946,-0.00034537,0.71074,0.010124,-0.019241,0.15035,-0.36916,0.29954,-0.021929,-0.20293,-0.027091,0.48499,-0.19321,-0.18348,0.13922,-0.1966,-0.036276,-0.36936,-0.53555,-0.50517,0.15092,-0.37573,0.12519,-0.20004,-0.3798,-0.043756,-0.55279,-0.21115,0.11975,-0.057445,0.4362,0.11704,-0.065302,0.12974,-0.22133,-0.3746,0.44413,0.092512,0.10578,-0.052832,0.10714,0.096144,0.5959,-0.39219,-0.040122,-0.38429,-0.059488,-0.22139,-0.22596,0.5804,0.26468,-0.06977,0.075175,0.10651,0.56767,0.24283,0.40448,0.24458,0.092874,0.24073,0.10852,0.11037,-0.22482,-0.090817,0.24654,0.28793,-0.11668,-0.0325,-0.065301,-0.025076,0.051536,-0.0031822,0.12294,0.2568,0.32812,0.24215,0.37211,-0.27814,0.19368,-0.32813,0.028566,0.18024,0.27395,0.15563,0.023389,-0.34125,-0.17076,-0.44766,0.16619,0.18137,0.20808,0.17038,-0.22189,-0.23461,-0.30929,-0.20586,0.086877,0.30094,-0.31467,-0.22362,-0.91181,-0.39475,-0.48286,-0.49111,-0.34453,-0.19671,-0.29056,-0.33349,-0.24906,-0.37902,-0.081224,-0.27493,0.11788,0.054251,-0.22427,-0.15901,0.1059,0.22308,0.21344,0.38872,-0.16632,0.023167,0.026844,0.18756,0.11338,-0.26953,0.062069,0.06739,-0.059359,0.11778,-0.15018,-0.18757,0.033276,0.025322,-0.12919,0.030877,0.22096,0.017989,-0.29186,-0.46587,-0.21265,-0.05196,0.047298,0.086774,-0.084843,-0.1856,0.011865,0.032054,-0.073544,-0.17773,-0.058068,0.081819,0.13243,-0.11536,-0.16773,-0.25739,-0.08871,0.054604,-0.28553,-0.25295,0.064916,0.0060528,0.12865,0.26982,-0.15994,0.024359,-0.024703,-0.12836,0.11014,0.11418,0.064911,-0.013706,0.43184,0.39189,-0.29578,0.086553,0.12128
0,-0.13218,0.020935,-0.037652,0.10278,0.050973,0.12251,-0.097908,0.031273,-0.097325,-0.011644,-0.038847,0.064542,-0.23285,-0.048285,0.014038,-0.057036,0.10705,-0.15084,-0.19536,0.076286,0.76226,-0.71095,-0.1188,0.10518,0.13255,-0.051775,0.028173,-0.14983,0.017198,-0.0075695,-0.046743,-0.054529,-0.014403,0.04457,0.061113,0.079167,0.15063,0.027743,-0.004832,-0.00514,-0.015279,0.11601,-0.077975,0.063657,0.063345,0.030429,0.064484,0.033405,-0.08335,-0.02,-0.011949,-0.10562,0.026822,-0.07377,-0.0010771,0.089609,-0.031378,0.01522,0.002958,0.017038,-0.15726,-0.011866,-0.10922,0.047797,-0.13129,0.11155,0.0076776,0.066746,-0.083827,-0.12727,-0.10658,0.043777,0.011806,-0.0018656,-0.097363,-0.10534,-0.046732,-0.10024,0.037026,-0.058007,-0.058424,-0.033571,0.12907,-0.020856,-0.29047,-0.099876,0.10592,0.068495,0.060987,-0.0067912,-0.0024575,-0.028831,-0.14021,-0.10709,0.020457,-0.12327,-0.057453,0.027951,-0.096594,0.032406,-0.04947,-0.028885,0.018012,-0.041536,-0.094211,0.060784,-0.009478,0.024226,0.028631,-0.022491,-0.058755,-0.18571,0.018773,0.022283,0.14829,0.052282,-0.037415,-0.14282,0.10377,0.12305,0.076423,0.078243,0.037017,0.15809,0.050374,0.049601,0.10937,0.07523,0.13237,0.11465,0.066034,0.20453,0.033646,-0.022366,0.056624,-0.095522,-0.10076,0.0065113,-0.025857,-0.071524,0.085745,0.0062292,-0.021205,0.038789,-0.13646,0.024742,-0.044047,-0.03207,0.0058794,-0.010903,0.037302,0.11032,0.051218,-0.1288,0.042885,0.097798,-0.10552,0.048886,0.011108,0.076174,0.032452,-0.014815,0.060541,0.028845,0.050324,-0.039599,0.0032064,0.07552,0.0039896,0.092765,-0.035021,-0.038115,-0.012834,0.021137,0.021522,0.099944,0.021963,0.050816,0.074361,0.12381,0.052578,-0.0082016,-0.06754,-0.020062,0.0297,-0.00499,0.055545,0.042548,-0.060152,0.081527,-0.027518,0.060348,-0.17596,-0.050481,0.074463,-0.017744,-0.019943
0,0.17735,0.067199,0.20576,-0.34995,-0.12801,0.10007,0.16578,-0.25233,0.25428,0.058645,0.005552,0.1119,0.51057,0.19389,0.016718,0.2007,0.32548,0.28575,0.047222,-0.089447,-0.29029,0.45348,-0.045418,-0.14615,-0.1412,-0.0093753,0.14166,0.20602,-0.11808,-0.13023,0.042732,0.027099,0.04525,0.16354,-0.12392,-0.11163,0.090798,0.36991,0.13812,-0.22098,-0.31513,-0.15023,0.060967,0.24328,0.086072,-0.39554,-0.23778,0.00819,0.18957,-0.087337,-0.23955,-0.087172,0.031507,0.28477,-0.18582,-0.14973,-0.038847,0.075662,0.13543,-0.22186,-0.2462,0.012629,0.13217,0.029604,-0.021111,-0.24771,0.32325,0.31476,1.1292,-0.14789,-0.63125,-0.35348,0.15934,-0.15088,-0.11737,0.24464,-0.0076712,0.02192,0.27885,0.14124,-0.47692,-0.47862,-0.22004,0.16674,0.25074,0.17682,0.10616,-0.0091181,0.086734,0.02012,-0.023605,-0.11635,0.2544,0.10329,0.25713,0.1886,0.052097,0.11745,0.22365,0.087247,0.38805,0.62815,0.36024,0.070325,0.64158,-0.32184,-0.81413,0.04792,0.51414,0.561,0.13512,0.28008,0.15005,0.60972,-0.28968,0.030017,-0.033629,0.031438,-0.088194,-0.1983,-0.063564,-0.24957,-0.28373,-0.3794,-0.31205,-0.17707,-0.083383,-0.13316,-0.18742,-0.043031,-0.10855,-0.084782,-0.068615,0.10671,-0.020847,0.24666,0.17386,-0.1709,0.015611,0.064855,0.018672,-0.13531,-0.035216,-0.22742,0.080255,0.0072367,0.01685,-0.051139,-0.22469,-0.066543,-0.15553,0.24732,0.12017,0.24919,-0.35936,-0.25238,-0.050328,0.18004,-0.17937,-0.28959,-0.014966,0.084199,-0.037344,-0.037104,-0.14673,-0.052877,-0.194,0.0082049,0.038247,-0.21611,-0.10822,-0.013554,0.025723,-0.021427,-0.1011,-0.21104,-0.082887,-0.16776,-0.39892,-0.4003,-0.5891,0.15544,0.076094,-0.11954,0.22009,0.10846,-0.022517,-0.086105,-0.18678,-0.0082338,0.1049,-0.18333,0.075406,-0.2975,7.5667e-05,0.13709,-0.0022795
0,-0.40821,0.41411,0.36201,-0.002358,0.29644,-0.14839,0.066361,0.022459,0.13473,-0.13805,-0.2747,0.38331,-0.75056,0.23883,-0.14554,0.050976,0.052107,0.16734,0.089692,-0.023918,-0.13044,0.90591,-0.75505,-0.32412,0.089665,-0.53422,0.36446,0.27515,-0.51165,-0.16718,0.21011,0.22682,-0.84316,0.081501,0.17101,-0.5349,0.49667,-0.59019,0.66707,-0.2284,-0.11433,-0.024834,0.091291,-0.15726,-0.14849,-0.30663,0.63909,-0.39533,0.20268,-0.1019,-0.29451,-0.1538,-0.26547,0.43456,-0.35056,0.28663,0.2752,-0.28304,0.030623,0.18248,-0.45521,0.23986,0.21296,-0.25084,0.15322,-0.15715,0.06404,-0.29394,-0.23983,0.40404,-0.20184,0.5052,-0.19681,0.30843,0.068056,0.5687,0.37701,0.12924,0.55877,0.080043,0.29919,0.3952,0.17268,-0.36817,-0.027257,0.07837,0.069099,0.55071,-0.07914,0.3144,0.2153,0.19973,0.25069,0.33063,-0.17468,0.17538,0.18354,0.20854,0.22152,-0.23805,0.11628,-1.0614,1.161,0.094319,0.11626,-0.23505,0.086046,0.019642,0.13659,-0.14043,0.0017277,-0.1493,-0.071767,-0.11489,0.0095775,0.15478,-0.43179,0.085908,-0.21133,-0.17557,0.011947,-0.12008,0.008818,0.31979,0.15518,-0.19342,-0.083823,0.078005,0.08088,0.10432,0.060968,-0.45357,0.31171,0.20006,-0.16699,-0.012701,-0.29784,-0.019016,0.03803,-0.20544,0.28833,-0.36615,-0.16975,-0.014164,-0.0054317,-0.007307,-0.34555,0.17762,-0.40168,-0.063879,-0.28073,0.073265,-0.36505,0.10867,-0.24692,0.033882,-0.019817,-0.10773,0.055392,-0.51883,0.02516,0.35287,-0.1802,0.091508,-0.34425,-0.056521,0.035024,0.15444,-0.17708,-0.03592,-0.12632,0.043352,0.32474,-0.045716,-0.20128,0.12651,-0.14715,-0.22739,0.23655,-0.056928,-0.10588,-0.34992,0.375,-0.47176,-0.30788,-0.38655,1.025,-0.19383,0.17864,-0.29765,-0.54508,0.47736,-0.090912,0.1782,0.36507,-0.1606,0.026371
0,-0.052092,-0.016074,-0.030769,0.036801,-0.02316,-0.055474,-0.03478,-0.062079,-0.00058758,-0.047847,-0.017497,-0.027331,-0.07115,-0.035415,-0.014985,-0.0050327,-0.048626,-0.037895,-0.0050951,0.0067471,0.01701,0.046681,-0.016738,0.033853,0.041013,-0.00026168,0.042263,0.0076505,0.0091532,0.081021,-0.020649,-0.0030847,0.0030864,-0.0033074,0.048434,-0.017493,0.038721,0.010211,0.002262,-0.0068406,0.045792,0.017636,0.029698,0.016935,0.029441,-0.0068479,0.055539,-0.016417,0.0021816,0.0078375,-0.068001,0.0070363,0.054762,-0.091719,0.063014,-0.0059429,0.011926,0.036163,-0.019776,0.08,0.0081232,0.020505,-0.046928,-0.011962,0.016328,0.040316,-0.048401,-0.018117,-0.23721,0.079658,0.091229,0.019687,-0.028372,-0.011312,-0.016526,-0.013806,-0.058011,-0.012022,-0.016623,-0.018391,-0.0091201,0.009196,-0.027301,0.050512,-0.06428,0.053893,-0.032164,0.026496,-0.026692,-0.047884,-0.014643,0.012988,0.00013891,-0.073637,-0.0036596,-0.013766,-0.055156,-0.037115,-0.014701,-0.080956,-0.040461,-0.05281,-0.098803,-0.075085,-0.28869,0.19688,0.099566,-0.076579,-0.060933,0.036403,-0.056956,-0.016959,-0.03388,-0.036813,0.096616,0.098338,0.030559,-0.0068761,0.012485,0.038651,0.097278,0.045542,0.052024,0.032958,0.12336,0.027886,0.05109,0.038353,0.022021,-0.037088,-0.0023627,0.043779,-0.033869,-0.049251,0.0072588,-0.076303,-0.0084972,0.028316,0.029712,0.027823,0.0006219,0.056343,-0.033619,0.021388,0.035321,-0.0082724,-0.10416,0.056195,0.026889,0.02381,0.012149,-0.063946,-0.011652,0.010109,0.05007,0.02471,-0.024673,0.016803,0.031703,0.013827,0.0072679,0.012908,-0.03403,0.053952,0.029832,-0.008461,0.039128,0.013702,-0.070694,0.076147,0.041667,-0.0027756,0.019604,0.030967,-0.016589,-9.8084e-05,0.021049,0.011861,0.090827,0.0020741,0.001834,-0.013429,-0.040098,-0.029656,-0.019417,-0.022056,0.052104,0.040148,-0.0055008,0.014086,-0.030943,0.0064626,0.073207,-1.1386e-05,-0.076118,0.059304,-0.045218
0,-0.14982,0.12967,-0.1201,0.062831,0.20189,0.21933,-0.12655,0.37959,-0.22645,0.26957,0.25961,-0.021644,0.15464,-0.19605,-0.21191,0.034826,-0.047998,-0.38036,-0.20636,0.036345,-0.19193,-0.3617,-0.69855,-0.38449,-0.22889,-0.39783,-0.62238,-0.43993,-0.13224,-0.075911,0.2361,-0.13657,0.19261,0.17384,-0.098093,0.38736,-0.21304,0.096824,-0.04793,0.33612,-0.26033,-0.3057,-0.38447,-0.34281,-0.19506,0.037506,-0.18866,-0.14361,-0.27168,0.11791,0.22111,0.028359,0.036698,0.35224,0.41801,0.30894,-0.13149,-0.10311,0.34561,0.0045198,0.22582,0.11125,0.07353,0.080821,-0.16189,-0.0081158,-0.43307,-0.19525,0.077952,0.0080344,0.31757,0.27874,0.17999,0.025274,0.26572,-0.031148,0.30619,0.26765,0.038977,0.076447,0.24642,0.22885,0.06742,-0.28676,0.043698,-0.063674,-0.27336,-0.02999,0.1781,-0.012925,-0.12939,0.086804,0.0050567,-0.12425,-0.11183,0.13263,0.30042,-0.018532,-0.23492,0.169,-0.099179,0.055905,-0.015348,0.31527,0.33415,-0.18516,0.1732,-0.2753,0.040525,-0.59245,-0.56284,-0.64587,-0.66085,-0.97945,-0.89647,-1.144,-0.85239,-0.11839,0.0015349,-0.23438,-0.32532,0.14731,0.13586,0.0038125,-0.42668,0.29887,0.27999,0.30848,0.53553,0.36102,0.19516,0.32118,0.096373,0.14137,0.2671,0.17558,0.37874,0.31058,-0.039135,0.12119,-0.29159,0.36012,0.17378,0.14344,0.02894,0.35748,0.011654,0.029536,0.2412,0.2361,0.37674,0.19608,0.18406,-0.040032,0.14828,0.071808,0.32757,-0.27771,-0.090381,0.12243,-0.18261,-0.20559,0.14033,0.058153,0.080763,0.28204,0.24848,0.16577,0.066504,0.13208,-0.071127,0.08496,-0.049,-0.10202,0.051251,0.16499,-0.065032,0.15129,0.08052,0.16981,0.24567,0.1787,-0.032188,0.21487,0.02014,0.33954,-0.18226,0.044201,0.23069,-0.16748,0.018673,0.11529,-0.11663,-0.081749,0.1901,-0.094168,-0.032007
0,0.016215,-0.029144,-0.058537,-0.018018,0.030681,-0.2286,-0.059755,-0.1198,0.056656,-0.014096,-0.013781,-0.0012452,0.090481,0.10233,0.081238,0.040614,-0.049636,0.066447,0.065047,0.00035813,0.41709,-0.23081,-0.0081511,0.081524,-0.097829,-0.1552,0.041007,-0.060862,-0.048518,-0.11911,0.049532,0.013786,0.098712,0.0081808,-0.035672,-0.12785,0.01675,0.18676,0.039474,0.15028,0.082549,-0.19589,-0.18784,-0.049845,0.028619,-0.052057,0.02986,-0.0036368,0.13354,0.063353,0.055488,0.14072,-0.098563,-0.30533,0.028652,-0.27794,0.031288,-0.04001,-0.047463,-0.075617,0.17951,-0.17448,0.15488,0.0026053,-0.058078,-0.12911,-0.084169,-0.19626,0.20057,0.15238,-0.34887,-0.12916,0.027768,0.010172,-0.080811,0.12745,0.16298,0.16982,0.080878,0.051516,-0.074661,-0.013987,0.085966,0.025006,0.14829,0.20713,0.084401,0.077384,-0.027676,0.085768,-0.021333,0.017091,0.010392,0.18846,0.11154,0.17464,0.35131,0.3502,0.6267,0.11984,0.046032,0.21586,0.52944,-0.36342,0.23273,-0.27565,-0.39033,-0.019254,0.79437,0.23576,0.10049,0.41434,0.2855,0.32256,-0.16864,0.08131,-0.15837,-0.21871,0.13471,0.19848,0.21638,-0.21039,0.08152,0.30167,0.042387,-0.36854,-0.13907,0.20109,0.11517,0.15276,0.48806,0.070698,0.32941,0.43856,0.25187,0.14045,0.036967,0.030121,-0.23695,0.1004,0.17799,-0.86936,-0.026142,-0.24768,-0.030465,0.06053,0.18259,0.12826,-0.15828,-0.58676,0.13864,0.30244,0.187,0.017942,-0.25105,-0.10686,0.069611,0.11849,-0.1039,-0.19576,-0.21629,-0.089815,-0.069368,-0.2793,0.046686,-0.31184,-0.029649,0.10047,0.1131,0.20288,0.18019,-0.52619,-0.044326,-0.26172,-0.053872,-0.21278,-0.17382,-0.38857,-0.37526,-0.27178,-0.44898,0.0020414,-0.066019,-0.29335,0.14375,-0.18522,-0.15433,-0.49235,-0.16565,-0.052226,-0.22623,-0.33768,-0.30725,-0.15221,0.037201,0.084239,0.39315
0,0,0,0,0,0,0,0,0,0,0,0,0,0,0,0,0,0,0,-0.090157,0.027741,-0.10418,-0.027306,-0.16849,-0.055007,-0.16055,0.024644,0.0071199,0.074865,0.020415,-0.17608,-0.18009,0.074701,-0.015104,-0.033352,-0.095221,-0.11212,-0.013072,-0.1185,0.082184,-0.18576,0.21473,0.27885,0.12495,-0.056505,0.0012933,0.18742,0.13808,0.042542,0.015342,0.16695,0.06449,0.16838,0.14092,0.011159,0.065554,-0.13288,0.14241,-0.036563,-0.073631,-0.024335,0.0026515,-0.070312,0.13512,-0.2615,-0.24651,0.054711,0.21228,0.16778,0.089331,0.037848,0.096164,0.1249,0.092781,0.097113,0.27298,0.024572,0.045588,0.2027,0.13346,-0.052216,0.19986,0.22716,0.23207,0.21885,-0.046876,0.26611,0.068287,-0.061657,0.027665,0.12274,0.26868,0.28965,0.047842,0.23425,0.21282,0.11648,0.21921,0.02904,-0.14933,0.11735,0.040535,-0.046855,0.024504,0.19976,-0.10238,0.046219,0.21357,0.11241,-0.065096,-0.12545,-0.13969,-0.04223,0.11878,-0.23882,0.020778,0.022245,0.099265,0.28845,0.1231,-0.19241,0.0035438,0.10906,0.045642,0.17104,-0.06449,0.075357,-0.087088,0.029543,0.024447,0.14714,-0.43745,-0.080176,-0.13499,-0.21878,-0.33777,0.071474,0.0024334,-0.14856,-0.25201,0.0842,-0.0079743,-0.21827,-0.034102,0.095651,-0.010956,0.06072,0.065914,-0.013868,0.17286,0.13648,0.11754,-0.093534,-0.19716,-0.10353,0.047262,-0.18271,-0.21376,0.085821,0.036293,0.013003,-0.10949,-0.11502,-0.14849,0.0094657,-0.18555,-0.14096,-0.092767,-0.052377,-0.068464,-0.057874,-0.18619,-0.20602,-0.030509,0.063214,0.034256,-0.028937,0.16249,-0.14696,-0.25815,-0.31931,-0.0077204,-0.08007,-0.10387,-0.18495,-0.12967,-0.19697,-0.048312,-0.28597,-0.21253,-0.16504,-0.13764,-0.019157,-0.32121,-0.28744,-0.1604,0.091182,-0.20394
0,0.16649,-0.22811,-0.086314,-0.061276,-0.13891,0.014425,0.00051324,-0.10806,-0.12865,0.055513,0.017542,-0.1754,0.20862,0.0235,0.062907,0.16076,-0.064744,0.057222,-0.053629,-0.11303,0.28675,-0.46499,0.15693,0.072434,-0.052986,0.011319,-0.0029347,-0.044534,0.13638,-0.084803,-0.12118,0.020708,0.18471,-0.055769,-0.043583,-0.083987,0.055905,0.11806,-0.051385,-0.19266,0.042968,-0.047699,-0.049062,-0.13597,0.15517,-0.027759,-0.15148,0.066799,-0.10784,-0.0065277,0.089738,-0.028271,-0.024248,0.099131,-0.10912,-0.022333,-0.14038,0.060996,-0.017818,-0.066852,0.02042,0.0025577,-0.079248,-0.11575,0.20125,-0.14996,-0.064899,0.14568,0.31577,-0.11513,-0.11958,-0.14271,0.15892,-0.13611,-0.039379,-0.069986,-0.05964,0.001053,-0.15826,0.11281,-0.2222,-0.2054,0.0030457,0.016087,-0.0011054,0.01545,0.11239,-0.12152,0.08685,0.0081027,-0.042432,-0.085863,0.04671,0.12537,-0.013924,-0.036952,0.066614,0.075711,-0.017844,0.019679,0.11396,0.17605,0.088724,-0.082028,0.26364,-0.10227,-0.20983,0.083,-0.064232,0.24607,0.036853,0.10615,0.1699,0.26372,-0.080759,-0.21426,0.29421,-0.032316,0.12932,-0.10452,0.079081,-0.076134,0.016947,0.068374,-0.18209,-0.086113,-0.018957,-0.073598,0.033431,-0.088573,-0.033527,0.022566,0.029204,0.067601,0.0097598,0.1171,0.07327,0.071938,-0.072208,0.09339,0.030447,-0.05128,0.19479,0.074175,-0.040883,-0.038977,0.18751,-0.044767,0.057053,0.034233,-0.048813,0.20673,0.022545,0.16182,-0.063974,0.04479,-0.077934,0.13905,-0.073717,0.072748,9.349e-05,-0.0053238,0.079839,0.023984,-0.093486,0.030119,-0.070052,0.025916,0.19184,-0.1266,-0.018558,0.027297,-0.0008007,-0.11837,0.07978,-0.164,0.020655,-0.029537,-0.14867,-0.035813,0.0030107,0.0021414,0.047962,0.064146,-0.03598,0.067639,-0.056908,-0.10265,-0.045356,0.039162,0.02616,-0.021592,-0.0055182,-0.0049221,0.050253,-0.20989,0.019262
0,0.029603,0.0052986,0.02827,0.036421,0.047474,-0.073148,0.009735,0.083627,-0.057275,0.0036498,0.023349,-0.04371,-0.2521,-0.13149,-0.065512,-0.034556,-0.050924,0.0045088,0.05787,-0.1122,0.1327,-0.11772,0.084135,0.039073,0.17327,0.034147,0.033145,-0.069679,0.012848,0.19722,0.12586,-0.090216,0.018735,-0.023423,0.085059,0.10738,0.0013525,0.042043,-0.099528,0.14879,-0.14481,-0.23926,-0.12673,0.12249,0.056178,-0.028055,-0.035845,0.044327,0.12066,-0.068395,-0.0012696,-0.0099554,-0.063444,0.1243,0.062944,0.17562,-0.059969,0.060453,0.086166,0.11996,0.0060035,0.08887,-0.065141,0.25545,0.23182,-0.096434,-0.15151,-0.11778,-0.10961,-0.080464,-0.049865,-0.092273,-0.1626,-0.0035775,-0.19138,-0.03683,-0.02847,-0.14921,-0.1377,0.035643,-0.14951,-0.15181,-0.20751,-0.29859,0.03442,-0.2394,-0.13997,0.0035842,-0.055989,-0.021145,-0.20196,-0.2774,-0.079331,-0.19907,-0.24858,-0.17097,-0.35702,-0.18259,-0.01287,-0.23849,-0.15657,-0.14285,-0.13786,-0.13481,0.26451,-0.10523,-0.12065,-0.060582,-0.026621,-0.069947,0.016898,-0.048784,-0.1812,0.14349,-0.048393,-0.0080791,-0.0083391,-0.22504,-0.10345,0.18269,0.017228,-0.03204,-0.050134,-0.096158,0.099072,-0.007796,0.05196,-0.066787,-0.049517,-0.18492,0.37396,0.089094,0.13921,0.30823,0.35405,-0.037815,-0.01759,0.080174,0.19836,-0.2112,-0.073175,0.19235,0.039455,-0.074026,-0.011123,-0.03071,-0.053786,0.005669,-0.12974,-0.16754,-0.20638,0.0024902,0.079283,0.071122,-0.098846,0.13285,0.12428,-0.14343,0.037478,0.0042509,0.067184,0.13993,0.19163,0.010156,0.21109,0.15385,0.049436,0.033277,0.14339,0.011163,0.15848,0.23666,0.10966,0.016824,0.043122,0.12994,-0.020888,0.16452,0.3787,0.37809,0.1737,0.13032,0.093767,0.17649,0.11724,0.17181,0.044392,0.26334,0.16078,0.10903,0.10273,-0.0051616,0.23888,0.21703,0.24508,-0.11655,0.10756
0,0,0,-0.0026591,-0.000265,-2.6409e-05,0.013414,0.0013489,0.00013494,-0.0074757,-0.00074,-7.3905e-05,0.0024353,0.00023627,2.3703e-05,-0.0062305,-0.00061903,-6.1805e-05,0.0043689,0.00043676,4.3569e-05,-0.003675,-0.00039172,-3.9234e-05,-0.00085888,-9.4648e-05,-9.5804e-06,0.0056416,0.00056159,5.6277e-05,-0.0019099,-0.00018935,-1.9016e-05,-1.5814e-05,3.261e-06,4.3154e-08,-0.0035869,-0.00035277,-3.5155e-05,0.0011313,0.00011397,1.1296e-05,0.003944,0.00039157,3.9321e-05,0.0062055,0.00061834,6.177e-05,0.0030543,0.00031229,3.1126e-05,-0.0028781,-0.00027926,-2.7921e-05,0.00045357,4.103e-05,4.185e-06,0.0021039,0.00020541,2.0576e-05,-0.00034987,-3.8325e-05,-3.8847e-06,0.0038209,0.00037352,3.7306e-05,-0.0032921,-0.0003186,-3.1791e-05,0.0017043,0.00016074,1.6017e-05,-0.00031359,-3.4937e-05,-3.3502e-06,0.003413,0.00035096,3.5177e-05,-0.0017379,-0.00016474,-1.6534e-05,-0.0020352,-0.00020315,-2.0379e-05,0.0043964,0.00044885,4.4961e-05,-0.0061024,-0.00060432,-6.0423e-05,0.0040726,0.00040925,4.0877e-05,0.0015377,0.00015829,1.581e-05,-0.0015377,-0.00015682,-1.5761e-05,-0.0075288,-0.00075671,-7.5706e-05,0.0017944,0.0001895,1.9155e-05,-0.0032769,-0.00034416,-3.4097e-05,-0.0024314,-0.00023673,-2.3806e-05,-0.0033155,-0.00033607,-3.3695e-05,-0.00034453,-5.0535e-05,-5.2005e-06,-0.0030086,-0.00031047,-3.1007e-05,0.004597,0.00045552,4.5571e-05,-0.003022,-0.00029418,-2.9635e-05,0.0034402,0.00033777,3.3736e-05,0.0011308,0.00011341,1.1368e-05,-0.0016883,-0.00017658,-1.7422e-05,-0.0096861,-0.00096022,-9.5993e-05,0.0023829,0.000232,2.3121e-05,-0.0034618,-0.0003525,-3.5166e-05,0.0062231,0.0006197,6.2121e-05,-0.0019219,-0.00019173,-1.9098e-05,0.0013173,0.00012351,1.2491e-05,-0.0029105,-0.00028456,-2.8596e-05,-0.0045417,-0.00045571,-4.5683e-05,0.00064907,6.1195e-05,5.9708e-06,-0.00069915,-6.227e-05,-6.247e-06,0.0027977,0.00027704,2.7697e-05,0.0021139,0.00022394,2.2317e-05,-0.0070345,-0.000703,-7.0275e-05,0.0056309,0.00055523,5.5643e-05,0.0035189,0.00034611,3.4626e-05,-0.00043838,-4.3209e-05,-4.1712e-06,0.00079414,7.6671e-05,7.7808e-06,0.0020044,0.00020379,2.0387e-05,0.00065938,6.7598e-05,6.839e-06,0.00016446,1.4368e-05,1.2715e-06,0.00079816,6.6437e-05,6.7154e-06
0,0,0,-0.026591,-0.00265,-0.00026409,0.13414,0.013489,0.0013494,-0.074757,-0.0074,-0.00073905,0.024353,0.0023627,0.00023703,-0.062305,-0.0061903,-0.00061805,0.043689,0.0043676,0.00043569,-0.03675,-0.0039172,-0.00039234,-0.0085888,-0.00094648,-9.5804e-05,0.056416,0.0056159,0.00056277,-0.019099,-0.0018935,-0.00019016,-0.00015814,3.261e-05,4.3154e-07,-0.035869,-0.0035277,-0.00035155,0.011313,0.0011397,0.00011296,0.03944,0.0039157,0.00039321,0.062055,0.0061834,0.0006177,0.030543,0.0031229,0.00031126,-0.028781,-0.0027926,-0.00027921,0.0045357,0.0004103,4.185e-05,0.021039,0.0020541,0.00020576,-0.0034987,-0.00038325,-3.8847e-05,0.038209,0.0037352,0.00037306,-0.032921,-0.003186,-0.00031791,0.017043,0.0016074,0.00016017,-0.0031359,-0.00034937,-3.3502e-05,0.03413,0.0035096,0.00035177,-0.017379,-0.0016474,-0.00016534,-0.020352,-0.0020315,-0.00020379,0.043964,0.0044885,0.00044961,-0.061024,-0.0060432,-0.00060423,0.040726,0.0040925,0.00040877,0.015377,0.0015829,0.0001581,-0.015377,-0.0015682,-0.00015761,-0.075288,-0.0075671,-0.00075706,0.017944,0.001895,0.00019155,-0.032769,-0.0034416,-0.00034097,-0.024314,-0.0023673,-0.00023806,-0.033155,-0.0033607,-0.00033695,-0.0034453,-0.00050535,-5.2005e-05,-0.030086,-0.0031047,-0.00031007,0.04597,0.0045552,0.00045571,-0.03022,-0.0029418,-0.00029635,0.034402,0.0033777,0.00033736,0.011308,0.0011341,0.00011368,-0.016883,-0.0017658,-0.00017422,-0.096861,-0.0096022,-0.00095993,0.023829,0.00232,0.00023121,-0.034618,-0.003525,-0.00035166,0.062231,0.006197,0.00062121,-0.019219,-0.0019173,-0.00019098,0.013173,0.0012351,0.00012491,-0.029105,-0.0028456,-0.00028596,-0.045417,-0.0045571,-0.00045683,0.0064907,0.00061195,5.9708e-05,-0.0069915,-0.0006227,-6.247e-05,0.027977,0.0027704,0.00027697,0.021139,0.0022394,0.00022317,-0.070345,-0.00703,-0.00070275,0.056309,0.0055523,0.00055643,0.035189,0.0034611,0.00034626,-0.0043838,-0.00043209,-4.1712e-05,0.0079414,0.00076671,7.7808e-05,0.020044,0.0020379,0.00020387,0.0065938,0.00067598,6.839e-05,0.0016446,0.00014368,1.2715e-05,0.0079816,0.00066437,6.7154e-05
0,0,0,-0.052249,-0.0265,-0.0026409,0.26313,0.13489,0.013494,-0.14566,-0.074,-0.0073905,0.04721,0.023627,0.0023703,-0.12211,-0.061903,-0.0061805,0.085262,0.043676,0.0043569,-0.071786,-0.039172,-0.0039234,-0.017175,-0.0094648,-0.00095804,0.11066,0.056159,0.0056277,-0.037037,-0.018935,-0.0019016,-0.00046306,0.0003261,4.3154e-06,-0.070408,-0.035277,-0.0035155,0.021924,0.011397,0.0011296,0.077508,0.039157,0.0039321,0.12213,0.061834,0.006177,0.060451,0.031229,0.0031126,-0.056246,-0.027926,-0.0027921,0.0086794,0.004103,0.0004185,0.041333,0.020541,0.0020576,-0.0067025,-0.0038325,-0.00038847,0.074972,0.037352,0.0037306,-0.064322,-0.03186,-0.0031791,0.0332,0.016074,0.0016017,-0.006027,-0.0034937,-0.00033502,0.066968,0.035096,0.0035177,-0.033831,-0.016474,-0.0016534,-0.040082,-0.020315,-0.0020379,0.086135,0.044885,0.0044961,-0.11942,-0.060432,-0.0060423,0.079457,0.040925,0.0040877,0.030512,0.015829,0.001581,-0.030057,-0.015682,-0.0015761,-0.14791,-0.075671,-0.0075706,0.034614,0.01895,0.0019155,-0.064168,-0.034416,-0.0034097,-0.048,-0.023673,-0.0023806,-0.065272,-0.033607,-0.0033695,-0.007034,-0.0050535,-0.00052005,-0.059099,-0.031047,-0.0031007,0.089987,0.045552,0.0045571,-0.058954,-0.029418,-0.0029635,0.06729,0.033777,0.0033736,0.022468,0.011341,0.0011368,-0.033049,-0.017658,-0.0017422,-0.19027,-0.096022,-0.0095993,0.046004,0.0232,0.0023121,-0.067766,-0.03525,-0.0035166,0.12187,0.06197,0.0062121,-0.037225,-0.019173,-0.0019098,0.025705,0.012351,0.0012491,-0.057032,-0.028456,-0.0028596,-0.089381,-0.045571,-0.0045683,0.012374,0.0061195,0.00059708,-0.013676,-0.006227,-0.0006247,0.054868,0.027704,0.0027697,0.041717,0.022394,0.0022317,-0.1379,-0.0703,-0.0070275,0.10997,0.055523,0.0055643,0.069522,0.034611,0.0034626,-0.0083268,-0.0043209,-0.00041712,0.015554,0.0076671,0.00077808,0.039407,0.020379,0.0020387,0.013107,0.0067598,0.0006839,0.0032832,0.0014368,0.00012715,0.015678,0.0066437,0.00067154
0,0,0,-0.07381,-0.052072,-0.026409,0.36698,0.26461,0.13494,-0.19259,-0.14417,-0.073905,0.059822,0.045784,0.023703,-0.16913,-0.12132,-0.061805,0.1142,0.085236,0.043569,-0.09687,-0.076541,-0.039234,-0.027447,-0.018894,-0.0095804,0.1543,0.11016,0.056277,-0.047081,-0.036716,-0.019016,-0.002282,0.00048753,4.3154e-05,-0.09869,-0.069246,-0.035155,0.027707,0.022089,0.011296,0.10961,0.076952,0.039321,0.17457,0.12169,0.06177,0.09005,0.061797,0.031126,-0.07617,-0.054567,-0.027921,0.009772,0.0078301,0.004185,0.058298,0.040354,0.020576,-0.0076272,-0.0073577,-0.0038847,0.10477,0.073289,0.037306,-0.086959,-0.062239,-0.031791,0.043809,0.031296,0.016017,-0.0070716,-0.0067293,-0.0033502,0.093583,0.068864,0.035177,-0.044398,-0.032054,-0.016534,-0.057608,-0.040011,-0.020379,0.11898,0.087943,0.044961,-0.16354,-0.11826,-0.060423,0.10619,0.079847,0.040877,0.046286,0.031399,0.01581,-0.04077,-0.030655,-0.015761,-0.20869,-0.14866,-0.075706,0.042009,0.036589,0.019155,-0.088288,-0.067402,-0.034097,-0.07021,-0.046742,-0.023806,-0.093544,-0.066159,-0.033695,-0.01276,-0.010191,-0.0052005,-0.083291,-0.060986,-0.031007,0.12347,0.089166,0.045571,-0.078725,-0.057379,-0.029635,0.091777,0.066063,0.033736,0.034395,0.022533,0.011368,-0.045349,-0.03457,-0.017422,-0.26822,-0.18862,-0.095993,0.056231,0.044769,0.023121,-0.093004,-0.069008,-0.035166,0.16781,0.12136,0.062121,-0.046839,-0.037136,-0.019098,0.034388,0.02409,0.012491,-0.078872,-0.055757,-0.028596,-0.12775,-0.089683,-0.045683,0.013423,0.011645,0.0059708,-0.018656,-0.012175,-0.006247,0.076373,0.054331,0.027697,0.060862,0.04418,0.022317,-0.19139,-0.13782,-0.070275,0.1481,0.10842,0.055643,0.10224,0.068387,0.034626,-0.0086952,-0.0082033,-0.0041712,0.02144,0.015016,0.0077808,0.055907,0.040066,0.020387,0.020124,0.013433,0.006839,0.0051896,0.0028752,0.0012715,0.022094,0.013052,0.0067154
0,0,0,-0.052249,-0.073558,-0.051892,0.20868,0.36907,0.26471,0.0061919,-0.19051,-0.14399,-0.031973,0.057823,0.045933,-0.083284,-0.16802,-0.12113,0.013309,0.11417,0.085027,-0.019471,-0.10354,-0.076663,-0.053904,-0.029859,-0.019121,0.087278,0.15359,0.11039,0.023363,-0.046631,-0.036875,-0.01923,-0.00094898,-6.7911e-05,-0.061512,-0.09706,-0.069006,-0.015703,0.027939,0.02189,0.078938,0.10884,0.077275,0.14574,0.17396,0.12157,0.11412,0.091938,0.061595,-0.018369,-0.073815,-0.054557,-0.020014,0.0085816,0.0079912,0.040289,0.056926,0.040422,0.014522,-0.0085456,-0.0074601,0.061792,0.10241,0.073199,-0.019303,-0.084038,-0.062104,-0.0024289,0.041139,0.031186,0.010601,-0.0080565,-0.0064476,0.055234,0.096241,0.069022,0.005287,-0.041906,-0.032172,-0.05145,-0.057507,-0.040136,0.055073,0.12152,0.088092,-0.059899,-0.16191,-0.11825,0.0096149,0.10673,0.079753,0.067207,0.04753,0.031362,-0.010585,-0.041609,-0.030812,-0.14493,-0.20974,-0.14873,-0.044803,0.044777,0.036991,-0.03698,-0.092824,-0.066776,-0.075703,-0.068445,-0.047004,-0.080691,-0.094788,-0.066332,-0.039584,-0.017187,-0.01048,-0.056861,-0.085938,-0.060906,0.047931,0.12232,0.089204,-0.006442,-0.076517,-0.057805,0.029478,0.090057,0.065983,0.053088,0.034486,0.022586,-0.017638,-0.047482,-0.034106,-0.1837,-0.26591,-0.18857,-0.054939,0.0545,0.044613,-0.036342,-0.094744,-0.068843,0.071689,0.16709,0.12166,0.029033,-0.046713,-0.036989,0.0035309,0.032124,0.024365,-0.037519,-0.077084,-0.056032,-0.10653,-0.12817,-0.089902,-0.034398,0.012401,0.011354,-0.0060339,-0.016552,-0.012214,0.041773,0.075621,0.054317,0.063966,0.064315,0.04403,-0.098504,-0.19127,-0.13777,0.026516,0.14594,0.10866,0.11598,0.10065,0.068415,0.027038,-0.0085214,-0.0079095,0.0094068,0.020685,0.015239,0.042163,0.056831,0.040081,0.031653,0.020581,0.013588,0.0096428,0.0046172,0.0025508,0.015055,0.018411,0.013193
0,0,0,0.015779,0.0015751,0.00015749,-0.013523,-0.0013539,-0.0001354,0.01078,0.0010759,0.00010757,-0.0065891,-0.00065352,-6.5376e-05,0.012898,0.0012881,0.00012879,-0.0096843,-0.00096982,-9.6959e-05,0.00054979,6.2083e-05,6.2102e-06,-0.00047539,-4.8668e-05,-4.8345e-06,-0.0074099,-0.00073678,-7.369e-05,0.0046188,0.00046136,4.6152e-05,-0.0037551,-0.00037748,-3.7691e-05,0.0017345,0.00016711,1.6681e-05,-0.0030805,-0.0003102,-3.1e-05,0.0019628,0.00019578,1.9541e-05,-0.0045491,-0.00045583,-4.5565e-05,0.00049555,4.8685e-05,4.8949e-06,-0.0026412,-0.00026778,-2.6775e-05,0.0026632,0.00026386,2.6369e-05,0.0032845,0.00033184,3.3173e-05,-0.0020236,-0.00020349,-2.0342e-05,-0.0030318,-0.0003026,-3.026e-05,0.00085133,8.4443e-05,8.4243e-06,-0.00067762,-6.6182e-05,-6.5931e-06,0.0009955,9.797e-05,9.7548e-06,0.0036064,0.00036017,3.6e-05,-0.0025415,-0.00025268,-2.5258e-05,0.001303,0.00012879,1.2886e-05,0.001707,0.00017117,1.71e-05,0.0082349,0.00082388,8.2383e-05,-0.0065692,-0.00065546,-6.5533e-05,-0.002687,-0.00026754,-2.6749e-05,0.0025963,0.00025987,2.6004e-05,0.0075004,0.00074806,7.4799e-05,-0.0054059,-0.00053982,-5.4033e-05,0.0050424,0.00050713,5.0653e-05,0.0078578,0.00078711,7.8731e-05,-0.011512,-0.0011502,-0.000115,0.0082584,0.00082657,8.2687e-05,-0.0044811,-0.00044485,-4.4484e-05,-0.0011648,-0.00011902,-1.1896e-05,-0.0061631,-0.0006186,-6.1815e-05,0.0024515,0.00024365,2.438e-05,-0.0024511,-0.00024682,-2.4702e-05,-0.00063079,-6.5549e-05,-6.6215e-06,0.009272,0.00092819,9.2815e-05,-0.0080044,-0.00080164,-8.015e-05,0.0035326,0.00035137,3.5125e-05,-0.012046,-0.0012068,-0.00012071,0.0093312,0.0009337,9.3357e-05,-0.0045643,-0.00045533,-4.557e-05,-5.897e-05,-7.2226e-06,-6.806e-07,0.01166,0.0011677,0.00011679,-0.015102,-0.001508,-0.00015077,0.0077073,0.00076735,7.674e-05,-0.004988,-0.00050005,-4.9985e-05,-0.0029163,-0.00029417,-2.9395e-05,0.0081098,0.00080357,8.0345e-05,-0.0094803,-0.00094517,-9.454e-05,-2.3619e-05,-5.8881e-06,-5.9318e-07,0.0027435,0.0002739,2.7356e-05,-0.00097777,-0.00010038,-1.0069e-05,-0.00035502,-3.7233e-05,-3.724e-06,-0.0024477,-0.00024593,-2.4602e-05,0.0036372,0.00036172,3.6207e-05,0.0012419,0.00012588,1.2577e-05
0,0,0,0.15779,0.015751,0.0015749,-0.13523,-0.013539,-0.001354,0.1078,0.010759,0.0010757,-0.065891,-0.0065352,-0.00065376,0.12898,0.012881,0.0012879,-0.096843,-0.0096982,-0.00096959,0.0054979,0.00062083,6.2102e-05,-0.0047539,-0.00048668,-4.8345e-05,-0.074099,-0.0073678,-0.0007369,0.046188,0.0046136,0.00046152,-0.037551,-0.0037748,-0.00037691,0.017345,0.0016711,0.00016681,-0.030805,-0.003102,-0.00031,0.019628,0.0019578,0.00019541,-0.045491,-0.0045583,-0.00045565,0.0049555,0.00048685,4.8949e-05,-0.026412,-0.0026778,-0.00026775,0.026632,0.0026386,0.00026369,0.032845,0.0033184,0.00033173,-0.020236,-0.0020349,-0.00020342,-0.030318,-0.003026,-0.0003026,0.0085133,0.00084443,8.4243e-05,-0.0067762,-0.00066182,-6.5931e-05,0.009955,0.0009797,9.7548e-05,0.036064,0.0036017,0.00036,-0.025415,-0.0025268,-0.00025258,0.01303,0.0012879,0.00012886,0.01707,0.0017117,0.000171,0.082349,0.0082388,0.00082383,-0.065692,-0.0065546,-0.00065533,-0.02687,-0.0026754,-0.00026749,0.025963,0.0025987,0.00026004,0.075004,0.0074806,0.00074799,-0.054059,-0.0053982,-0.00054033,0.050424,0.0050713,0.00050653,0.078578,0.0078711,0.00078731,-0.11512,-0.011502,-0.00115,0.082584,0.0082657,0.00082687,-0.044811,-0.0044485,-0.00044484,-0.011648,-0.0011902,-0.00011896,-0.061631,-0.006186,-0.00061815,0.024515,0.0024365,0.0002438,-0.024511,-0.0024682,-0.00024702,-0.0063079,-0.00065549,-6.6215e-05,0.09272,0.0092819,0.00092815,-0.080044,-0.0080164,-0.0008015,0.035326,0.0035137,0.00035125,-0.12046,-0.012068,-0.0012071,0.093312,0.009337,0.00093357,-0.045643,-0.0045533,-0.0004557,-0.0005897,-7.2226e-05,-6.806e-06,0.1166,0.011677,0.0011679,-0.15102,-0.01508,-0.0015077,0.077073,0.0076735,0.0007674,-0.04988,-0.0050005,-0.00049985,-0.029163,-0.0029417,-0.00029395,0.081098,0.0080357,0.00080345,-0.094803,-0.0094517,-0.0009454,-0.00023619,-5.8881e-05,-5.9318e-06,0.027435,0.002739,0.00027356,-0.0097777,-0.0010038,-0.00010069,-0.0035502,-0.00037233,-3.724e-05,-0.024477,-0.0024593,-0.00024602,0.036372,0.0036172,0.00036207,0.012419,0.0012588,0.00012577
0,0,0,0.31004,0.15751,0.015749,-0.2642,-0.13539,-0.01354,0.21051,0.10759,0.010757,-0.12848,-0.065352,-0.0065376,0.25265,0.12881,0.012879,-0.18906,-0.096982,-0.0096959,0.010013,0.0062083,0.00062102,-0.0092817,-0.0048668,-0.00048345,-0.14549,-0.073678,-0.007369,0.090071,0.046136,0.0046152,-0.073339,-0.037748,-0.0037691,0.033745,0.016711,0.0016681,-0.060334,-0.03102,-0.0031,0.038279,0.019578,0.0019541,-0.089138,-0.045583,-0.0045565,0.0093611,0.0048685,0.00048949,-0.051806,-0.026778,-0.0026775,0.052062,0.026386,0.0026369,0.064684,0.033184,0.0033173,-0.039455,-0.020349,-0.0020342,-0.059676,-0.03026,-0.003026,0.016468,0.0084443,0.00084243,-0.013234,-0.0066182,-0.00065931,0.019488,0.009797,0.00097548,0.07087,0.036017,0.0036,-0.049599,-0.025268,-0.0025258,0.025374,0.012879,0.0012886,0.033611,0.017117,0.00171,0.16178,0.082388,0.0082383,-0.12829,-0.065546,-0.0065533,-0.05327,-0.026754,-0.0026749,0.050748,0.025987,0.0026004,0.14744,0.074806,0.0074799,-0.10551,-0.053982,-0.0054033,0.098545,0.050713,0.0050653,0.15465,0.078711,0.0078731,-0.22534,-0.11502,-0.0115,0.16118,0.082657,0.0082687,-0.087296,-0.044485,-0.0044484,-0.023222,-0.011902,-0.0011896,-0.12107,-0.06186,-0.0061815,0.047624,0.024365,0.002438,-0.047917,-0.024682,-0.0024702,-0.01258,-0.0065549,-0.00066215,0.18195,0.092819,0.0092815,-0.15637,-0.080164,-0.008015,0.068699,0.035137,0.0035125,-0.23617,-0.12068,-0.012071,0.1822,0.09337,0.0093357,-0.088844,-0.045533,-0.004557,-0.0015238,-0.00072226,-6.806e-05,0.22888,0.11677,0.011679,-0.2955,-0.1508,-0.015077,0.15008,0.076735,0.007674,-0.097294,-0.050005,-0.0049985,-0.057647,-0.029417,-0.0029395,0.15895,0.080357,0.0080345,-0.18544,-0.094517,-0.009454,-0.0012234,-0.00058881,-5.9318e-05,0.053849,0.02739,0.0027356,-0.018973,-0.010038,-0.0010069,-0.0070498,-0.0037233,-0.0003724,-0.048077,-0.024593,-0.0024602,0.071198,0.036172,0.0036207,0.024668,0.012588,0.0012577
0,0,0,0.43797,0.30949,0.15749,-0.35695,-0.26451,-0.1354,0.28343,0.2101,0.10757,-0.17083,-0.12742,-0.065376,0.34852,0.25232,0.12879,-0.25393,-0.18933,-0.096959,0.0056951,0.011407,0.0062102,-0.012476,-0.0095033,-0.0048345,-0.20435,-0.14466,-0.07369,0.11992,0.08997,0.046152,-0.098832,-0.073726,-0.037691,0.044058,0.032499,0.016681,-0.083135,-0.060756,-0.031,0.050992,0.038182,0.019541,-0.12326,-0.08932,-0.045565,0.0092038,0.0091903,0.0048949,-0.072195,-0.052524,-0.026775,0.070672,0.051579,0.026369,0.092935,0.065351,0.033173,-0.052451,-0.039677,-0.020342,-0.085397,-0.059562,-0.03026,0.020481,0.016332,0.0084243,-0.017826,-0.012923,-0.0065931,0.02675,0.019178,0.0097548,0.10018,0.070777,0.036,-0.066428,-0.049309,-0.025258,0.033394,0.025078,0.012886,0.048222,0.033703,0.0171,0.22824,0.16186,0.082383,-0.17273,-0.128,-0.065533,-0.080302,-0.053043,-0.026749,0.068833,0.050796,0.026004,0.2089,0.14705,0.074799,-0.14147,-0.10536,-0.054033,0.13348,0.099111,0.050653,0.22113,0.15491,0.078731,-0.30909,-0.22514,-0.115,0.21604,0.16133,0.082687,-0.11525,-0.086655,-0.044484,-0.036374,-0.02372,-0.011896,-0.17073,-0.12152,-0.061815,0.061439,0.04733,0.02438,-0.065069,-0.048253,-0.024702,-0.019758,-0.013065,-0.0066215,0.25447,0.18214,0.092815,-0.21121,-0.15661,-0.08015,0.089403,0.068328,0.035125,-0.32802,-0.2366,-0.12071,0.245,0.18231,0.093357,-0.11651,-0.088628,-0.04557,-0.0060541,-0.001784,-0.0006806,0.32076,0.2292,0.11679,-0.40416,-0.29508,-0.15077,0.1974,0.14941,0.07674,-0.12978,-0.09754,-0.049985,-0.085102,-0.058146,-0.029395,0.22028,0.1575,0.080345,-0.25303,-0.18488,-0.09454,-0.0098436,-0.0019156,-0.00059318,0.075429,0.053759,0.027356,-0.024241,-0.019483,-0.010069,-0.010747,-0.0073894,-0.003724,-0.067709,-0.048305,-0.024602,0.097683,0.070806,0.036207,0.037689,0.025,0.012577
0,0,0,0.31004,0.4372,0.30946,-0.076579,-0.35738,-0.26453,0.049829,0.28286,0.21006,-0.0056429,-0.16935,-0.12746,0.15597,0.34806,0.25228,-0.037554,-0.25432,-0.18929,-0.087392,0.0076503,0.011411,-0.0019581,-0.012787,-0.0094398,-0.13192,-0.20319,-0.14469,0.0056679,0.11978,0.090002,-0.018348,-0.099375,-0.073614,-0.007883,0.042312,0.03244,-0.036182,-0.083727,-0.060716,0.0027375,0.050856,0.038108,-0.058509,-0.12352,-0.089284,-0.036986,0.0089641,0.0092422,-0.040417,-0.073201,-0.052518,0.018942,0.069995,0.051546,0.08267,0.09387,0.065328,-0.0015938,-0.052762,-0.039663,-0.072323,-0.085238,-0.059562,-0.015603,0.020291,0.016293,-0.003221,-0.017391,-0.012874,0.010496,0.026315,0.019095,0.071609,0.10005,0.070744,-0.0076614,-0.066022,-0.049291,-0.0028656,0.03298,0.025092,0.042163,0.048351,0.033669,0.15833,0.22835,0.16185,-0.030442,-0.17233,-0.12797,-0.11151,-0.079984,-0.053033,0.017825,0.0689,0.050829,0.1546,0.20835,0.14703,-0.018054,-0.14125,-0.10546,0.032521,0.13428,0.098994,0.18534,0.22149,0.15495,-0.11888,-0.30881,-0.22511,0.026865,0.21624,0.16138,0.005679,-0.11436,-0.086655,-0.064377,-0.037072,-0.023709,-0.11759,-0.17136,-0.12143,-0.019654,0.061028,0.04736,-0.017705,-0.06554,-0.048293,-0.035483,-0.020438,-0.013196,0.15243,0.25474,0.18214,-0.044643,-0.21154,-0.15658,-0.01942,0.088884,0.068304,-0.17155,-0.32861,-0.23666,0.039562,0.24516,0.18228,0.014906,-0.1162,-0.0887,-0.046503,-0.0064191,-0.0017022,0.19934,0.32121,0.22924,-0.14248,-0.40357,-0.29501,-0.018303,0.19647,0.14942,-0.0089465,-0.13012,-0.097501,-0.099928,-0.085801,-0.058103,0.10976,0.21824,0.15747,-0.082409,-0.25224,-0.18493,-0.094782,-0.010814,-0.0019242,0.046469,0.075303,0.053693,0.010551,-0.024956,-0.019544,-0.016138,-0.011223,-0.0073908,-0.045701,-0.068029,-0.048322,0.037834,0.097134,0.070875,0.057433,0.038155,0.024978
