0,0.34762,2.0585,2.4387,-0.31395,0.14493,1.9236,-0.3127,-0.069994,2.0148,-0.9154,-0.37001,-1.6363,-0.64798,-2.4575,-2.7295,-1.642,-1.5523,-2.5404,-3.6343,-1.672,-4.958,-1.3979,-3.2515,-2.7604,0.17749,0.37046,0.60585,2.515,0.089895,1.0246,0.48085,0.38775,-0.17879,-1.2192,0.4789,0.023237,0.90463,0.32247,0.03417,-3.0957,-1.0913,0.93432,1.3798,0.10739,1.2892,1.2427,1.8112,1.1429,1.5114,2.4144,3.0324,1.3346,2.8812,-0.22038,1.7363,0.47215,1.1677,3.167,1.6616,0.97575,1.283,2.2805,1.0512,2.0063,-0.81589,1.157,1.0791,1.0128,1.4507,1.5367,0.50015,1.6703,3.1787,-0.17854,1.5338,1.8174,1.3175,1.1978,0.36175,1.2378,-1.5329,-1.8494,0.29067,2.5715,-0.063377,1.1001,2.206,0.82848,1.2511,0.70073,0.20575,0.1718,1.2079,1.2079,3.1324,-0.075353,1.2717,-0.1601,0.21093,0.53566,0.61246,2.3376,0.75208,-4.7935,-8.0172,-8.3896,-12.981,-12.416,-7.2583,-5.0933,-5.6788,-3.172,-1.956,0.85591,-0.19309,1.661,0.61003,2.3433,2.3442,0.53248,1.1927,0.40463,2.4963,1.3722,1.5893,0.29283,0.38555,1.3079,1.0632,1.886,1.3933,2.4347,2.0108,0.90737,4.1287,2.1624,1.0203,-0.1295,0.53352,0.58879,-0.039253,-0.053481,0.2092,0.23182,1.5216,1.1449,1.1758,0.21834,-1.3244,-2.2551,-0.29357,0.45204,1.5219,-0.37962,-0.50817,0.037363,0.59096,1.9937,-2.0358,-1.2452,-0.58015,0.22136,-0.4651,0.23244,0.92098,0.24231,0.6785,0.2106,-0.38157,0.91969,2.0146,0.68798,0.86076,0.023738,0.57553,-0.63727,-0.335,-0.42802,-0.65059,-2.0676,-4.0702,-1.455,0.32163,-0.17481,0.19055,0.144,-0.71122,-1.9925,-1.5,-1.2147,-1.6278,-2.0053,-1.5513,-0.86175,-1.512,1.1356,0.28551,0.74378
0,0.24805,0.41745,2.1034,2.3584,-0.53471,0.71688,1.6796,-0.42196,0.19533,1.6106,-1.0533,-0.38715,-1.4396,-0.87067,-2.4711,-2.8889,-1.8791,-1.6588,-2.5837,-3.395,-2.6189,-3.8552,-1.3959,-3.3148,-2.4262,0.48521,0.38908,0.94151,2.4051,0.33083,0.92313,0.60538,0.15601,-0.40101,-0.69034,0.29469,-0.069206,0.64364,0.53823,-0.063106,-2.9011,-0.73876,1.1249,1.0247,0.43346,1.3239,1.4023,1.6808,0.88167,1.7566,2.6318,2.6574,1.3783,2.3623,-0.17159,1.5829,0.56961,1.3397,3.0705,1.77,0.97452,1.3535,1.7135,1.3422,1.9884,-0.57407,0.88186,0.90122,0.61815,1.9266,1.7938,0.56346,1.7743,2.8069,-0.037939,1.27,1.6722,1.2862,0.88928,0.43443,1.346,-1.5319,-1.7762,0.71663,2.2384,-0.21388,1.3473,1.9987,0.77563,1.0746,0.68532,0.31387,0.12646,1.1399,1.267,2.8962,0.069655,1.4038,-0.55086,0.34177,0.4902,0.75206,2.2097,0.30006,-5.8887,-7.319,-8.9105,-13.502,-12.739,-7.0925,-5.0958,-5.4479,-3.007,-1.6698,1.6344,0.064824,1.8374,0.92382,2.3525,2.5633,0.61102,1.2628,0.79312,2.21,1.7466,1.5836,0.3333,0.54651,1.2985,1.0602,1.7249,1.4505,2.5649,1.3801,1.1063,3.7929,2.1321,1.077,0.06385,0.6534,0.57763,0.013596,-0.16027,0.44242,0.32507,1.2728,1.1391,1.1012,0.11168,-1.2108,-2.1048,-0.63585,0.61235,1.2404,0.0063962,-0.38142,0.020806,0.75735,1.4448,-1.8372,-0.94083,-0.58608,-0.077714,-0.40833,0.32761,0.97124,0.42741,0.45602,-0.11568,-0.16962,1.1229,1.9595,0.57841,0.7737,0.20335,0.36883,-0.74181,-0.16693,-0.44539,-0.61912,-2.2319,-4.3981,-0.98531,0.27445,-0.44221,0.2571,0.18384,-0.73064,-1.8912,-1.5036,-1.2682,-1.5472,-1.8988,-1.2434,-1.4849,-1.1012,0.99726,0.30515
0,0.17699,0.29787,0.37217,2.0757,2.3126,-0.2097,0.66241,1.6564,-0.46723,0.094844,1.5734,-1.0194,-0.33414,-1.4864,-0.95785,-2.5101,-2.9454,-1.8242,-1.6715,-2.5221,-3.668,-2.3443,-3.8444,-1.424,-3.2424,-2.3565,0.57333,0.48761,0.90201,2.4285,0.30597,0.9531,0.54089,0.10055,-0.26503,-0.78702,0.26809,-0.12847,0.71472,0.5089,-0.01406,-2.761,-0.69241,1.0376,1.1925,0.43392,1.3579,1.4146,1.6194,0.93785,1.7801,2.535,2.6659,1.2682,2.3597,-0.21017,1.6369,0.61479,1.3204,3.0884,1.7598,0.9968,1.2731,1.779,1.3465,1.9958,-0.63082,0.84238,0.83896,0.73458,1.9792,1.8079,0.58187,1.6924,2.8805,-0.090892,1.2336,1.6432,1.2229,0.90983,0.41899,1.3425,-1.5068,-1.6162,0.64456,2.2013,-0.23685,1.3036,1.9886,0.80183,1.0769,0.70772,0.33628,0.11877,1.1551,1.1981,2.9313,0.10202,1.2211,-0.52704,0.34554,0.54948,0.74097,2.1038,-0.0077119,-5.721,-7.4569,-9.066,-13.575,-12.688,-7.1189,-5.038,-5.4043,-2.9405,-1.4849,1.7,0.076937,1.9102,0.91745,2.4606,2.5698,0.61954,1.3217,0.72383,2.3036,1.783,1.5784,0.36857,0.55695,1.2943,1.0381,1.6948,1.4644,2.4213,1.294,1.0318,3.7836,2.185,1.1158,0.097675,0.60447,0.57451,-0.018262,-0.017633,0.45848,0.26285,1.2419,1.1205,1.0713,0.15377,-1.1842,-2.1839,-0.64756,0.54458,1.3259,-0.031663,-0.38457,0.060295,0.6328,1.4975,-1.764,-0.94903,-0.66067,-0.064194,-0.34499,0.33317,1.0009,0.40416,0.38606,-0.066218,-0.22009,1.092,1.9382,0.63769,0.81229,0.14961,0.3898,-0.71417,-0.16857,-0.45024,-0.66705,-2.3128,-4.2651,-1.0102,0.2162,-0.41079,0.2723,0.17813,-0.69937,-1.8901,-1.5224,-1.2472,-1.5242,-1.8216,-1.3742,-1.3953,-1.1408,1.0016
0,0.1263,0.21255,0.13706,0.36498,2.0643,2.4895,-0.22295,0.65626,1.5911,-0.49092,0.086086,1.6012,-1.0055,-0.34593,-1.5553,-0.96696,-2.524,-2.9003,-1.8259,-1.6558,-2.6148,-3.6019,-2.3422,-3.8565,-1.4064,-3.2249,-2.2954,0.5962,0.47864,0.89464,2.4231,0.31278,0.93972,0.52802,0.13412,-0.31212,-0.79337,0.2539,-0.10235,0.70834,0.52014,0.045115,-2.75,-0.71453,1.1212,1.1919,0.44218,1.3795,1.3995,1.6332,0.92606,1.7563,2.5374,2.6385,1.2676,2.3505,-0.1856,1.6478,0.60994,1.3234,3.0865,1.7651,1.0012,1.2895,1.7796,1.3274,1.9812,-0.64128,0.83737,0.86678,0.74839,1.9797,1.8128,0.56013,1.7309,2.8678,-0.099947,1.2157,1.6277,1.2277,0.89255,0.41768,1.348,-1.4388,-1.6337,0.63473,2.1524,-0.24723,1.3008,2.0229,0.8017,1.0822,0.72363,0.33357,0.12273,1.1264,1.2067,2.9396,0.0038224,1.227,-0.52666,0.37603,0.5462,0.71346,2.002,0.032844,-5.7552,-7.5159,-9.0827,-13.562,-12.712,-7.105,-5.0273,-5.3936,-2.8965,-1.4691,1.6844,0.093932,1.9092,0.97568,2.4624,2.5723,0.61787,1.3045,0.74663,2.3339,1.7827,1.5879,0.38005,0.55593,1.2892,1.0212,1.6989,1.4274,2.3342,1.2758,1.0299,3.8163,2.195,1.1242,0.06137,0.60456,0.56702,0.062852,-0.013449,0.44327,0.238,1.2377,1.1129,1.0929,0.1607,-1.2039,-2.204,-0.66372,0.56674,1.2832,-0.031779,-0.37551,0.040034,0.6453,1.5162,-1.7748,-0.96675,-0.65721,-0.027668,-0.3433,0.34227,1.0097,0.38679,0.39935,-0.12717,-0.22697,1.0859,1.9932,0.64692,0.79896,0.17654,0.39723,-0.71457,-0.17324,-0.46208,-0.68717,-2.2745,-4.2703,-1.0246,0.23871,-0.40745,0.27142,0.19225,-0.69887,-1.8936,-1.5178,-1.2408,-1.5047,-1.8511,-1.3523,-1.4044,-1.1399
0,0.090118,0.15167,0.05044,0.13263,0.36197,2.121,2.4867,-0.2246,0.63177,1.5856,-0.49306,0.096125,1.6046,-1.0082,-0.37027,-1.5573,-0.97013,-2.5077,-2.9002,-1.8221,-1.6823,-2.5999,-3.6012,-2.3461,-3.8526,-1.4023,-3.2035,-2.2898,0.59396,0.47454,0.89361,2.4247,0.30962,0.93694,0.5361,0.1187,-0.3132,-0.79657,0.26168,-0.10373,0.71072,0.53838,0.047695,-2.7554,-0.68731,1.1206,1.1938,0.4505,1.376,1.4026,1.6276,0.92032,1.7567,2.5307,2.6378,1.2655,2.3582,-0.18317,1.6467,0.61033,1.3227,3.0878,1.7701,1.005,1.2898,1.7714,1.3243,1.9786,-0.64066,0.84377,0.86987,0.74806,1.9808,1.8073,0.57248,1.7285,2.8655,-0.1061,1.2125,1.629,1.221,0.89203,0.41891,1.3691,-1.4425,-1.6362,0.61607,2.1503,-0.24792,1.3136,2.0228,0.80284,1.088,0.72308,0.33449,0.11392,1.1284,1.2089,2.9075,0.0050266,1.2272,-0.51668,0.37608,0.53927,0.68447,2.0112,0.024259,-5.7729,-7.5194,-9.0793,-13.57,-12.709,-7.1025,-5.0253,-5.3836,-2.8928,-1.4757,1.6877,0.093653,1.9284,0.97572,2.4628,2.5695,0.61389,1.31,0.75715,2.3335,1.785,1.592,0.37978,0.55509,1.2832,1.0217,1.6901,1.3956,2.3301,1.2754,1.0413,3.8186,2.1971,1.1116,0.060975,0.60271,0.5942,0.063794,-0.017232,0.43445,0.23697,1.2356,1.12,1.0941,0.15617,-1.2116,-2.2076,-0.6584,0.55075,1.2833,-0.029625,-0.37888,0.042959,0.64993,1.5122,-1.7787,-0.96595,-0.64491,-0.027393,-0.34102,0.34685,1.0062,0.39014,0.37669,-0.12884,-0.22854,1.1058,1.9948,0.64361,0.80886,0.17817,0.39706,-0.71624,-0.17653,-0.4668,-0.67658,-2.2759,-4.2737,-1.017,0.23986,-0.40744,0.2759,0.19267,-0.69964,-1.8926,-1.516,-1.2359,-1.5114,-1.8466,-1.3542,-1.4042
0,0.34738,0.11843,0.34044,0.45393,0.60444,-0.66107,0.063923,0.8725,-0.48399,0.037928,0.25598,-0.4157,-2.6891,-1.7767,-1.1172,-0.70769,-0.77847,-0.17154,-0.44341,-1.1096,0.18768,-1.6775,-1.1107,-0.55312,-0.089395,0.30803,0.34309,0.0067257,0.3914,0.41721,-0.46088,-0.41295,-0.037237,-0.60665,-0.20399,-0.1282,-0.26935,-0.81693,-0.49069,-0.38554,0.3367,0.2883,0.14514,0.95821,0.77741,1.7229,1.4214,1.3792,1.8699,1.3869,1.125,1.9904,1.3134,1.9823,1.841,1.0947,1.0743,0.65113,0.42198,1.1208,0.28382,0.36374,0.73175,0.32894,-0.021944,-0.66564,0.36202,0.5583,0.015286,-0.30735,0.45403,0.39988,-0.58534,0.99707,0.90778,0.29528,0.41123,0.63261,0.20974,0.12988,0.48895,0.88242,0.49046,-0.5983,0.14927,0.2127,-0.54121,-0.47134,-0.37798,0.91732,0.70787,0.30032,0.044642,0.43389,-0.19362,-0.36926,-1.4351,-1.6173,-1.7738,-1.7821,-1.605,-2.3176,-1.7196,0.1052,1.7739,-0.48813,0.88674,0.79787,-0.54933,-1.919,-1.5316,-1.4017,-1.1821,-1.144,-0.81346,-0.21539,0.69774,0.53745,0.42617,0.28883,0.23746,0.77107,0.10489,0.80967,0.67438,0.82601,-0.061932,-0.37419,-0.29585,-0.52258,-0.35455,-0.19656,-0.11022,0.89467,0.28403,0.088475,-0.19096,-0.65743,-0.61923,-1.7412,-1.1925,-0.46494,-0.28092,-0.078766,-0.28118,0.21286,0.12979,0.012934,0.3732,-0.23075,-0.86802,-0.84973,-1.2734,-0.64804,-0.9222,-0.66298,-1.125,-1.1206,0.46413,0.12606,-0.37912,0.2001,0.45472,0.11891,0.36749,0.1419,-0.51239,-0.34275,0.67751,-0.47287,-0.29421,0.23064,0.64278,0.77557,0.91796,1.2964,1.6374,0.73636,1.6308,0.97117,1.7291,0.83907,0.11818,0.051969,-0.13715,-0.28596,-0.25475,-0.22553,-0.7098,-0.8581,-0.67549,-0.61489,-0.91952,-1.0345,0.45869,-0.62382,-1.0201,-0.35992
0,0.20467,0.32447,0.1189,0.37327,0.52809,0.40356,-0.57552,0.12998,0.75853,-0.36096,0.085362,0.23525,-0.5761,-2.6377,-1.7751,-1.0765,-0.65974,-0.73812,-0.26513,-0.53355,-0.80949,-0.1983,-1.7002,-1.0874,-0.66483,-0.16314,0.30576,0.24339,0.050452,0.30191,0.41484,-0.4862,-0.34136,0.010838,-0.77359,-0.15637,-0.10202,-0.22165,-0.86841,-0.48909,-0.39565,0.25427,0.2318,0.26614,0.86634,0.82458,1.6936,1.475,1.4888,1.822,1.3298,1.294,1.9902,1.501,1.9938,1.8697,1.0994,1.0117,0.67463,0.41403,1.112,0.25944,0.56985,0.6034,0.31081,-0.096425,-0.53787,0.43639,0.67267,-0.13848,-0.35818,0.44889,0.35033,-0.42661,0.99053,0.97231,0.35062,0.45383,0.72882,0.1757,0.13467,0.52333,0.87642,0.35014,-0.49762,0.23205,0.11557,-0.49253,-0.4521,-0.27941,0.95284,0.69374,0.30294,0.10222,0.41778,-0.12427,-0.42738,-1.5035,-1.539,-1.8141,-1.7844,-1.694,-2.2839,-1.5277,0.46773,1.5273,-0.27274,1.0577,0.85524,-0.65702,-1.9402,-1.615,-1.4464,-1.3153,-1.3727,-0.88308,-0.23491,0.63501,0.53955,0.33171,0.27576,0.24662,0.6435,0.23154,0.68579,0.69951,0.78473,-0.1133,-0.37202,-0.28856,-0.53269,-0.36138,-0.24832,0.08969,0.79851,0.40753,0.088005,-0.24168,-0.74598,-0.67383,-1.7466,-1.227,-0.42687,-0.3379,-0.11932,-0.18685,0.22013,0.14626,0.076777,0.33399,-0.2895,-0.78927,-0.93903,-1.188,-0.77102,-0.98706,-0.69574,-1.1692,-0.92088,0.39921,0.0068926,-0.37391,0.2886,0.44082,0.075633,0.34172,0.06397,-0.448,-0.22406,0.58437,-0.55358,-0.28177,0.28388,0.68848,0.73505,0.99758,1.3729,1.5553,0.75167,1.5955,1.0673,1.8151,0.67615,0.11507,0.12174,-0.18087,-0.29761,-0.28238,-0.28522,-0.73116,-0.85541,-0.70244,-0.69999,-1.0471,-0.82033,0.32582,-0.62792,-1.0137
0,0.12059,0.19118,0.34218,0.13239,0.39459,0.41342,0.42983,-0.55084,0.11952,0.79586,-0.34486,0.064328,0.16814,-0.56558,-2.6151,-1.7642,-1.0668,-0.6679,-0.78459,-0.29599,-0.43759,-0.92389,-0.21136,-1.6894,-1.1165,-0.6797,-0.18864,0.27429,0.26075,0.034255,0.29561,0.41031,-0.46433,-0.33136,-0.037327,-0.74644,-0.14841,-0.095904,-0.23872,-0.87112,-0.48385,-0.43007,0.23933,0.2668,0.21574,0.89136,0.8215,1.697,1.5089,1.4816,1.8172,1.3864,1.2968,2.0409,1.5129,1.9988,1.8676,1.0797,1.0157,0.67931,0.41309,1.1034,0.30318,0.53002,0.59188,0.30629,-0.057545,-0.51551,0.45596,0.62958,-0.14448,-0.35674,0.43459,0.39828,-0.43415,1.0018,0.98943,0.37429,0.47661,0.71674,0.19617,0.15104,0.52233,0.81967,0.37438,-0.46881,0.22751,0.12415,-0.48765,-0.4389,-0.26634,0.95347,0.68237,0.32213,0.097997,0.43953,-0.14222,-0.45069,-1.4626,-1.5475,-1.822,-1.8241,-1.6918,-2.2241,-1.4125,0.39621,1.5984,-0.21577,1.0642,0.81331,-0.6586,-1.9653,-1.6271,-1.4893,-1.3741,-1.3907,-0.87307,-0.24504,0.63901,0.49259,0.33385,0.28603,0.22155,0.68425,0.19572,0.68505,0.68794,0.77168,-0.11673,-0.3679,-0.30664,-0.51938,-0.37207,-0.19615,0.098646,0.83325,0.40633,0.056674,-0.26814,-0.76513,-0.66271,-1.7543,-1.214,-0.46599,-0.34891,-0.090242,-0.17495,0.22361,0.17003,0.061019,0.31899,-0.27392,-0.80486,-0.91633,-1.2195,-0.77202,-1.0026,-0.70622,-1.1127,-0.94043,0.36283,0.010956,-0.35,0.28554,0.41443,0.068901,0.32167,0.071321,-0.4156,-0.2534,0.58983,-0.54573,-0.26564,0.27495,0.68153,0.76036,1.0117,1.3495,1.5603,0.74152,1.6317,1.0884,1.7622,0.67632,0.12981,0.10124,-0.18558,-0.31054,-0.30544,-0.29542,-0.73104,-0.86349,-0.73355,-0.74084,-0.99158,-0.85428,0.31856,-0.62393
0,0.071049,0.11264,0.20161,0.34727,0.14015,0.33181,0.423,0.44048,-0.54397,0.13168,0.80145,-0.35819,0.034907,0.17073,-0.54694,-2.6121,-1.7626,-1.076,-0.69116,-0.79615,-0.2581,-0.47356,-0.92891,-0.20647,-1.6984,-1.1196,-0.69823,-0.19703,0.27969,0.25877,0.029967,0.29533,0.41588,-0.46301,-0.34562,-0.023337,-0.74436,-0.14889,-0.10236,-0.24168,-0.86602,-0.49924,-0.43413,0.25047,0.2405,0.22701,0.89178,0.81805,1.7088,1.5087,1.486,1.8371,1.388,1.3136,2.046,1.513,1.9973,1.8614,1.0805,1.0191,0.6782,0.41048,1.1113,0.2889,0.52531,0.59654,0.3207,-0.049493,-0.51319,0.4432,0.62939,-0.14222,-0.3622,0.452,0.39266,-0.43199,1.0075,1.0016,0.38104,0.47239,0.72903,0.20334,0.15209,0.49696,0.82655,0.38539,-0.45899,0.22893,0.1259,-0.48883,-0.43281,-0.26483,0.94648,0.69069,0.32098,0.10758,0.43345,-0.15092,-0.42609,-1.4651,-1.5506,-1.8412,-1.8235,-1.6704,-2.1813,-1.4352,0.42055,1.6218,-0.21698,1.0482,0.81634,-0.66663,-1.9684,-1.6409,-1.5052,-1.3786,-1.3801,-0.87351,-0.24379,0.61437,0.49383,0.3387,0.28285,0.236,0.67334,0.19085,0.67938,0.68376,0.76803,-0.11513,-0.37711,-0.29948,-0.52357,-0.35593,-0.17684,0.11011,0.83213,0.3893,0.046873,-0.27487,-0.75546,-0.66652,-1.7503,-1.2378,-0.47009,-0.33932,-0.081389,-0.17447,0.23264,0.16186,0.055658,0.32185,-0.27625,-0.7985,-0.92615,-1.2118,-0.77926,-1.005,-0.69081,-1.1184,-0.9529,0.36683,0.017463,-0.35069,0.27087,0.41165,0.06104,0.31935,0.08205,-0.42633,-0.23901,0.59147,-0.53945,-0.27867,0.27396,0.68996,0.76114,1.0026,1.3516,1.5567,0.75503,1.6369,1.0702,1.7607,0.67986,0.11794,0.10007,-0.19174,-0.32104,-0.30996,-0.29669,-0.73335,-0.87624,-0.74775,-0.72391,-1.0019,-0.85973,0.3206
0,0.041861,0.066364,0.11878,0.2046,0.35044,0.11682,0.33556,0.42779,0.44223,-0.53954,0.13387,0.79581,-0.3715,0.035463,0.17766,-0.54609,-2.6122,-1.7659,-1.0874,-0.69582,-0.78218,-0.27137,-0.47573,-0.92714,-0.20942,-1.6988,-1.1264,-0.70076,-0.1951,0.27906,0.25651,0.030227,0.29706,0.41568,-0.46752,-0.34084,-0.022891,-0.7454,-0.15076,-0.10405,-0.23873,-0.87075,-0.50043,-0.43038,0.24136,0.24561,0.22768,0.89056,0.82243,1.7095,1.5107,1.4935,1.838,1.3939,1.316,2.0455,1.5132,1.9951,1.8615,1.0823,1.0186,0.67732,0.41312,1.1059,0.2868,0.52732,0.60201,0.32373,-0.049231,-0.51725,0.44393,0.63054,-0.14433,-0.35559,0.45073,0.39272,-0.42993,1.0124,1.0036,0.37941,0.47761,0.73219,0.20413,0.14321,0.49892,0.83096,0.38899,-0.45904,0.22955,0.12594,-0.48614,-0.43183,-0.26762,0.94998,0.6904,0.32421,0.10536,0.42999,-0.143,-0.42683,-1.4665,-1.5582,-1.8414,-1.8155,-1.6557,-2.189,-1.4262,0.42868,1.6202,-0.22346,1.0489,0.81355,-0.6674,-1.9738,-1.6454,-1.5063,-1.3739,-1.3792,-0.87299,-0.25299,0.61512,0.49617,0.33787,0.28827,0.23238,0.67194,0.18843,0.67804,0.68239,0.76869,-0.11959,-0.37432,-0.30095,-0.51844,-0.34909,-0.17283,0.1095,0.82539,0.38556,0.044317,-0.27147,-0.75701,-0.66515,-1.7586,-1.2393,-0.46663,-0.33595,-0.081402,-0.17083,0.22968,0.16002,0.055806,0.32052,-0.27439,-0.80165,-0.9235,-1.2151,-0.77982,-0.99971,-0.69267,-1.123,-0.95133,0.36864,0.017353,-0.35619,0.26977,0.40864,0.059812,0.32296,0.077976,-0.42104,-0.23865,0.59395,-0.54409,-0.27843,0.277,0.69081,0.75756,1.0035,1.3499,1.5621,0.75622,1.6305,1.0693,1.7614,0.67522,0.11749,0.097234,-0.19592,-0.32309,-0.31072,-0.29744,-0.73872,-0.88153,-0.74195,-0.72707,-1.0049,-0.85876
0,-1.1105,1.1767,0.45853,-2.0633,-0.0039804,-0.2244,-0.57058,0.70928,1.354,-0.3771,-0.25815,0.35149,1.2828,0.65964,-0.16033,1.1706,0.82586,0.32644,0.48172,1.0482,-1.7097,7.0722,-1.0639,-0.37313,0.10196,1.2,-1.3611,0.59646,-1.6753,0.39385,0.6966,-0.1123,-1.4913,0.83446,0.081795,1.403,-0.14149,-2.343,0.9328,1.1076,0.87305,1.3667,0.85999,2.3026,-1.481,-0.29843,0.4261,-0.17264,-0.22707,-0.62635,1.3885,-1.1577,0.80728,-2.0614,0.96235,-0.23701,1.2112,-0.38324,-0.80849,1.3296,-1.1385,0.27203,-0.74553,1.4557,-1.2686,2.5478,1.3558,-1.6007,-0.15344,-1.1734,0.51739,-0.67804,1.7317,-0.54334,-0.71272,-1.1635,-1.3166,-0.80881,-0.22225,-1.3,-0.11848,-0.090551,-0.15064,1.0889,-0.56494,-0.74065,0.0028221,-1.3046,0.19204,-1.333,-0.27638,-0.13277,-0.84064,-0.63289,-0.58209,-1.7001,-1.1366,-1.6459,-0.27394,-0.044253,0.27341,-0.49226,-2.3641,-0.65503,0.36298,-2.0987,-0.69101,0.26476,2.482,0.86027,-0.36918,0.12595,1.5147,0.93865,-0.017525,1.709,-3.4576,-0.9026,-0.32718,0.41012,-1.2454,-0.27455,1.1106,0.035753,-1.709,-0.863,-0.91806,0.40798,-0.25781,0.2114,0.30519,-0.78258,-0.42545,-0.058926,-0.39344,-0.58086,-0.76098,0.75365,-0.35864,-0.44168,0.68563,-0.0041607,0.28159,-0.41656,0.45482,0.53194,-0.026426,-0.71907,0.0023979,-0.51026,0.21818,0.20672,0.7843,-0.081576,-0.10591,0.6834,-0.58544,0.6338,-0.60811,0.085248,0.47866,-0.068264,0.36835,-0.89206,0.21013,0.30886,0.66167,-0.015427,-1.5762,0.91682,0.61807,0.347,-0.75788,0.10884,0.088795,0.85575,-0.16868,1.0936,-0.081752,0.075297,0.45047,-0.37748,0.97953,1.1637,1.4785,0.089884,-0.22332,0.1818,0.24079,0.15153,1.1465,0.54328,-0.71,0.53959,-0.39069,0.87096,0.48628,-0.026319
0,0.060602,-1.0813,0.92037,0.52521,-2.0026,0.13003,-0.27329,-0.55142,0.50419,1.4849,-0.27371,-0.23123,0.41641,1.2618,0.47235,-0.14972,1.1585,0.71051,0.3769,0.51912,1.0531,-1.9325,6.9252,-1.0084,-0.36907,0.13615,1.1507,-1.637,0.75715,-1.5819,0.43534,0.58226,0.14144,-1.4457,0.71279,0.24953,1.2768,-0.064823,-2.3843,1.0092,1.0424,0.8565,1.2778,0.86995,2.2776,-1.4176,-0.32588,0.35141,-0.16802,-0.24341,-0.6793,1.4587,-1.0815,0.72077,-1.9217,1.0142,-0.32535,1.2194,-0.37604,-0.79783,1.4748,-1.1745,0.24172,-0.71052,1.3213,-1.2373,2.41,1.338,-1.6358,-0.27526,-1.0328,0.44746,-0.63808,1.6987,-0.52362,-0.82925,-1.111,-1.3265,-0.85553,-0.30535,-1.2288,-0.12659,-0.15816,-0.15551,1.0657,-0.54899,-0.95346,-0.021004,-1.34,0.15518,-1.4019,-0.31932,-0.25108,-0.95686,-0.59446,-0.60122,-1.7336,-1.2099,-1.8503,-0.24965,-0.12457,0.46558,-0.77902,-2.3371,-0.69236,0.27517,-1.8686,-0.75838,0.34269,2.3573,0.69545,-0.43782,0.097327,1.3271,0.75719,-0.12735,1.5346,-3.4059,-0.79928,-0.22955,0.50973,-1.127,-0.30967,1.0996,-0.14368,-1.608,-0.64159,-0.82449,0.51267,-0.26199,0.21207,0.47461,-0.59171,-0.52637,-0.11253,-0.37871,-0.53378,-0.71974,0.80716,-0.41488,-0.53437,0.89892,0.089708,0.33142,-0.40273,0.60111,0.40509,0.034021,-0.65609,0.075829,-0.33394,0.21369,0.30323,0.8252,-0.024127,-0.023902,0.7572,-0.75574,0.82076,-0.67825,0.035778,0.34048,-0.049768,0.38681,-0.83019,0.2733,0.48662,0.66168,-0.17451,-1.5077,0.86456,0.68488,0.28765,-0.69689,0.23396,0.16438,0.84613,-0.10077,1.1433,-0.077573,0.23591,0.45749,-0.57622,1.1545,1.2091,1.6892,-0.089795,-0.2223,0.26757,0.1766,0.33414,1.1067,0.51535,-0.78905,0.50723,-0.28564,0.87419,0.48228
0,-0.0033071,0.05901,-1.1031,0.92158,0.53671,-1.8469,0.15549,-0.26643,-0.67364,0.52602,1.4866,-0.23603,-0.25557,0.43622,1.1805,0.48506,-0.12882,1.2471,0.7093,0.35272,0.5371,0.97979,-1.9194,6.9112,-1.0366,-0.39761,0.23017,1.1478,-1.6422,0.6978,-1.5774,0.43631,0.57706,0.15615,-1.4789,0.65366,0.27092,1.2905,-0.060746,-2.383,0.9992,1.0786,0.8491,1.3067,0.94532,2.2691,-1.4277,-0.25834,0.37326,-0.18649,-0.30435,-0.65334,1.4478,-1.0232,0.70413,-1.9138,1.0489,-0.34147,1.2262,-0.39146,-0.81131,1.4718,-1.0627,0.21363,-0.69675,1.2453,-1.2007,2.4262,1.4009,-1.6645,-0.30952,-1.0366,0.43524,-0.60466,1.7414,-0.49034,-0.82215,-1.1359,-1.2965,-0.85372,-0.35273,-1.2275,-0.12689,-0.12141,-0.12548,1.0768,-0.64753,-0.93397,-0.013393,-1.2571,0.16281,-1.4062,-0.28044,-0.23442,-0.96573,-0.59892,-0.61032,-1.7374,-1.2809,-1.863,-0.2397,-0.12631,0.5034,-0.74427,-2.2954,-0.74348,0.29738,-1.8582,-0.73918,0.33985,2.3175,0.68229,-0.44924,0.086436,1.2789,0.74613,-0.17491,1.5027,-3.4158,-0.75169,-0.24492,0.49317,-1.2059,-0.28382,1.0857,-0.09614,-1.6322,-0.66389,-0.81552,0.5138,-0.25069,0.16557,0.44608,-0.53003,-0.69447,-0.085911,-0.3806,-0.50475,-0.7409,0.80212,-0.46105,-0.55872,0.89927,0.16603,0.32277,-0.39617,0.58345,0.40541,0.037211,-0.65112,0.046083,-0.30534,0.14473,0.32328,0.78818,-0.11552,-0.03014,0.76029,-0.71811,0.81022,-0.69876,0.038453,0.36467,-0.056321,0.41779,-0.84015,0.242,0.53918,0.70496,-0.19884,-1.6331,0.8647,0.69931,0.37981,-0.72454,0.24422,0.23132,0.82631,-0.10456,1.1339,-0.078746,0.26283,0.44991,-0.58836,1.1716,1.2166,1.7034,-0.088167,-0.2284,0.27417,0.16365,0.33419,1.1007,0.49709,-0.72197,0.46229,-0.27366,0.87335
0,0.00018047,-0.0032203,-0.11219,-1.1006,0.9244,0.62966,-1.8435,0.15687,-0.32493,-0.66614,0.52902,1.5041,-0.23948,-0.25351,0.39006,1.1831,0.48782,-0.098803,1.2481,0.70636,0.33722,0.51719,0.97757,-1.9242,6.9063,-1.0398,-0.35816,0.2219,1.1516,-1.6574,0.69963,-1.58,0.44178,0.58102,0.14772,-1.5008,0.6548,0.2746,1.2953,-0.058373,-2.3861,1.0235,1.075,0.85381,1.347,0.94582,2.2672,-1.4047,-0.25412,0.37029,-0.21145,-0.29726,-0.65299,1.4563,-1.0221,0.70663,-1.9004,1.0459,-0.34049,1.2226,-0.38993,-0.81293,1.5059,-1.067,0.21191,-0.72293,1.2484,-1.1988,2.4424,1.3923,-1.6657,-0.31337,-1.0376,0.43915,-0.58062,1.7442,-0.48789,-0.83476,-1.132,-1.2985,-0.86805,-0.35243,-1.2296,-0.099909,-0.11673,-0.12329,1.0278,-0.64479,-0.93383,0.016886,-1.2576,0.16134,-1.3966,-0.28053,-0.23486,-0.97469,-0.60151,-0.61278,-1.7899,-1.2823,-1.8643,-0.227,-0.12728,0.50924,-0.75476,-2.3072,-0.73373,0.28574,-1.853,-0.74335,0.31219,2.3131,0.67969,-0.45674,0.073013,1.2744,0.71954,-0.17945,1.5042,-3.3838,-0.75147,-0.24401,0.46525,-1.2012,-0.2905,1.1126,-0.094546,-1.6331,-0.65456,-0.81522,0.51451,-0.26067,0.16576,0.45247,-0.60279,-0.68936,-0.084956,-0.36452,-0.50708,-0.74333,0.77632,-0.45961,-0.55603,0.94138,0.16504,0.3275,-0.41053,0.58502,0.40772,0.046051,-0.65192,0.050048,-0.32692,0.14952,0.31949,0.75547,-0.115,-0.033798,0.77278,-0.7221,0.80587,-0.70481,0.043599,0.36415,-0.037037,0.41778,-0.83976,0.25979,0.54302,0.703,-0.25231,-1.6305,0.86519,0.7412,0.37795,-0.7209,0.27117,0.22985,0.82684,-0.10757,1.1382,-0.074449,0.26028,0.45259,-0.58504,1.1881,1.2145,1.7037,-0.083885,-0.22888,0.27697,0.16373,0.33239,1.0957,0.50975,-0.7274,0.46441,-0.27391
0,-9.8487e-06,0.00017573,-0.082489,-0.11174,-1.0997,0.95668,0.63122,-1.843,0.14034,-0.32291,-0.66554,0.53392,1.5024,-0.23858,-0.26609,0.39096,1.1842,0.49718,-0.098853,1.2468,0.70221,0.33117,0.5171,0.97593,-1.9261,6.905,-1.028,-0.35954,0.22248,1.1467,-1.657,0.69918,-1.5795,0.44294,0.57856,0.14064,-1.4998,0.6558,0.27608,1.2957,-0.059136,-2.379,1.0226,1.0767,0.86562,1.3469,0.94523,2.2744,-1.4031,-0.25513,0.36307,-0.20923,-0.29747,-0.64973,1.4558,-1.0215,0.71104,-1.9015,1.0462,-0.34168,1.2223,-0.39031,-0.80248,1.504,-1.067,0.20392,-0.72091,1.2492,-1.1937,2.4399,1.3912,-1.6665,-0.31406,-1.0359,0.44619,-0.57888,1.7449,-0.49155,-0.83294,-1.1323,-1.3031,-0.86791,-0.35278,-1.2218,-0.09798,-0.11596,-0.13688,1.0289,-0.64455,-0.92463,0.01717,-1.258,0.16469,-1.3959,-0.28085,-0.2372,-0.97548,-0.60212,-0.62707,-1.7907,-1.2823,-1.8616,-0.22564,-0.12516,0.50694,-0.75869,-2.3047,-0.73646,0.28725,-1.854,-0.75097,0.31097,2.3124,0.67823,-0.46074,0.071893,1.2672,0.71763,-0.17944,1.5131,-3.3844,-0.75171,-0.25238,0.46707,-1.2029,-0.28295,1.1118,-0.09532,-1.6308,-0.65447,-0.81487,0.5107,-0.26181,0.16864,0.43123,-0.60089,-0.68926,-0.080561,-0.36578,-0.5077,-0.7505,0.77553,-0.45909,-0.54412,0.94085,0.16613,0.32395,-0.41029,0.58559,0.40985,0.044721,-0.65045,0.043068,-0.32538,0.1478,0.3096,0.75525,-0.11559,-0.030897,0.77174,-0.7235,0.80484,-0.70306,0.043332,0.36945,-0.037459,0.41696,-0.83446,0.26214,0.54195,0.68744,-0.25194,-1.63,0.87721,0.73984,0.37893,-0.71281,0.27008,0.22987,0.82589,-0.10688,1.1397,-0.07459,0.26018,0.45366,-0.58118,1.1883,1.2146,1.7044,-0.08374,-0.22874,0.27719,0.16311,0.33093,1.1,0.5071,-0.72676,0.46437
0,0.34445,-0.70537,0.61452,1.3231,-0.14406,-0.9603,0.32485,-0.49479,0.30144,0.17799,0.5268,0.59469,-0.59424,0.087204,0.0073578,-0.49224,0.31503,-0.60072,0.19545,-1.2214,-0.11192,-1.7297,-1.0206,-0.57098,-0.32061,-0.70414,-0.29858,-1.6043,0.019194,-0.30866,-0.49308,0.1158,-0.26299,0.57778,-0.89871,-1.3111,0.92199,-0.85632,-1.0102,0.35527,-0.21988,-0.99395,-0.29518,0.108,-0.29012,0.33015,0.11501,0.31762,0.076776,-0.34809,-0.78354,0.66005,0.023967,-0.14137,0.14213,0.27722,0.016541,-0.43443,-0.61573,0.10453,0.23956,-0.32201,0.4396,0.57791,0.54532,0.54521,0.70966,0.21431,-0.56137,-0.38198,0.43153,-0.028452,0.49443,0.36953,0.50271,0.031777,-0.29916,-0.29192,-0.23901,0.094908,1.2517,0.77357,-0.03922,-0.24115,0.017498,-0.086772,0.21707,-0.32069,-0.047931,-0.76144,-0.81766,0.02962,-0.48777,-0.50412,-0.82355,-0.97694,-0.55423,-0.11794,-0.97095,-0.51792,-1.9668,-2.1842,-1.6138,-0.73973,0.45279,-0.28021,0.082726,-0.24548,-1.8325,-2.2045,-2.279,-2.1125,-1.7921,-1.9283,-1.0469,-1.2871,-1.3814,-1.9647,-0.63567,-0.85372,0.13503,-0.33849,-0.67168,0.32767,1.4543,0.041834,-0.082867,-0.82546,-0.72966,0.43246,-1.4883,0.65488,0.45595,0.59337,-0.52479,-0.18714,-0.13972,0.18151,0.30133,-0.13457,0.5657,0.97011,0.71882,0.78907,1.1836,0.20464,0.59566,-0.044282,0.42892,0.69228,0.25132,0.45553,0.81015,0.52776,0.56538,-0.16795,-0.24862,1.1317,1.4567,0.48548,0.70853,0.21893,0.92816,0.56582,0.057723,0.60635,1.2366,0.59108,0.91298,-0.069941,-0.0043789,2.1954,0.5605,0.87984,-0.019298,0.58844,1.092,1.5987,0.60244,1.6057,1.3416,1.5984,0.18238,1.0572,0.13219,0.68831,1.1577,1.1321,0.67367,1.2219,0.83589,0.98981,1.193,0.76079,0.38985,-0.11383,0.87925,0.29703
0,0.11702,0.16959,-0.65622,0.77051,1.1761,-0.39605,-0.85756,0.26382,-0.40006,0.44192,0.21117,0.52154,0.3051,-0.60576,0.067735,0.1103,-0.34749,0.18001,-0.52319,-0.076173,-0.95133,-0.58288,-1.7797,-1.034,-0.54192,-0.41788,-0.68538,-0.54735,-1.4426,-0.068217,-0.27257,-0.40887,0.15713,-0.13928,0.27344,-0.98417,-0.96682,0.87891,-0.95607,-0.88872,0.25129,-0.43766,-0.98411,-0.10568,-0.04534,-0.24613,0.39026,0.21288,0.38679,0.031579,-0.62389,-0.55843,0.57854,0.096356,-0.018252,0.20341,0.23122,-0.17791,-0.49516,-0.58641,0.16241,0.12088,-0.085312,0.38274,0.56898,0.51524,0.6078,0.71477,0.22509,-0.6862,-0.47927,0.38464,0.044971,0.48118,0.37474,0.55349,0.0562,-0.32525,-0.3409,-0.22943,0.24069,1.3305,0.62382,-0.16957,-0.23539,0.057123,-0.066241,0.21601,-0.31918,-0.17273,-0.83634,-0.73444,-0.050482,-0.54148,-0.60994,-0.96062,-1.0023,-0.50868,-0.12719,-0.8786,-0.75183,-2.1891,-2.2096,-1.5572,-0.30752,0.23892,-0.071107,0.19972,-0.28621,-1.9721,-2.2917,-2.3521,-2.2561,-1.8214,-2.0356,-1.1182,-1.3784,-1.5829,-1.8921,-0.62291,-0.72872,0.12996,-0.54873,-0.52573,0.31152,1.51,0.11449,-0.19437,-0.85189,-0.63915,0.13295,-1.2175,0.77077,0.67373,0.47336,-0.54678,-0.17481,-0.23023,0.22674,0.20876,-0.088913,0.65781,1.0471,0.69892,0.89426,1.1479,0.3018,0.57157,0.0024727,0.43991,0.61856,0.3583,0.54749,0.90508,0.4607,0.39192,-0.25283,-0.089208,1.3796,1.3267,0.43251,0.7016,0.42407,0.87722,0.47974,0.11841,0.68017,1.3576,0.75645,0.78508,-0.1411,0.39034,2.1798,0.58388,0.71106,0.064787,0.66973,1.2619,1.4663,0.72449,1.6421,1.5518,1.4497,0.3215,0.97619,0.15466,0.77811,1.2216,1.0879,0.73624,1.1648,0.81418,1.0864,1.1035,0.84275,0.2622,0.15031,0.87427
0,0.039758,0.057619,0.27202,-0.64638,0.78492,1.0205,-0.37677,-0.85016,0.31895,-0.36587,0.45419,0.17378,0.50193,0.32104,-0.52994,0.079685,0.12788,-0.39636,0.18311,-0.54053,0.012281,-1.0383,-0.58496,-1.773,-1.0599,-0.56499,-0.47068,-0.71416,-0.53712,-1.4341,-0.060229,-0.28385,-0.40332,0.17432,-0.1812,0.30992,-0.9799,-0.94568,0.84513,-0.94818,-0.90399,0.21883,-0.4536,-0.95676,-0.17164,-0.046823,-0.25891,0.39073,0.23315,0.36785,0.013882,-0.59427,-0.56052,0.62746,0.09428,-0.0059785,0.20144,0.21863,-0.17018,-0.51057,-0.58464,0.15677,0.13828,-0.10746,0.38224,0.56573,0.53481,0.62158,0.73619,0.18703,-0.70392,-0.47958,0.37674,0.073926,0.47387,0.39324,0.56549,0.054343,-0.30187,-0.34775,-0.22447,0.24053,1.3245,0.58255,-0.14419,-0.22326,0.090646,-0.050672,0.21969,-0.3469,-0.17195,-0.84538,-0.74885,-0.046301,-0.54528,-0.57518,-0.9723,-1.0139,-0.42351,-0.13728,-0.87556,-0.78894,-2.1831,-2.1737,-1.4408,-0.3622,0.28229,0.0096898,0.22556,-0.30081,-2.0104,-2.3103,-2.3648,-2.2454,-1.8836,-2.0568,-1.1419,-1.4009,-1.5824,-1.9292,-0.62796,-0.7324,0.084622,-0.52691,-0.5572,0.31149,1.5094,0.10345,-0.20642,-0.85196,-0.62627,0.13328,-1.2255,0.81804,0.73019,0.49975,-0.54394,-0.22057,-0.24485,0.21679,0.23515,-0.090592,0.66715,0.95768,0.69145,0.91576,1.1923,0.30841,0.58081,-0.029223,0.43081,0.64463,0.35641,0.56946,0.8759,0.5167,0.39416,-0.26834,-0.10983,1.3637,1.3023,0.46594,0.72423,0.42006,0.84006,0.47642,0.10587,0.6776,1.3803,0.74094,0.82712,-0.13731,0.39834,2.1282,0.57238,0.72803,0.060604,0.65682,1.2644,1.4763,0.73962,1.667,1.506,1.4551,0.34302,0.96494,0.14886,0.77916,1.2022,1.0869,0.74278,1.1727,0.8048,1.0613,1.154,0.8128,0.27188,0.14884
0,0.013508,0.019576,0.29557,0.27433,-0.64251,0.69823,1.025,-0.37471,-0.80496,0.32704,-0.36285,0.42944,0.16932,0.50592,0.37352,-0.52701,0.084184,0.093258,-0.39577,0.17805,-0.51115,-0.0089554,-1.0391,-0.58252,-1.7787,-1.0655,-0.5989,-0.47806,-0.71116,-0.52504,-1.4323,-0.062452,-0.28797,-0.39917,0.16345,-0.1637,0.31179,-0.97532,-0.9606,0.84719,-0.95188,-0.91681,0.21524,-0.44649,-0.99118,-0.17152,-0.049472,-0.26338,0.39559,0.22871,0.36425,0.021462,-0.59502,-0.54558,0.6276,0.097267,-0.0055505,0.19801,0.22017,-0.1759,-0.50991,-0.58639,0.15016,0.13302,-0.10769,0.38886,0.57035,0.53812,0.62237,0.72719,0.18265,-0.70202,-0.48117,0.38362,0.071304,0.47797,0.39616,0.56462,0.059374,-0.30346,-0.34009,-0.22412,0.23866,1.3086,0.58819,-0.14106,-0.19166,0.094025,-0.04979,0.19548,-0.34687,-0.17364,-0.85596,-0.74802,-0.047576,-0.53091,-0.57795,-0.97493,-0.96887,-0.42546,-0.13751,-0.89674,-0.78794,-2.1743,-2.1311,-1.4538,-0.35115,0.31791,0.015206,0.22142,-0.32102,-2.0149,-2.3138,-2.3497,-2.2597,-1.8887,-2.0635,-1.1473,-1.4006,-1.6016,-1.9298,-0.62872,-0.74725,0.090087,-0.53429,-0.55976,0.31163,1.5064,0.094747,-0.20614,-0.85036,-0.62288,0.13197,-1.2136,0.86269,0.73611,0.5004,-0.57155,-0.22378,-0.24758,0.2349,0.23516,-0.088129,0.61657,0.95628,0.69636,0.94404,1.1937,0.31085,0.56414,-0.031376,0.43715,0.64976,0.36162,0.56241,0.9141,0.51683,0.39122,-0.29578,-0.11384,1.3577,1.3229,0.4716,0.72312,0.39827,0.83951,0.47365,0.097395,0.68309,1.3761,0.77575,0.82918,-0.13542,0.36168,2.1253,0.57669,0.72089,0.058159,0.65693,1.272,1.4801,0.74612,1.6527,1.5077,1.4597,0.33604,0.96376,0.1492,0.76944,1.202,1.0881,0.74962,1.1706,0.79853,1.0739,1.147,0.81583,0.27158
0,0.0045892,0.0066507,0.18725,0.296,0.27535,-0.6694,0.6992,1.0255,-0.35983,-0.80311,0.32777,-0.37061,0.4284,0.17026,0.52249,0.37417,-0.52597,0.07325,0.093218,-0.39699,0.18644,-0.51592,-0.0091603,-1.0383,-0.58384,-1.78,-1.0764,-0.60063,-0.47735,-0.70711,-0.5247,-1.4328,-0.06389,-0.28709,-0.40177,0.16904,-0.16345,0.31283,-0.97967,-0.96019,0.84641,-0.95594,-0.91766,0.21697,-0.45734,-0.99102,-0.17212,-0.051395,-0.26224,0.39457,0.22839,0.36603,0.021305,-0.59109,-0.54546,0.62828,0.097194,-0.0062784,0.19838,0.21867,-0.17571,-0.51033,-0.58944,0.14893,0.13294,-0.10499,0.38989,0.57119,0.53773,0.6203,0.72618,0.18336,-0.70241,-0.47942,0.38244,0.072116,0.47869,0.39623,0.56575,0.058975,-0.30076,-0.33997,-0.22452,0.23359,1.3098,0.58901,-0.13055,-0.19094,0.094247,-0.057641,0.19553,-0.34725,-0.17704,-0.85574,-0.74832,-0.04326,-0.53158,-0.57863,-0.96077,-0.96933,-0.42552,-0.14397,-0.89667,-0.78573,-2.1621,-2.1341,-1.4511,-0.34068,0.31912,0.014119,0.21603,-0.32207,-2.0157,-2.3091,-2.3529,-2.2609,-1.8899,-2.0645,-1.1472,-1.4069,-1.6017,-1.93,-0.63223,-0.74599,0.088305,-0.53561,-0.55969,0.3109,1.5036,0.094793,-0.20584,-0.84909,-0.62313,0.13484,-1.1987,0.86408,0.73625,0.49188,-0.57232,-0.22446,-0.24169,0.23495,0.23575,-0.10384,0.61621,0.95749,0.705,0.94439,1.1943,0.3058,0.56374,-0.0299,0.43918,0.65093,0.3599,0.57449,0.91412,0.51614,0.38257,-0.29669,-0.11532,1.3639,1.3241,0.47134,0.71631,0.39814,0.83878,0.47059,0.098534,0.68202,1.3877,0.77613,0.82969,-0.1472,0.36118,2.1263,0.57398,0.72027,0.058207,0.6592,1.273,1.4817,0.74219,1.6531,1.5088,1.4573,0.33565,0.96378,0.14626,0.7693,1.2023,1.0902,0.749,1.1691,0.8016,1.0724,1.1477,0.81578
0,0.42312,0.17275,0.77542,0.26254,0.74906,-0.4161,0.36558,-0.02523,-0.38324,-0.22559,0.47946,0.39241,0.10947,0.59306,0.28512,-0.81342,-0.2503,0.13262,0.022803,0.16541,-0.020871,-0.33811,-0.148,0.00030751,-0.74949,-0.55478,-0.35524,-0.32582,-0.35537,-0.11873,-0.49298,-0.51811,-0.34838,0.22712,0.16148,-0.20993,-0.66067,-0.52288,-0.61709,0.089605,0.079495,0.098199,-0.36054,-0.565,0.0088216,0.065691,-0.74177,-0.23371,-0.010151,-0.49458,0.85516,0.07088,0.31273,0.18016,-0.62089,-0.044847,0.12089,0.67661,-0.068107,-0.030978,-0.17067,0.36691,-0.22126,0.4563,0.35404,0.17465,0.66092,0.17456,-0.029391,-0.082556,0.80067,-0.0013625,-0.17067,0.91689,0.25306,0.030814,-0.34682,-0.063134,0.66287,0.13129,0.049045,-0.26198,0.56747,-0.051261,0.76326,-0.12437,-0.1503,0.033995,0.046104,0.3216,-0.0051079,-0.45646,0.075927,0.072465,-0.094377,0.72759,-0.20243,-0.5565,-0.11267,-1.0382,-0.094712,-0.31496,-0.44281,0.19392,-0.50694,-0.072712,-0.41968,-0.046002,-0.83289,-0.77612,-1.1085,-1.2414,-0.274,-1.4237,-1.0622,-0.87799,-0.58753,-0.59863,-0.5389,-1.1409,-0.5493,-0.49494,0.18645,0.23101,0.73101,-0.97033,-0.64511,-0.28328,-0.35654,0.10064,0.77154,-0.9072,-0.88387,-0.048402,-0.041584,0.78466,-0.14727,0.66148,-0.29731,0.10718,0.46036,0.033481,-0.12942,0.08992,0.1039,0.42207,0.10522,0.0077728,0.29334,0.25095,0.25993,0.15658,-0.36192,0.070723,0.15529,0.86019,0.5364,-0.10268,-0.045195,0.57634,0.39053,0.16206,-0.10866,0.49213,0.25069,0.11632,0.08031,-0.49568,0.084476,0.25197,0.39106,-0.40404,0.09195,0.52144,0.58863,0.47571,0.39967,-0.25105,0.9644,0.56082,0.91211,0.2925,-0.11255,0.22681,0.77569,0.26321,0.41668,0.20064,0.342,0.58464,0.85093,0.81627,0.13194,0.49637,0.67388,0.026731,-0.71498,-0.025142
0,0,0,0,0,0,0,0,0,0,0,0,0,3.0505,-2.9201,-0.1722,1.7787,-1.504,-0.67541,1.1688,-0.89759,-0.18212,-0.72822,-0.20793,0.47248,1.6859,-1.4054,0.8067,0.084386,0.48632,-0.9725,0.33578,0.2255,-0.66932,0.8107,-0.19729,-1.4753,3.2438,-1.5743,-0.99626,1.3431,-0.28216,0.73998,-0.30176,-0.025214,-0.91193,0.27423,-0.4494,-0.025692,0.84143,-0.34767,-0.071922,0.62675,-0.17624,-0.94682,1.9193,-1.527,0.38096,0.072731,-2.2758,1.5908,-0.1632,0.64062,-0.37096,1.2912,-1.706,0.22055,0.83398,-1.258,0.77465,0.16261,-0.49805,-0.83416,0.45849,-0.45826,0.73868,0.58485,-1.2595,-0.1837,-0.78611,1.5444,-0.59925,-0.3654,-0.5923,-0.43359,1.4712,-0.79357,0.52865,0.70557,-1.288,0.48028,-0.19736,0.2232,-0.067279,-0.87258,-0.58317,0.25872,0.67369,-0.88601,0.19499,0.55799,0.16852,-0.1365,0.82144,0.08239,-1.1615,1.0106,-0.25622,0.72303,1.1774,1.5004,0.20977,0.60687,1.2225,0.72013,-0.54665,0.83417,1.2377,0.25846,-0.18869,0.53126,0.7788,-0.16522,0.39911,2.0619,-2.194,-1.0352,1.2545,0.011745,-0.46507,0.74368,-0.028641,-0.77683,-0.06067,0.13434,0.12202,0.51782,-0.7974,0.3785,0.86409,-1.3285,1.1291,-0.74729,-1.4901,0.5362,0.58154,-0.91342,1.1031,-0.83001,0.10159,0.26057,-0.5203,-0.42712,-1.0327,0.55244,-0.88465,0.12879,0.60387,0.41,-0.75361,0.14652,-0.59431,-0.02374,-0.36707,-0.2619,0.13586,0.20044,-1.5767,-0.87441,0.2269,0.82826,0.22855,0.56135,-0.22576,-0.031394,-0.11326,0.94225,-1.7081,0.34748,-0.96347,-0.1123,0.45819,0.10904,0.075834,1.243,-0.92383,-1.2583,2.1868,-2.3589,0.052352,-0.1659,-1.1785,0.097412,0.98833,-0.24967,0.21682,0.41819,-0.10581,0.035141
0,0.29131,0.2396,0.70381,-0.67823,-0.044175,0.81911,0.43738,-0.55203,0.59486,0.2117,0.074655,0.57325,1.4243,0.77232,0.29322,0.38509,1.4499,0.78603,-0.20286,-0.15242,1.9296,-1.1187,0.061467,-0.061093,-0.072845,-0.1219,0.1779,0.23675,-0.23511,-0.64695,0.022932,0.22233,0.0067732,0.44238,-0.15936,-0.046581,0.61246,1.1019,-0.055285,-1.0149,-0.82117,-0.45287,0.13446,0.7968,0.14921,-1.2252,-0.84845,0.0098666,0.433,-0.48501,-0.6407,-0.38958,0.077267,0.67529,-0.66396,-0.51818,0.15358,0.32581,0.52489,-0.81292,-1.0565,0.19715,0.33209,-0.076053,-0.53113,-0.69297,1.143,1.1475,3.4731,-0.46994,-2.301,-0.98636,0.57516,-0.36443,-0.4709,0.57892,0.058159,-0.07377,1.0839,0.54068,-1.7567,-1.5279,-0.48369,0.5309,-0.022884,0.39669,0.54364,0.18371,0.44049,-0.0031983,-0.051255,-0.51377,0.48467,0.11548,1.163,0.3764,0.21612,0.24387,0.52246,0.037225,1.1706,2.1993,1.5275,0.15027,1.7041,-1.227,-2.9949,-0.10618,2.0508,1.8665,0.53148,0.54399,0.38919,1.8719,-0.61657,0.087191,-0.10403,-0.19383,-0.083155,-0.53597,-0.65958,-0.97497,-1.0864,-0.83832,-1.1323,-0.77661,-0.067796,-0.42834,-0.31809,0.073773,-0.10655,0.10795,-0.033737,0.2324,0.055458,0.39263,0.19377,-0.5372,0.13547,0.29268,0.13495,-0.34018,-0.03062,-0.55132,-0.05238,-0.12932,-0.1387,-0.076161,-1.026,-0.30909,-0.5397,1.2344,0.64167,0.45033,-0.96332,-0.5872,-0.20659,0.81674,-1.0116,-0.88823,-0.37104,0.012545,0.086189,0.059696,-0.2603,-0.41503,-0.17648,0.24796,0.32798,-0.54758,-0.69744,0.069729,-0.36764,-0.28773,-0.38515,-0.53999,-0.017939,-0.27284,-0.9322,-1.1283,-1.5969,0.42103,-0.046417,-0.067491,0.30254,0.13327,0.026941,-0.11415,-0.48332,0.35309,0.31117,-0.41959,-0.093849,-0.89194,0.094275,0.45136,0.055598,0.016974
0,0.48587,-2.172,0.60624,0.3646,-0.76464,3.2597,-2.9584,-0.10686,0.95543,-1.3959,0.3819,0.070633,-1.303,0.63734,0.52777,-1.079,0.86791,0.096742,-0.35817,0.18827,-0.1941,0.95238,-0.58177,0.50158,-0.41406,1.0166,-0.40066,-0.041151,0.17573,-1.0254,1.0387,0.26306,-1.1581,0.02788,0.30994,-1.0133,0.63152,0.46019,-0.039213,-0.13446,0.28563,0.17987,-0.35799,0.056477,0.29617,0.42948,-0.3635,-0.35523,-0.70704,0.14358,0.84275,-1.0069,-0.48054,0.25783,-0.10421,-0.31067,0.13707,-0.71288,0.62026,-0.19965,-0.13016,-0.10675,-1.0465,0.60228,1.3235,0.050939,-1.4391,0.70642,-0.28539,0.39223,1.1841,-0.47738,-1.6685,1.0229,0.76902,-1.4862,-0.019583,0.3489,-0.98806,-0.32244,2.7647,-1.5423,0.80294,-0.038359,-1.0309,0.11056,0.40418,0.33723,-0.73423,0.098833,0.75451,-0.54179,-0.85354,0.15253,-0.11865,0.96491,-0.66767,-0.29964,-0.33917,-0.18091,-0.098412,-0.37141,-0.63176,-0.14578,0.39449,-0.87329,0.67147,0.30802,-1.7317,-0.50727,0.66095,0.15117,1.1186,-0.85531,1.5095,-0.035337,-0.13145,0.40009,-0.42003,-0.43225,2.8958,-0.79968,0.12504,0.64748,-0.32183,-0.043411,0.28026,0.08506,0.74276,-0.87752,7.5293e-06,-0.51335,0.79391,-1.2459,1.4061,-1.406,0.40196,-0.68453,0.83317,0.58291,-0.74682,-0.0055993,0.79134,0.91385,-0.45449,-0.27734,-0.39061,-0.2426,-0.096752,0.43054,0.51474,-2.2289,1.12,0.43003,-0.11277,1.1085,-1.2104,0.88427,-1.4779,1.0551,1.0101,0.70909,-2.0735,0.38254,0.6698,-0.48657,1.0171,-0.78022,-0.63613,0.55645,0.1776,0.072506,-0.59742,0.39505,4.8144,-3.9246,-0.25654,-0.17953,-0.32847,-0.098013,0.83867,-0.57403,1.2151,-0.37105,-0.8312,1.0078,0.22738,-0.41265,-0.43378,1.1406,-0.046911,-0.64291,0.96479,-0.65427,0.57519,0.50144,-0.56357,0.23143
0,-0.39061,0.076879,0.082152,-0.5799,-0.14084,0.1359,-0.17378,-0.49013,0.19597,-0.050762,-0.39822,-0.13747,0.32109,-0.089212,-0.36065,0.98166,-0.085563,-0.24347,0.0032185,0.21953,-0.086016,2.7694,-1.4398,-0.52479,-0.38697,-0.44776,0.035362,0.39715,-0.67092,0.1145,0.27561,0.41122,-0.79171,-0.018491,0.1946,-0.21159,0.08909,-0.45118,0.92933,-0.35784,-0.21679,-0.11316,-0.011147,0.097095,-0.34703,-0.7084,0.28038,-0.77635,0.097231,0.19997,0.041815,-0.96737,0.33233,-0.34105,-0.058423,-0.11677,0.54286,-0.15453,0.12079,0.017962,-0.71953,0.15194,-0.20152,0.0094712,-0.28608,0.86447,-0.44107,-0.68611,-0.28552,0.18472,0.098399,-0.17142,0.92434,-0.72961,0.22894,0.18655,-0.11491,0.24229,0.15845,0.46164,-0.38682,0.18541,-0.027732,-0.048241,-0.17176,0.039512,0.19437,-0.19892,0.60812,-0.48207,0.23069,0.15705,0.4478,0.27881,0.18397,-0.13099,0.027892,-0.30022,-0.087103,0.13287,-0.046451,-0.31854,0.3192,0.44918,-0.1785,-0.76026,-0.5123,0.15083,1.4631,0.087042,-0.37598,0.68317,0.25115,0.55394,0.0042693,0.28954,-0.90231,0.58181,0.30821,-0.21082,0.1357,-0.036316,0.70628,0.077723,-0.43767,-0.04299,0.30907,-0.21004,0.39859,0.37704,0.18757,0.10379,0.21545,0.3219,-0.091106,0.013986,-0.06636,0.055094,-0.21831,-0.02033,0.32948,0.48079,-0.15934,-0.04372,0.041729,0.3884,-0.11175,-0.34428,-0.11452,-0.38195,0.1238,0.58304,-0.10244,-0.15558,0.30806,-0.11391,0.53608,0.031224,-0.46286,0.17293,-0.18346,0.13402,0.10558,-0.049589,-0.42982,-0.013417,-0.4287,0.11508,-0.19687,0.30329,0.10847,0.15599,0.1716,-0.0069212,-0.45779,0.13542,-0.23839,-0.30478,0.27193,-0.57178,-0.045159,-0.24139,0.65322,-0.80813,-0.19613,-0.2104,0.57342,-0.034474,0.0012455,-0.095094,-0.18479,0.32543,-0.05944,-0.090022,-0.0032381,0.24963,-0.13933,0.014525
0,0.28013,0.47869,0.2583,-0.36937,1.1041,-0.32007,0.14308,0.22469,-0.63436,-0.070477,0.27088,0.080367,1.2453,-0.42159,0.071365,-0.067845,-0.69427,0.28815,0.030955,0.62338,-0.42774,0.32595,-0.13312,0.26731,-0.20803,-0.43498,-0.11266,0.54599,-0.58985,-0.04116,-0.26953,-0.46774,-0.23513,0.14689,0.64887,-0.3179,-0.41642,0.050184,-0.70795,0.24152,0.22208,0.66878,-0.56405,-0.52556,0.02108,-0.16066,-0.80034,-0.18786,0.31437,-0.40664,1.206,-0.51576,0.5346,-0.15955,-0.19723,-0.3412,0.20872,0.8721,-0.73122,0.23317,-0.21528,0.78329,-0.72,0.75086,-0.39848,-0.029115,0.66761,-0.28322,0.46373,0.0043063,0.36842,-0.32666,-0.28402,0.79738,0.012153,0.34077,-0.57842,0.0027429,0.48101,0.27553,-0.64659,-0.43525,0.60481,-0.30388,1.176,-0.47348,-0.057868,0.51235,-0.41851,0.78462,0.054757,-0.56732,0.46879,-0.14104,0.00014536,1.09,-0.16352,-0.73067,0.54922,-0.8749,1.1383,0.11482,0.20944,0.36944,-1.2115,0.61012,-0.59919,0.47874,0.35537,0.50543,-0.25384,-0.26875,0.77721,-0.58552,-0.77563,0.0052631,0.34227,0.26655,-0.61709,-0.50724,-0.30384,-0.17772,0.58379,0.46036,-0.52162,-1.1348,-0.0058523,0.2558,-0.32284,0.029983,1.6126,-2.109,-0.52891,-0.042801,0.39163,0.85365,-0.52472,0.67759,-0.31325,-0.0033376,0.35949,-0.56282,-0.68596,-0.034991,-0.12145,0.33347,0.0089559,-0.01077,0.025063,0.031502,0.09619,-0.22266,-0.97612,0.26982,-0.32707,1.0676,0.51724,-0.66728,-0.60001,0.67728,-0.24237,0.17039,-0.66864,0.41049,0.19072,-0.15846,-0.84143,-0.77331,-0.064806,0.70146,0.35282,-1.379,0.52452,-0.011776,0.67177,0.26308,-0.53187,-0.80012,0.86885,-0.50384,0.73578,-0.39421,0.1641,0.072791,0.70362,-0.7192,0.6399,-0.81468,0.16017,-0.0089063,0.24746,0.28237,-0.091747,0.33936,0.56165,0.11319,-1.1602,0.28381
0,-0.26099,0.20215,-1.3526,0.77297,-0.41972,-0.27961,-0.58646,0.45282,-0.88502,0.53331,0.1121,-0.096645,0.23957,0.24821,0.047486,0.28492,-0.41939,0.39732,0.48588,-0.90485,0.94829,-2.0513,1.1266,0.11495,0.96695,0.56358,-0.96365,-0.82651,1.7928,-0.56602,-0.71249,-0.18969,1.7273,-1.1998,0.7027,-0.1683,0.38143,-0.88707,0.45595,-0.60391,0.66752,0.32186,-0.20454,-1.0996,0.98821,0.1182,0.40663,-0.24158,-0.99155,-0.51332,0.29626,0.20409,-0.68281,-0.36766,0.71237,0.13851,-1.2123,0.85108,-1.6996,1.3181,0.79362,0.033505,-1.8456,0.67475,0.21231,-0.59591,-0.59751,0.58047,0.20806,-0.34054,0.27853,-0.8838,0.89915,-0.68504,-0.85371,-0.80986,1.0457,-0.80762,-0.43884,-0.39889,0.70536,-1.4513,0.65503,0.031458,-1.6576,0.70554,-0.12152,0.22608,-0.82675,0.57894,-0.76573,-0.21637,-1.2772,0.88833,-0.83715,-1.1866,0.73692,0.68564,-1.0644,0.039671,-0.6482,0.81168,-0.88514,-0.39213,0.36647,0.80555,-0.46108,-0.54568,-1.5141,2.6062,-0.96138,-0.38412,1.3709,0.66377,0.20046,-0.8419,0.88022,-1.0883,1.0885,-0.33594,0.91861,-0.18274,0.066287,0.82696,-1.5785,-0.80334,0.43621,0.93783,-0.15773,-1.3401,-0.20232,-0.18529,1.9926,-2.3232,1.6591,-1.0301,0.25043,0.82497,0.33662,-0.71014,1.1745,-0.7739,1.94,-0.21918,0.21523,-0.61313,-0.29018,1.2024,-0.62073,1.2249,-0.32621,0.11333,1.1352,1.0446,-1.0464,1.9197,-1.0322,0.74337,0.74112,-2.0619,1.3234,-0.93826,0.4972,0.31053,-0.6977,0.75267,2.1946,-1.0918,-0.85748,0.26163,-0.074267,0.6439,-0.50149,-0.79203,2.0012,-1.3489,0.25658,0.90036,-1.0606,1.2668,0.51194,-2.1043,0.66077,2.6114,-1.8003,1.6973,-0.55438,-0.021473,0.69849,-1.1442,0.96421,-0.077031,0.0050648,0.85763,-0.77139,0.22122,-0.21566,0.10124
0,-0.31479,0.025332,-0.0096594,0.75178,0.17385,-0.47172,-0.26765,-0.43003,0.24158,-0.32493,0.019742,-0.0050085,-0.72272,-0.25143,0.23057,0.15768,-0.52727,-0.29202,0.078905,0.23151,0.38969,0.73505,-0.18188,0.64006,0.74242,0.057574,0.73384,0.022885,0.24902,1.1458,-0.42912,-0.14547,-0.04103,-0.14908,0.59505,-0.56549,0.50946,-0.064566,-0.25347,-0.17933,0.36381,0.14687,0.32564,-0.0052709,0.31632,-0.24454,0.76392,-0.48681,-0.19639,0.11764,-1.2973,0.032839,0.57396,-1.5749,0.79469,-0.11752,-0.040839,0.47064,-0.33105,0.97172,0.1,0.41353,-0.69214,-0.1236,0.1823,0.63462,-0.58651,-0.2952,-3.251,1.2541,1.4112,0.26642,-0.41048,0.00015126,-0.31686,-0.060881,-0.80625,0.039832,-0.21618,-0.10474,0.043381,0.33295,-0.29411,1.0211,-0.86004,1.0501,-0.36385,0.57729,-0.28425,-0.44553,-0.20802,0.15121,-0.015258,-1.1693,-0.13952,-0.32021,-1.0062,-0.77928,-0.52149,-1.3021,-0.92348,-0.97161,-1.4224,-1.185,-4.3598,3.0463,1.2339,-1.2741,-1.3548,0.41139,-1.0366,-0.56976,-0.88989,-0.74375,1.5085,1.4196,0.37972,-0.36278,-0.080693,0.28068,1.0895,0.28064,0.44396,0.20798,1.5634,0.0099287,0.34676,0.22044,0.043823,-0.87741,-0.26791,0.42965,-0.73756,-0.94033,0.11768,-1.3156,-0.15192,0.43986,0.44245,0.44134,-0.023628,0.94286,-0.26855,0.39821,0.67756,0.14455,-1.3993,1.0781,0.50434,0.4531,0.45356,-0.84479,-0.1449,0.38896,0.8511,0.429,-0.41857,0.28987,0.56348,0.18552,0.17872,0.18604,-0.73105,0.82396,0.44666,-0.16046,0.36251,0.13254,-0.9202,1.0403,0.66609,0.029483,0.18352,0.60232,-0.078035,0.21246,0.51559,0.30592,1.5352,0.22461,0.28394,0.049485,-0.47159,-0.18018,-0.23017,-0.3227,0.9388,0.59913,-0.036038,0.058358,-0.43386,-0.10796,1.0004,-0.036286,-1.192,0.62491,-0.67665,-0.019277
0,0.9243,0.057941,0.0096861,0.57218,0.21083,0.089187,0.47642,0.29312,-0.41759,0.016316,-0.26467,-0.15079,0.22007,-0.10222,0.14792,-0.67691,-0.60591,-0.28053,1.4295,1.6395,-0.84188,-3.1399,0.1984,0.1081,2.2378,-0.2856,-0.063556,0.028255,0.28893,-0.026149,-0.69016,-0.30022,0.06716,-0.098014,0.027138,-0.10202,-0.15092,-0.1011,0.04504,0.3379,0.54026,-0.035919,0.96187,0.14396,-1.3354,0.3265,0.57597,0.0061807,-0.053314,0.13125,0.0017682,0.34386,0.26405,0.095112,-0.1778,0.15611,-0.40206,-0.04302,-0.36582,3.8359,-3.9365,-0.20575,0.25963,-0.20997,0.44843,-0.27439,-0.13337,0.20455,-0.78917,0.5258,0.49928,0.50824,1.0911,0.35545,0.10742,-0.18496,-0.11695,0.16681,-0.22027,-0.03708,0.50129,0.44907,0.21267,-0.073031,-0.034932,0.20026,0.13998,-0.043645,-0.30403,-0.14782,0.08251,-0.13315,0.20889,-0.33267,-0.22973,0.53199,0.29331,0.23318,0.064213,-0.65651,5.3445,-3.2128,-1.6941,-1.0835,-0.19594,0.62982,0.61601,-0.7575,-0.16103,-1.4352,-0.19412,0.37622,1.3447,-2.3427,-0.63249,-0.76747,0.46879,-0.54761,0.11194,0.11894,-0.22859,-0.38515,-0.11889,0.64525,0.83032,-0.044704,0.015904,0.079923,-0.32031,0.038325,0.076895,0.72675,0.45825,0.11577,-0.31092,-0.42762,-0.16036,0.16199,0.30099,-0.23209,-0.66583,-0.12136,-0.38494,0.73296,0.52284,0.34705,0.088808,0.19923,-0.11123,0.098509,-0.57385,-0.46233,0.21183,0.47456,1.3352,2.7118,-7.6193,-0.11029,0.064313,-0.1421,0.27195,0.015926,-0.30521,0.23643,0.042552,-0.67574,0.039475,-0.14258,0.45399,0.22503,0.091211,-0.14404,0.081514,0.18044,-0.13335,0.081385,-0.092561,0.040941,0.47993,0.37542,0.12015,0.025341,-0.65416,0.19622,-0.17714,0.049207,0.10896,0.1059,-0.01908,0.11026,-0.1946,0.13298,0.39532,-0.083943,0.16043,-0.1301,-0.20787,0.042827
0,-0.02827,-0.4406,-0.10095,0.74091,-0.7879,0.96562,-0.36945,1.0423,-0.78981,-0.48371,-0.20483,-0.33959,-0.067106,0.38587,-0.53203,-0.80092,0.55563,-0.91864,-0.63428,0.90913,-3.1423,0.74953,0.72802,0.37482,0.53994,-0.31952,0.070621,0.45039,-0.18428,0.19102,-0.14018,-0.079146,-0.67138,-0.33997,0.32785,-1.5382,0.26592,0.064242,-0.33929,-0.10276,0.60992,1.2144,-0.097656,-0.91472,0.67025,0.68577,0.73956,-0.76173,-0.71859,1.4367,0.5297,-1.0705,-0.13097,-1.597,0.26793,-0.11417,0.2689,-0.27438,-0.84505,1.0607,-0.18369,-0.41661,-0.040326,0.35007,-0.36601,-0.42539,-0.29348,0.12815,-1.2032,0.60821,0.29333,0.60108,-0.18358,0.091993,0.58084,-0.57884,0.26719,0.084506,-1.3533,0.55451,0.7587,1.2196,0.48196,-0.42343,0.43043,-1.2688,1.2031,-0.77633,0.57194,0.11691,0.10218,0.89846,-0.27507,0.77595,-0.48785,0.082361,0.47588,0.60409,-0.41731,1.3234,0.3344,0.78698,0.092072,0.17567,-1.0742,1.2407,0.08198,-0.66599,-1.0926,2.1214,0.75699,-0.046614,1.1797,0.73675,0.6684,-0.38483,1.4805,0.82777,-0.50469,0.95049,-0.86472,0.055964,0.71924,-1.1478,1.042,-0.49041,0.8645,-0.36898,-0.21639,1.3158,-0.028874,0.080927,-0.29314,-0.96924,1.2395,-0.18586,-0.53437,-0.74027,1.0373,-0.29986,0.40276,-0.42763,-0.91291,-0.017641,-0.76916,0.26212,0.56144,-0.69023,0.15476,0.45029,-0.42093,-0.66626,1.0018,-1.7832,0.74746,0.93101,-0.65284,-0.26211,-0.31783,0.48712,-0.35535,0.52199,-0.2539,-0.28679,-0.45389,0.74728,0.03032,-0.63461,-0.1207,-0.71628,0.42523,-0.55602,0.15824,-0.52929,-0.082116,0.068934,-0.72236,0.55979,-0.50854,0.041501,-0.61898,-0.44283,-0.11082,0.21567,-0.61246,-0.26663,-0.10463,-0.68128,0.47481,-0.46262,-0.3377,0.19721,-0.81492,0.76617,-0.4205,0.29154,-0.05183,0.0081079
0,0.16363,0.63694,0.11987,-0.52293,-0.13799,0.74211,-0.073203,0.11788,0.75926,-0.49851,-0.3355,0.26563,0.53609,-1.4066,1.1742,-0.80013,-0.8934,0.34952,0.37639,-0.01145,-0.25794,0.73826,0.26268,-0.69284,1.3163,0.97215,-0.70231,1.077,-0.12882,0.33314,-0.60463,0.64912,-0.17014,-0.53268,1.7414,0.50073,-0.92982,-0.64559,1.2366,-0.12157,0.023734,0.12719,0.38313,-0.97332,0.75643,0.0024853,-0.33162,0.80804,-0.5306,0.36972,0.60709,-0.52821,-0.23137,1.0056,-1.0976,0.41781,-0.54019,0.39438,0.3521,-0.78488,-0.066149,-0.026716,-1.5467,1.1923,-0.41279,0.23502,-0.32943,-0.10327,0.85075,0.54176,-0.70694,0.061709,0.081023,-0.92318,-0.053461,-0.56857,0.33893,-0.51805,-0.088964,0.31116,-0.12951,-0.55601,0.074802,0.16908,-0.73323,-0.70697,1.1115,-0.90621,-0.15427,-0.067926,0.066654,-0.21535,-0.19563,-0.0492,-0.011071,-0.59916,0.88629,0.90719,-1.1664,1.3562,-0.18165,-0.17458,1.028,-0.29411,-0.023712,1.4801,-1.6939,0.3791,-0.94473,-0.86347,1.3767,0.41013,-0.24359,0.71364,2.2374,-0.7588,1.5789,0.060021,0.26341,0.72291,-0.92983,0.89334,-0.08878,-0.61861,0.4916,0.78014,-0.93348,0.63681,-0.46867,-0.27629,-0.64143,0.42628,0.89987,-1.4011,0.27396,-0.62241,0.50024,-0.0093951,-0.18211,-0.42519,-0.056109,0.032965,-0.20504,0.38967,-0.34486,-1.3552,1.5012,-1.0486,-0.034735,-0.012046,-0.26748,-0.33735,-0.2733,-0.57493,1.1985,-1.0214,0.047819,-0.047743,-1.3018,0.99996,0.57037,-1.0018,0.20122,-0.18241,0.22778,-0.20354,-0.58139,-0.46207,0.6382,-0.15915,0.10508,0.14965,-0.55989,-0.41919,-0.38256,-0.031051,0.12449,0.3112,-0.54151,0.95295,-0.32185,-1.2594,2.2187,-1.1524,-0.50379,0.32986,-0.6011,0.62837,-0.23574,-0.095996,-0.12556,0.39038,-0.26489,0.91013,-1.7912,0.49371,-0.17892,0.060076
0,-0.34695,0.15884,1.0347,0.0098217,-0.15193,-1.3257,-1.1605,1.9171,0.10841,0.24903,0.36555,-0.91635,-0.15275,-0.12476,1.7035,1.1388,0.36101,0.80943,-0.34635,-0.54791,-0.0040014,-1.2248,0.37123,0.8705,0.66196,-0.20536,-1.5432,0.68605,-0.38107,-0.81102,-0.39182,-0.96957,-0.37479,0.50221,0.24941,0.52423,0.53485,0.047388,-1.219,0.71936,0.43125,0.66069,0.38858,0.13014,1.0088,1.0553,-0.49356,1.7589,-1.1291,-0.29762,1.0106,0.59959,-0.21786,1.2353,1.2768,0.47659,-0.78299,-0.18275,0.49105,0.49538,0.66992,1.0897,0.32228,-0.11187,1.2821,-0.12469,0.265,0.98401,1.111,0.86237,0.46155,0.67931,-0.30089,0.67249,-0.1475,-0.8842,-0.78244,-0.67844,-1.1496,-0.77304,-0.64437,-0.83408,-0.22694,0.12035,0.27527,-0.056268,0.14047,0.40046,0.41534,0.2384,-0.66708,0.12694,-0.097062,-0.50578,-1.7727,-1.0216,-0.26199,-0.64005,0.2903,-0.32803,-0.35052,-1.1898,0.2474,-0.71963,0.043222,1.2805,0.02612,-1.4999,-2.4998,-0.073329,0.077268,-2.4755,-1.5827,-1.1376,-0.23066,-2.0039,-0.23153,-1.6763,-1.6112,-1.8187,-2.3421,-0.76113,-0.10201,0.67991,-0.19546,0.1533,-2.542,-0.2953,0.30174,-0.93117,-0.49181,-1.4439,-3.648,-0.004394,0.66142,-0.23372,0.73739,1.9018,-0.6563,1.2843,-0.18745,-0.5978,0.10686,0.82663,0.36454,-0.28252,0.050277,0.65318,1.4373,1.2451,-0.37394,-0.25312,-0.12145,0.6821,-0.39676,-0.47321,-0.85783,0.76735,-0.26424,1.1182,0.2354,0.82311,1.2996,0.53858,0.54433,0.9392,0.51855,0.96601,1.3587,0.44169,-0.24445,-0.063377,-0.22697,-0.76544,-0.16767,-0.17186,0.3927,1.5447,-0.045656,1.3527,0.35811,0.47999,0.73775,2.0418,1.106,0.23377,0.093659,0.57586,0.10781,-0.13306,-0.71672,0.59588,-0.036953,0.96479,1.4051,-2.0806,-0.58156,-0.16389
0,0.10588,0.68801,-0.62908,-0.96644,0.089166,0.36084,0.0067044,0.076919,0.1811,-0.09697,0.022793,-0.10088,0.10109,0.19623,-0.42488,0.027811,0.49794,0.35081,-0.125,0.3173,1.2431,-1.2809,-0.20334,0.018939,0.020531,-0.18582,0.65778,0.33279,-0.033069,-0.59085,0.078272,0.029825,0.48181,0.26211,-0.87092,0.35245,0.90406,0.9747,0.33213,-1.382,-0.28061,0.31124,-0.10914,-0.1117,-0.80379,-0.35943,-0.23113,0.098817,0.56135,-0.48095,-0.3768,-0.31882,0.14452,-0.15565,-0.29744,0.80594,-0.075115,0.16058,-0.74649,-1.344,-0.04234,-0.12629,1.1366,-0.0022162,-0.42614,0.42937,0.44149,0.63901,0.93504,-0.45355,-1.557,-0.55219,-0.11114,-0.58094,-0.57519,0.88562,0.81475,-0.35953,0.34953,-0.077545,-1.1697,-1.294,0.14303,-0.01245,-0.90841,-0.14711,0.39279,0.64407,0.21642,0.54108,0.72888,-0.35843,-0.020281,0.60474,1.2278,-0.16901,0.59693,0.12501,2.0046,1.7449,1.7192,1.3754,0.66159,-0.84995,-0.3486,-1.8511,-1.5694,0.23269,1.0535,1.3536,1.8874,1.5461,1.6798,1.5806,-0.43205,0.49852,-0.13854,-0.16903,0.2804,-0.063523,0.42004,-0.25056,-0.5087,0.30185,-1.0731,-0.98637,-0.19018,-0.17256,-0.381,0.16078,0.67366,0.2004,0.41251,0.86414,0.80893,1.1045,-0.27153,-0.48183,-0.13412,-0.49122,-0.16834,-0.31148,0.3515,-0.14672,-0.51015,-0.40403,0.56414,-0.19105,-0.72057,-1.0604,-0.49964,0.64866,0.18743,0.22286,-0.43017,-0.48836,0.1008,-0.048191,0.44295,-0.22251,-0.31437,-0.4428,0.099587,0.10311,-0.14159,-0.59688,-0.87274,-0.090429,0.27808,0.41282,-0.30119,-0.67078,-0.12514,0.11017,-0.44132,-0.4473,-0.53678,-0.91792,-1.1751,-1.268,-1.1238,0.052728,-0.28275,-0.14309,0.64217,-0.06703,-0.53945,-0.73871,-0.39186,0.032808,-0.023,-0.37897,-0.51777,-0.19251,0.64084,0.070778,0.83457,0.38593
0,2.1161,-1.4306,2.0221,0.037133,0.70657,0.63441,0.71139,0.69632,0.61285,0.033273,1.3722,-0.62831,2.0482,1.4257,0.077366,0.70719,-0.64613,2.7459,0.76245,0.016349,0.8015,-0.0013216,2.7197,0.038739,-0.073625,0.57533,-1.4126,1.1462,-0.083914,-0.77654,-0.10366,1.8559,-0.73932,-0.70211,0.53272,-0.75229,-0.13881,-1.4134,-2.0493,-1.9331,0.57751,-1.4378,0.47904,-0.76547,-1.4533,-0.16744,-2.1153,-0.80799,0.45824,-0.21982,1.6692,0.44784,-0.24988,0.49646,-0.84692,-1.4334,1.6995,0.354,0.40479,-0.20216,0.40997,0.3679,2.2802,-1.5007,-0.15353,-1.4705,-0.22763,-0.84715,-0.86467,2.2209,1.0128,-0.26698,0.28766,0.40755,2.1722,0.92921,1.5478,0.93591,0.35539,0.92117,0.41525,0.42234,-0.86028,-0.34752,0.94341,1.1018,-0.44647,-0.12436,-0.24988,-0.095954,0.19721,-0.012177,0.47043,0.98266,1.2556,0.9266,1.4239,-1.0643,0.74113,-1.2556,0.10931,0.68971,1.0483,0.59554,0.089498,-1.3058,-0.65342,-1.713,0.63596,0.69403,0.79623,0.65195,-0.84906,-0.89774,-1.1835,-0.78775,0.33244,1.1516,-1.2041,-0.85571,-3.4891,-1.5106,-1.8477,-1.8793,-1.3184,-0.75272,-1.1118,-1.2761,-0.95305,-1.4504,-0.31081,-1.052,0.45106,0.20759,-0.85817,-0.60846,0.40522,0.85363,0.81675,1.4874,-0.63645,0.088651,0.10272,0.7177,0.43387,-1.0314,0.23751,0.25787,-0.22714,0.45069,-0.57468,-0.71773,0.12733,0.096896,-0.49434,0.11815,0.84552,0.068834,-1.1168,-1.7827,-0.81373,-0.19883,0.18099,0.33205,-0.32466,-0.71023,0.045404,0.12265,-0.28142,-0.68011,-0.2222,0.31309,0.50674,-0.44142,-0.64181,-0.98493,-0.33945,0.20895,-1.0926,-0.96792,0.24841,0.023162,0.4923,1.0325,-0.61203,0.093211,-0.094529,-0.49117,0.42146,0.4369,0.24838,-0.052445,1.6525,1.4996,-1.1318,0.3312,0.46407,0.12109
0,1.1508,-0.18227,0.32782,-0.89488,-0.4438,-1.0667,0.85245,-0.27228,0.84737,0.10138,0.33823,-0.56194,2.0273,0.4204,-0.12222,0.49659,-0.93202,1.3133,1.7009,-0.66419,-6.6367,6.19,1.0344,-0.91574,-1.1541,0.45079,-0.24529,1.3045,-0.14973,0.065904,0.40697,0.47476,0.12541,-0.38805,-0.53209,-0.68928,-1.3115,-0.24155,0.04207,0.044752,0.13303,-1.01,0.6789,-0.55423,-0.55152,-0.26493,-0.56144,-0.29084,0.72569,0.17414,0.10403,0.91955,-0.23353,0.64229,0.0093778,-0.78019,0.27319,-0.13251,-0.025754,-0.14834,1.3692,0.10331,0.95094,-0.41615,1.1431,-0.97123,-0.066846,-0.58113,0.72985,1.1081,0.92796,-0.38115,-0.10279,0.016243,0.8477,0.91717,0.40688,0.87271,-0.32237,0.50505,0.50868,0.29229,-1.1238,0.18158,2.529,0.86959,-0.92219,-0.59636,-0.53099,0.059128,0.021397,0.25102,1.2208,0.93241,-0.17811,1.0733,0.50022,-0.24336,0.84101,-0.28214,0.43071,0.25149,-0.15683,0.36164,0.82026,-0.52922,0.082522,-0.21093,-0.24928,0.19582,0.51156,1.6169,-0.16345,-0.19401,-1.2911,-0.4552,0.32576,1.2435,-0.90345,-1.0713,-0.66539,-0.68123,-0.32229,-1.3765,-0.43859,-0.43185,-0.95221,-0.655,-1.1525,-0.99818,-0.57493,-1.7808,-0.29295,0.19474,-0.49301,0.83168,0.8773,-0.056691,0.22513,0.62273,-0.74655,-0.054235,0.18462,-0.33772,1.1881,-0.21542,0.3835,0.27922,-0.05119,0.094926,-0.32477,-0.96055,-0.44593,1.1214,-0.37338,-0.85149,0.91873,-0.42563,-0.096711,-0.66322,-0.28255,0.12899,-0.52711,-0.25114,-0.43815,0.34477,-0.027917,-0.65753,-0.034736,-0.80767,0.30492,0.33186,0.11174,-0.18403,-0.18738,-0.87017,-0.19122,-0.44243,-0.64744,-1.078,-0.45778,0.071408,0.58805,0.17467,-0.25858,0.043446,-0.48361,-0.37045,0.52372,-0.70982,0.23959,-0.52543,1.5321,0.43952,-0.64832,0.15449,0.17364,-0.019658
0,0.53687,0.20342,0.62286,-1.0594,-0.38752,0.30293,0.50185,-0.76384,0.76974,0.17753,0.016807,0.33874,1.5456,0.58692,0.050608,0.60753,0.98528,0.86501,0.14295,-0.27077,-0.87876,1.3727,-0.13749,-0.44243,-0.42744,-0.02838,0.42884,0.62366,-0.35744,-0.39422,0.12936,0.082034,0.13698,0.49505,-0.37511,-0.33792,0.27486,1.1198,0.4181,-0.66893,-0.95395,-0.45476,0.18456,0.73645,0.26055,-1.1973,-0.71981,0.024792,0.57385,-0.26438,-0.72515,-0.26388,0.095376,0.86203,-0.5625,-0.45325,-0.1176,0.22904,0.40996,-0.67159,-0.74529,0.03823,0.4001,0.089615,-0.063908,-0.74985,0.97852,0.95282,3.4182,-0.44768,-1.9109,-1.07,0.48235,-0.45675,-0.3553,0.74057,-0.023222,0.066355,0.84412,0.42756,-1.4437,-1.4488,-0.66608,0.50476,0.75903,0.53526,0.32136,-0.027602,0.26256,0.060908,-0.071456,-0.3522,0.77011,0.31266,0.77837,0.57091,0.15771,0.35552,0.67702,0.26411,1.1747,1.9015,1.0905,0.21288,1.9422,-0.97427,-2.4645,0.14506,1.5564,1.6982,0.40902,0.84783,0.45423,1.8457,-0.8769,0.090865,-0.1018,0.095167,-0.26698,-0.60028,-0.19242,-0.75549,-0.8589,-1.1485,-0.94462,-0.536,-0.25241,-0.40311,-0.56734,-0.13026,-0.32859,-0.25665,-0.20771,0.32301,-0.063108,0.74668,0.52631,-0.51735,0.047258,0.19633,0.056521,-0.4096,-0.1066,-0.68844,0.24294,0.021907,0.051008,-0.15481,-0.68017,-0.20144,-0.4708,0.74866,0.36377,0.75433,-1.0878,-0.76398,-0.15235,0.54501,-0.54297,-0.87662,-0.045304,0.25488,-0.11304,-0.11232,-0.44419,-0.16007,-0.58728,0.024837,0.11578,-0.65418,-0.32759,-0.041029,0.077868,-0.064862,-0.30604,-0.63885,-0.25091,-0.50782,-1.2076,-1.2118,-1.7833,0.47055,0.23035,-0.36186,0.66624,0.32833,-0.068162,-0.26065,-0.56542,-0.024925,0.31756,-0.55497,0.22826,-0.90057,0.00022906,0.415,-0.0069003,-0.0040474
0,1.1749,-1.1919,-1.0419,0.0067871,-0.85323,0.42712,-0.191,-0.064644,-0.3878,0.39735,0.79065,-1.1033,2.1603,-0.68741,0.41891,-0.14672,-0.14998,-0.48164,-0.25816,0.068841,0.37543,-2.6075,2.1732,0.9329,-0.25808,1.5376,-1.049,-0.79195,1.4727,0.48118,-0.60476,-0.65285,2.4268,-0.23458,-0.49222,1.5396,-1.4295,1.6987,-1.92,0.65738,0.32907,0.071477,-0.26276,0.45264,0.42738,0.88255,-1.8395,1.1379,-0.58336,0.29328,0.84768,0.44266,0.76408,-1.2508,1.009,-0.825,-0.79211,0.81467,-0.088142,-0.52521,1.3102,-0.69039,-0.61296,0.72199,-0.441,0.45231,-0.18432,0.84602,0.69029,-1.1629,0.58094,-1.4541,0.56647,-0.88774,-0.19588,-1.6369,-1.0851,-0.37199,-1.6083,-0.23038,-0.86114,-1.1375,-0.49701,1.0597,0.078453,-0.22557,-0.19889,-1.5851,0.22779,-0.90494,-0.61968,-0.57487,-0.72156,-0.95165,0.50277,-0.5048,-0.52828,-0.60024,-0.63759,0.68518,-0.33469,3.0549,-3.3417,-0.27148,-0.33463,0.67654,-0.24766,-0.056534,-0.39315,0.40419,-0.0049727,0.42973,0.20656,0.33069,-0.027567,-0.44548,1.2428,-0.24727,0.60827,0.50533,-0.034386,0.34564,-0.02538,-0.92043,-0.44665,0.55671,0.24126,-0.22452,-0.23279,-0.30026,-0.17548,1.3055,-0.89717,-0.57582,0.48065,0.036557,0.85727,0.054734,-0.10946,0.59131,-0.82989,1.0539,0.48859,0.040767,0.015634,0.021031,0.99458,-0.51122,1.1561,0.18386,0.80802,-0.21088,1.0507,-0.31278,0.71071,-0.09752,0.057039,0.31009,-0.15943,1.4933,-0.072417,-1.0156,0.51867,-0.26338,0.99085,0.16268,-0.10081,-0.44451,0.50968,0.10339,0.36358,-0.12478,-0.9347,0.13158,0.57935,-0.36412,0.42353,0.65448,-0.68086,0.16385,0.30474,1.0072,-1.0793,1.3579,0.88615,1.1126,-2.9503,0.5579,-0.51418,0.85671,1.5689,-1.374,0.26167,-0.5129,-1.0508,0.46224,-0.075904,0.026472
0,-0.76723,-0.23674,-0.45318,0.54202,-0.34111,-0.81703,-0.51225,-0.91432,-0.0086541,-0.70471,-0.2577,-0.40254,-1.0479,-0.5216,-0.2207,-0.074123,-0.71618,-0.55812,-0.075042,0.099373,0.25053,0.68754,-0.24653,0.4986,0.60406,-0.003854,0.62246,0.11268,0.13481,1.1933,-0.30412,-0.045432,0.045457,-0.048712,0.71336,-0.25764,0.5703,0.1504,0.033315,-0.10075,0.67444,0.25974,0.43739,0.24943,0.43361,-0.10086,0.81799,-0.2418,0.032132,0.11543,-1.0015,0.10363,0.80655,-1.3509,0.9281,-0.087529,0.17565,0.53262,-0.29127,1.1783,0.11964,0.30201,-0.69117,-0.17617,0.24049,0.59378,-0.71286,-0.26684,-3.4936,1.1732,1.3437,0.28996,-0.41787,-0.16661,-0.2434,-0.20333,-0.8544,-0.17706,-0.24484,-0.27087,-0.13432,0.13544,-0.4021,0.74396,-0.94673,0.79375,-0.47372,0.39024,-0.39312,-0.70525,-0.21566,0.19129,0.002046,-1.0845,-0.053899,-0.20275,-0.81236,-0.54664,-0.21652,-1.1923,-0.59593,-0.7778,-1.4552,-1.1059,-4.252,2.8996,1.4664,-1.1279,-0.89744,0.53615,-0.83887,-0.24977,-0.499,-0.54219,1.423,1.4483,0.45008,-0.10127,0.18389,0.56927,1.4327,0.67076,0.76622,0.48542,1.8168,0.41071,0.75247,0.56487,0.32434,-0.54624,-0.034798,0.64479,-0.49884,-0.72539,0.10691,-1.1238,-0.12515,0.41705,0.4376,0.40979,0.0091596,0.82984,-0.49515,0.31501,0.52022,-0.12184,-1.534,0.82766,0.39602,0.35069,0.17893,-0.94182,-0.17162,0.14889,0.73745,0.36394,-0.36339,0.24748,0.46694,0.20365,0.10704,0.19011,-0.50121,0.79463,0.43937,-0.12462,0.57629,0.2018,-1.0412,1.1215,0.61369,-0.04088,0.28873,0.4561,-0.24433,-0.0014446,0.31002,0.17469,1.3377,0.030547,0.027012,-0.19779,-0.59058,-0.43679,-0.28598,-0.32485,0.76741,0.59131,-0.081017,0.20747,-0.45575,0.095183,1.0782,-0.0001677,-1.1211,0.87345,-0.66598,-0.045592
0,-0.37091,0.32101,-0.29732,0.15555,0.49982,0.543,-0.31331,0.93973,-0.56062,0.66737,0.64272,-0.053585,0.38284,-0.48536,-0.52462,0.086218,-0.11883,-0.94165,-0.51089,0.08998,-0.47517,-0.89544,-1.7294,-0.95187,-0.56667,-0.98489,-1.5408,-1.0891,-0.3274,-0.18793,0.58451,-0.33811,0.47685,0.43036,-0.24285,0.95897,-0.52743,0.2397,-0.11866,0.83212,-0.64449,-0.75682,-0.95183,-0.8487,-0.48292,0.092853,-0.46706,-0.35552,-0.67259,0.2919,0.54738,0.070208,0.090853,0.87203,1.0349,0.76483,-0.32553,-0.25526,0.85561,0.01119,0.55906,0.27541,0.18204,0.20009,-0.40079,-0.020092,-1.0721,-0.48338,0.19298,0.01989,0.78621,0.69006,0.4456,0.06257,0.65784,-0.077112,0.75803,0.66263,0.096495,0.18926,0.61006,0.56656,0.16691,-0.70991,0.10818,-0.15764,-0.67676,-0.074245,0.44091,-0.031998,-0.32032,0.2149,0.012519,-0.30761,-0.27685,0.32835,0.74374,-0.04588,-0.58158,0.41838,-0.24553,0.1384,-0.037997,0.78049,0.82724,-0.45839,0.42879,-0.68155,0.10033,-1.4667,-1.3934,-1.599,-1.6361,-2.4248,-2.2194,-2.8322,-2.1102,-0.29309,0.0037998,-0.58025,-0.80537,0.3647,0.33634,0.0094384,-1.0563,0.7399,0.69315,0.76369,1.3258,0.89378,0.48315,0.79514,0.23859,0.34999,0.66125,0.43469,0.93764,0.7689,-0.096885,0.30002,-0.72189,0.89154,0.43022,0.35512,0.071645,0.88502,0.028851,0.07312,0.59713,0.5845,0.93268,0.48542,0.45568,-0.099107,0.36709,0.17777,0.81096,-0.68752,-0.22375,0.30309,-0.45209,-0.50898,0.34742,0.14397,0.19994,0.69824,0.61516,0.41039,0.16464,0.327,-0.17609,0.21033,-0.12131,-0.25256,0.12688,0.40847,-0.161,0.37455,0.19934,0.42039,0.6082,0.4424,-0.079687,0.53195,0.04986,0.84059,-0.45123,0.10943,0.57112,-0.41464,0.046227,0.28543,-0.28873,-0.20238,0.47063,-0.23313,-0.079239,-0.032227
0,0.05588,-0.10044,-0.20173,-0.062093,0.10573,-0.78781,-0.20593,-0.41284,0.19525,-0.048577,-0.047492,-0.0042914,0.31182,0.35265,0.27997,0.13997,-0.17106,0.22899,0.22417,0.0012342,1.4374,-0.79543,-0.028091,0.28095,-0.33714,-0.53486,0.14132,-0.20975,-0.16721,-0.4105,0.1707,0.047509,0.34018,0.028193,-0.12293,-0.44059,0.057723,0.64362,0.13604,0.51789,0.28448,-0.67509,-0.64733,-0.17178,0.098627,-0.1794,0.1029,-0.012533,0.46022,0.21833,0.19123,0.48496,-0.33967,-1.0522,0.098741,-0.95786,0.10783,-0.13789,-0.16357,-0.26059,0.61864,-0.60131,0.53374,0.0089787,-0.20015,-0.44496,-0.29007,-0.67637,0.6912,0.52512,-1.2023,-0.44512,0.095694,0.035057,-0.27849,0.43924,0.56168,0.58525,0.27873,0.17754,-0.2573,-0.048204,0.29626,0.086178,0.51105,0.71384,0.29087,0.26668,-0.095378,0.29558,-0.073518,0.0589,0.035814,0.64949,0.3844,0.60184,1.2107,1.2069,2.1598,0.41299,0.15864,0.7439,1.8246,-1.2524,0.80203,-0.94997,-1.3452,-0.066353,2.7376,0.81248,0.34633,1.4279,0.98391,1.1116,-0.58119,0.28021,-0.54579,-0.75374,0.46424,0.684,0.74569,-0.72505,0.28094,1.0396,0.14608,-1.2701,-0.47928,0.69302,0.3969,0.52644,1.682,0.24364,1.1352,1.5114,0.868,0.48401,0.1274,0.1038,-0.81659,0.34601,0.61338,-2.996,-0.090092,-0.85355,-0.10499,0.2086,0.62926,0.44203,-0.54546,-2.0221,0.47778,1.0423,0.64446,0.061833,-0.86519,-0.36826,0.2399,0.40834,-0.35808,-0.67465,-0.74537,-0.30952,-0.23906,-0.96252,0.16089,-1.0747,-0.10218,0.34625,0.38979,0.69919,0.62097,-1.8134,-0.15276,-0.90196,-0.18566,-0.7333,-0.59904,-1.3391,-1.2932,-0.93663,-1.5473,0.007035,-0.22752,-1.011,0.49541,-0.6383,-0.53185,-1.6968,-0.57087,-0.17998,-0.77966,-1.1637,-1.0589,-0.52456,0.1282,0.29031,1.3549,0.39167
0,0,0,0,0,0,0,0,0,0,0,0,0,0,0,0,0,0,0,-0.24021,0.073913,-0.27757,-0.072754,-0.44892,-0.14656,-0.42778,0.065661,0.01897,0.19947,0.054394,-0.46915,-0.47983,0.19903,-0.040243,-0.088864,-0.25371,-0.29873,-0.034829,-0.31574,0.21897,-0.49495,0.57214,0.74297,0.33293,-0.15055,0.003446,0.49936,0.36789,0.11335,0.040877,0.44482,0.17183,0.44864,0.37547,0.029732,0.17466,-0.35404,0.37943,-0.09742,-0.19618,-0.064838,0.0070647,-0.18734,0.36002,-0.69674,-0.65681,0.14577,0.56559,0.44702,0.23801,0.10084,0.25622,0.33278,0.24721,0.25875,0.72732,0.065469,0.12147,0.54008,0.35559,-0.13912,0.53252,0.60523,0.61833,0.58311,-0.1249,0.70901,0.18194,-0.16428,0.073711,0.32702,0.71588,0.77174,0.12747,0.62412,0.56705,0.31035,0.58408,0.077375,-0.39789,0.31266,0.108,-0.12484,0.065289,0.53225,-0.27278,0.12315,0.56903,0.29949,-0.17344,-0.33426,-0.37218,-0.11252,0.31648,-0.63633,0.055362,0.059269,0.26448,0.76854,0.32798,-0.51266,0.0094422,0.29057,0.12161,0.45573,-0.17183,0.20078,-0.23204,0.078714,0.065138,0.39205,-1.1655,-0.21362,-0.35966,-0.58293,-0.89996,0.19043,0.0064836,-0.39582,-0.67145,0.22434,-0.021247,-0.58156,-0.090862,0.25485,-0.029192,0.16178,0.17562,-0.036949,0.46056,0.36364,0.31316,-0.24921,-0.52531,-0.27586,0.12593,-0.48681,-0.56955,0.22866,0.0967,0.034646,-0.29173,-0.30647,-0.39563,0.025221,-0.49437,-0.37557,-0.24717,-0.13955,-0.18242,-0.1542,-0.49609,-0.54893,-0.081289,0.16843,0.091271,-0.0771,0.43294,-0.39156,-0.6878,-0.85077,-0.02057,-0.21334,-0.27674,-0.49279,-0.3455,-0.5248,-0.12872,-0.76193,-0.56627,-0.43973,-0.36672,-0.051042,-0.85585,-0.76585,-0.42737,0.24295,-0.54338,-0.077043
0,-0.87631,1.2006,0.4543,0.32251,0.73113,-0.075924,-0.0027014,0.56875,0.67712,-0.29218,-0.092331,0.92319,-1.098,-0.12369,-0.3311,-0.84611,0.34077,-0.30118,0.28227,0.5949,-1.5093,2.4474,-0.82597,-0.38124,0.27888,-0.059575,0.015446,0.2344,-0.71782,0.44634,0.63779,-0.109,-0.97221,0.29353,0.22939,0.44205,-0.29425,-0.62141,0.27046,1.014,-0.22615,0.25106,0.25823,0.71566,-0.81669,0.14611,0.79731,-0.35159,0.56759,0.034358,-0.47232,0.1488,0.12762,-0.52176,0.57433,0.11755,0.73885,-0.32104,0.093783,0.35187,-0.10748,-0.013462,0.41711,0.60923,-1.0592,0.78929,0.34159,-0.76678,-1.662,0.60596,0.62942,0.75111,-0.83643,0.7164,0.20727,0.36836,0.31391,-0.0055424,0.83295,-0.59373,1.1695,1.0811,-0.01603,-0.084672,0.0058179,-0.081317,-0.59155,0.63962,-0.45712,-0.042647,0.22333,0.45192,-0.24585,-0.65989,0.073286,0.19449,-0.35061,-0.39849,0.093919,-0.10358,-0.59981,-0.92661,-0.46698,0.43174,-1.3876,0.5383,1.1044,-0.43686,0.33808,-1.2951,-0.19397,-0.55871,-0.89425,-1.388,0.42506,1.1277,-1.5485,0.17009,-0.68068,0.55012,-0.41623,0.40072,-0.089196,-0.35988,0.95841,0.45324,0.099774,0.38737,-0.17596,0.46619,0.17647,-0.11877,-0.15371,-0.35581,-0.051369,-0.61633,-0.38565,-0.37864,0.38005,-0.49154,-0.16025,0.2699,-1.0252,-0.39041,0.21518,0.20515,-0.98694,0.23562,-0.30029,-0.18018,0.25692,-1.0881,-0.11866,-0.8517,0.33672,-0.23574,0.41019,-0.73188,0.388,-0.38289,-0.00049207,0.028021,-0.42022,-0.12624,0.49205,-0.15853,0.3687,-0.13641,-1.0097,0.66632,0.097678,-0.14368,0.0042144,0.62303,-0.41991,0.86316,-0.10871,0.15546,0.78249,0.18849,-0.015846,-0.011271,-0.25244,-0.33762,0.18938,-0.35601,0.29953,0.54026,0.23872,-0.20612,-0.13769,0.11365,0.029044,0.025907,-0.2645,1.1047,-0.10138,0.019368
0,0.066526,0.011907,0.063529,0.081848,0.10669,-0.16438,0.021877,0.18793,-0.12871,0.008202,0.05247,-0.098228,-0.56654,-0.2955,-0.14722,-0.077656,-0.11444,0.010132,0.13005,-0.25215,0.29822,-0.26455,0.18907,0.087806,0.38938,0.076737,0.074486,-0.15659,0.028873,0.4432,0.28283,-0.20274,0.042102,-0.052637,0.19115,0.24131,0.0030395,0.094482,-0.22366,0.33437,-0.32543,-0.53768,-0.28479,0.27527,0.12625,-0.063047,-0.080554,0.099613,0.27116,-0.1537,-0.0028532,-0.022372,-0.14257,0.27933,0.14145,0.39466,-0.13477,0.13585,0.19364,0.26957,0.013491,0.19971,-0.14639,0.57406,0.52095,-0.21671,-0.34047,-0.26468,-0.24633,-0.18082,-0.11206,-0.20736,-0.36541,-0.0080395,-0.43009,-0.082766,-0.063979,-0.33531,-0.30944,0.0801,-0.33598,-0.34115,-0.46632,-0.671,0.077351,-0.538,-0.31454,0.0080545,-0.12582,-0.047518,-0.45385,-0.6234,-0.17828,-0.44736,-0.55862,-0.38422,-0.80232,-0.41033,-0.028923,-0.53594,-0.35185,-0.32101,-0.3098,-0.30295,0.59443,-0.23648,-0.27113,-0.13614,-0.059825,-0.15719,0.037974,-0.10963,-0.40721,0.32246,-0.10875,-0.018156,-0.01874,-0.50571,-0.23248,0.41055,0.038716,-0.072001,-0.11266,-0.21609,0.22264,-0.01752,0.11677,-0.15009,-0.11128,-0.41555,0.84037,0.20022,0.31284,0.69266,0.79565,-0.084979,-0.039529,0.18017,0.44576,-0.47462,-0.16444,0.43225,0.088665,-0.16636,-0.024996,-0.069013,-0.12087,0.01274,-0.29156,-0.3765,-0.46379,0.0055961,0.17817,0.15983,-0.22213,0.29855,0.27929,-0.32233,0.084223,0.0095528,0.15098,0.31445,0.43063,0.022822,0.47436,0.34574,0.1111,0.074781,0.32222,0.025085,0.35615,0.53183,0.24644,0.037808,0.096906,0.29201,-0.046941,0.36971,0.85104,0.84966,0.39034,0.29285,0.21072,0.39661,0.26346,0.38611,0.099759,0.59178,0.36132,0.24502,0.23087,-0.011599,0.53682,0.48772,0.55075,-0.26191,0.24172,0.059759
0,0,0,-0.026591,-0.00265,-0.00026409,0.13414,0.013489,0.0013494,-0.074757,-0.0074,-0.00073905,0.024353,0.0023627,0.00023703,-0.062305,-0.0061903,-0.00061805,0.043689,0.0043676,0.00043569,-0.03675,-0.0039172,-0.00039234,-0.0085888,-0.00094648,-9.5804e-05,0.056416,0.0056159,0.00056277,-0.019099,-0.0018935,-0.00019016,-0.00015814,3.261e-05,4.3154e-07,-0.035869,-0.0035277,-0.00035155,0.011313,0.0011397,0.00011296,0.03944,0.0039157,0.00039321,0.062055,0.0061834,0.0006177,0.030543,0.0031229,0.00031126,-0.028781,-0.0027926,-0.00027921,0.0045357,0.0004103,4.185e-05,0.021039,0.0020541,0.00020576,-0.0034987,-0.00038325,-3.8847e-05,0.038209,0.0037352,0.00037306,-0.032921,-0.003186,-0.00031791,0.017043,0.0016074,0.00016017,-0.0031359,-0.00034937,-3.3502e-05,0.03413,0.0035096,0.00035177,-0.017379,-0.0016474,-0.00016534,-0.020352,-0.0020315,-0.00020379,0.043964,0.0044885,0.00044961,-0.061024,-0.0060432,-0.00060423,0.040726,0.0040925,0.00040877,0.015377,0.0015829,0.0001581,-0.015377,-0.0015682,-0.00015761,-0.075288,-0.0075671,-0.00075706,0.017944,0.001895,0.00019155,-0.032769,-0.0034416,-0.00034097,-0.024314,-0.0023673,-0.00023806,-0.033155,-0.0033607,-0.00033695,-0.0034453,-0.00050535,-5.2005e-05,-0.030086,-0.0031047,-0.00031007,0.04597,0.0045552,0.00045571,-0.03022,-0.0029418,-0.00029635,0.034402,0.0033777,0.00033736,0.011308,0.0011341,0.00011368,-0.016883,-0.0017658,-0.00017422,-0.096861,-0.0096022,-0.00095993,0.023829,0.00232,0.00023121,-0.034618,-0.003525,-0.00035166,0.062231,0.006197,0.00062121,-0.019219,-0.0019173,-0.00019098,0.013173,0.0012351,0.00012491,-0.029105,-0.0028456,-0.00028596,-0.045417,-0.0045571,-0.00045683,0.0064907,0.00061195,5.9708e-05,-0.0069915,-0.0006227,-6.247e-05,0.027977,0.0027704,0.00027697,0.021139,0.0022394,0.00022317,-0.070345,-0.00703,-0.00070275,0.056309,0.0055523,0.00055643,0.035189,0.0034611,0.00034626,-0.0043838,-0.00043209,-4.1712e-05,0.0079414,0.00076671,7.7808e-05,0.020044,0.0020379,0.00020387,0.0065938,0.00067598,6.839e-05,0.0016446,0.00014368,1.2715e-05,0.0079816,0.00066437,6.7154e-05,6.7142e-06
0,0,0,-0.052249,-0.0265,-0.0026409,0.26313,0.13489,0.013494,-0.14566,-0.074,-0.0073905,0.04721,0.023627,0.0023703,-0.12211,-0.061903,-0.0061805,0.085262,0.043676,0.0043569,-0.071786,-0.039172,-0.0039234,-0.017175,-0.0094648,-0.00095804,0.11066,0.056159,0.0056277,-0.037037,-0.018935,-0.0019016,-0.00046306,0.0003261,4.3154e-06,-0.070408,-0.035277,-0.0035155,0.021924,0.011397,0.0011296,0.077508,0.039157,0.0039321,0.12213,0.061834,0.006177,0.060451,0.031229,0.0031126,-0.056246,-0.027926,-0.0027921,0.0086794,0.004103,0.0004185,0.041333,0.020541,0.0020576,-0.0067025,-0.0038325,-0.00038847,0.074972,0.037352,0.0037306,-0.064322,-0.03186,-0.0031791,0.0332,0.016074,0.0016017,-0.006027,-0.0034937,-0.00033502,0.066968,0.035096,0.0035177,-0.033831,-0.016474,-0.0016534,-0.040082,-0.020315,-0.0020379,0.086135,0.044885,0.0044961,-0.11942,-0.060432,-0.0060423,0.079457,0.040925,0.0040877,0.030512,0.015829,0.001581,-0.030057,-0.015682,-0.0015761,-0.14791,-0.075671,-0.0075706,0.034614,0.01895,0.0019155,-0.064168,-0.034416,-0.0034097,-0.048,-0.023673,-0.0023806,-0.065272,-0.033607,-0.0033695,-0.007034,-0.0050535,-0.00052005,-0.059099,-0.031047,-0.0031007,0.089987,0.045552,0.0045571,-0.058954,-0.029418,-0.0029635,0.06729,0.033777,0.0033736,0.022468,0.011341,0.0011368,-0.033049,-0.017658,-0.0017422,-0.19027,-0.096022,-0.0095993,0.046004,0.0232,0.0023121,-0.067766,-0.03525,-0.0035166,0.12187,0.06197,0.0062121,-0.037225,-0.019173,-0.0019098,0.025705,0.012351,0.0012491,-0.057032,-0.028456,-0.0028596,-0.089381,-0.045571,-0.0045683,0.012374,0.0061195,0.00059708,-0.013676,-0.006227,-0.0006247,0.054868,0.027704,0.0027697,0.041717,0.022394,0.0022317,-0.1379,-0.0703,-0.0070275,0.10997,0.055523,0.0055643,0.069522,0.034611,0.0034626,-0.0083268,-0.0043209,-0.00041712,0.015554,0.0076671,0.00077808,0.039407,0.020379,0.0020387,0.013107,0.0067598,0.0006839,0.0032832,0.0014368,0.00012715,0.015678,0.0066437,0.00067154,6.7142e-05
0,0,0,-0.07381,-0.052072,-0.026409,0.36698,0.26461,0.13494,-0.19259,-0.14417,-0.073905,0.059822,0.045784,0.023703,-0.16913,-0.12132,-0.061805,0.1142,0.085236,0.043569,-0.09687,-0.076541,-0.039234,-0.027447,-0.018894,-0.0095804,0.1543,0.11016,0.056277,-0.047081,-0.036716,-0.019016,-0.002282,0.00048753,4.3154e-05,-0.09869,-0.069246,-0.035155,0.027707,0.022089,0.011296,0.10961,0.076952,0.039321,0.17457,0.12169,0.06177,0.09005,0.061797,0.031126,-0.07617,-0.054567,-0.027921,0.009772,0.0078301,0.004185,0.058298,0.040354,0.020576,-0.0076272,-0.0073577,-0.0038847,0.10477,0.073289,0.037306,-0.086959,-0.062239,-0.031791,0.043809,0.031296,0.016017,-0.0070716,-0.0067293,-0.0033502,0.093583,0.068864,0.035177,-0.044398,-0.032054,-0.016534,-0.057608,-0.040011,-0.020379,0.11898,0.087943,0.044961,-0.16354,-0.11826,-0.060423,0.10619,0.079847,0.040877,0.046286,0.031399,0.01581,-0.04077,-0.030655,-0.015761,-0.20869,-0.14866,-0.075706,0.042009,0.036589,0.019155,-0.088288,-0.067402,-0.034097,-0.07021,-0.046742,-0.023806,-0.093544,-0.066159,-0.033695,-0.01276,-0.010191,-0.0052005,-0.083291,-0.060986,-0.031007,0.12347,0.089166,0.045571,-0.078725,-0.057379,-0.029635,0.091777,0.066063,0.033736,0.034395,0.022533,0.011368,-0.045349,-0.03457,-0.017422,-0.26822,-0.18862,-0.095993,0.056231,0.044769,0.023121,-0.093004,-0.069008,-0.035166,0.16781,0.12136,0.062121,-0.046839,-0.037136,-0.019098,0.034388,0.02409,0.012491,-0.078872,-0.055757,-0.028596,-0.12775,-0.089683,-0.045683,0.013423,0.011645,0.0059708,-0.018656,-0.012175,-0.006247,0.076373,0.054331,0.027697,0.060862,0.04418,0.022317,-0.19139,-0.13782,-0.070275,0.1481,0.10842,0.055643,0.10224,0.068387,0.034626,-0.0086952,-0.0082033,-0.0041712,0.02144,0.015016,0.0077808,0.055907,0.040066,0.020387,0.020124,0.013433,0.006839,0.0051896,0.0028752,0.0012715,0.022094,0.013052,0.0067154,0.00067142
0,0,0,-0.052249,-0.073558,-0.051892,0.20868,0.36907,0.26471,0.0061919,-0.19051,-0.14399,-0.031973,0.057823,0.045933,-0.083284,-0.16802,-0.12113,0.013309,0.11417,0.085027,-0.019471,-0.10354,-0.076663,-0.053904,-0.029859,-0.019121,0.087278,0.15359,0.11039,0.023363,-0.046631,-0.036875,-0.01923,-0.00094898,-6.7911e-05,-0.061512,-0.09706,-0.069006,-0.015703,0.027939,0.02189,0.078938,0.10884,0.077275,0.14574,0.17396,0.12157,0.11412,0.091938,0.061595,-0.018369,-0.073815,-0.054557,-0.020014,0.0085816,0.0079912,0.040289,0.056926,0.040422,0.014522,-0.0085456,-0.0074601,0.061792,0.10241,0.073199,-0.019303,-0.084038,-0.062104,-0.0024289,0.041139,0.031186,0.010601,-0.0080565,-0.0064476,0.055234,0.096241,0.069022,0.005287,-0.041906,-0.032172,-0.05145,-0.057507,-0.040136,0.055073,0.12152,0.088092,-0.059899,-0.16191,-0.11825,0.0096149,0.10673,0.079753,0.067207,0.04753,0.031362,-0.010585,-0.041609,-0.030812,-0.14493,-0.20974,-0.14873,-0.044803,0.044777,0.036991,-0.03698,-0.092824,-0.066776,-0.075703,-0.068445,-0.047004,-0.080691,-0.094788,-0.066332,-0.039584,-0.017187,-0.01048,-0.056861,-0.085938,-0.060906,0.047931,0.12232,0.089204,-0.006442,-0.076517,-0.057805,0.029478,0.090057,0.065983,0.053088,0.034486,0.022586,-0.017638,-0.047482,-0.034106,-0.1837,-0.26591,-0.18857,-0.054939,0.0545,0.044613,-0.036342,-0.094744,-0.068843,0.071689,0.16709,0.12166,0.029033,-0.046713,-0.036989,0.0035309,0.032124,0.024365,-0.037519,-0.077084,-0.056032,-0.10653,-0.12817,-0.089902,-0.034398,0.012401,0.011354,-0.0060339,-0.016552,-0.012214,0.041773,0.075621,0.054317,0.063966,0.064315,0.04403,-0.098504,-0.19127,-0.13777,0.026516,0.14594,0.10866,0.11598,0.10065,0.068415,0.027038,-0.0085214,-0.0079095,0.0094068,0.020685,0.015239,0.042163,0.056831,0.040081,0.031653,0.020581,0.013588,0.0096428,0.0046172,0.0025508,0.015055,0.018411,0.013193,0.0067142
0,0,0,-0.026591,-0.052072,-0.073305,0.02612,0.21001,0.3692,0.22601,0.0075064,-0.19025,-0.13149,-0.03323,0.058032,0.014045,-0.08259,-0.16775,-0.098715,0.013284,0.11387,0.066429,-0.023666,-0.10371,-0.081026,-0.055417,-0.030177,0.0097555,0.086825,0.15392,0.10052,0.023645,-0.046854,-0.036898,-0.018393,-0.001728,-0.018392,-0.060493,-0.096724,-0.063254,-0.015556,0.027659,0.04199,0.078446,0.10929,0.10894,0.14536,0.17378,0.13721,0.1153,0.091654,0.046779,-0.016885,-0.073801,-0.052079,-0.020756,0.0088074,0.018748,0.039428,0.057021,0.038596,0.01395,-0.0086891,0.012256,0.060311,0.10228,0.056264,-0.017472,-0.083848,-0.053265,-0.0041095,0.040985,0.029561,0.0099832,-0.0076612,0.011005,0.056898,0.096464,0.060117,0.0068496,-0.042071,-0.042598,-0.051386,-0.057683,-0.017726,0.056664,0.12173,0.056777,-0.058878,-0.16189,-0.097323,0.0099569,0.1066,0.087611,0.067985,0.047477,0.023539,-0.011114,-0.041829,-0.069246,-0.14559,-0.20984,-0.13957,-0.043075,0.045341,0.020503,-0.039831,-0.091945,-0.079059,-0.074595,-0.068813,-0.063985,-0.081475,-0.09503,-0.068144,-0.042369,-0.017592,-0.025923,-0.05852,-0.085826,-0.037417,0.047212,0.12237,0.073596,-0.0050545,-0.077115,-0.040168,0.028404,0.089944,0.071751,0.053145,0.034561,0.013929,-0.018971,-0.046831,-0.083735,-0.18224,-0.26583,-0.17635,-0.056025,0.054281,0.026887,-0.037428,-0.094512,-0.037037,0.071237,0.16751,0.11181,0.029114,-0.046507,-0.030271,0.0021149,0.03251,0.0094107,-0.036395,-0.077471,-0.079299,-0.10679,-0.12848,-0.08643,-0.035042,0.011992,0.0077864,-0.0047118,-0.016607,0.0020756,0.041303,0.0756,0.06518,0.06613,0.064104,0.0079589,-0.098423,-0.1912,-0.10889,0.025163,0.14627,0.12668,0.11498,0.10069,0.066148,0.027154,-0.0081093,-0.0039635,0.0089385,0.020998,0.025472,0.042738,0.056852,0.04341,0.031937,0.020799,0.014411,0.0092807,0.0041622,0.0068007,0.012746,0.018609,0.01319
0,0,0,0.15779,0.015751,0.0015749,-0.13523,-0.013539,-0.001354,0.1078,0.010759,0.0010757,-0.065891,-0.0065352,-0.00065376,0.12898,0.012881,0.0012879,-0.096843,-0.0096982,-0.00096959,0.0054979,0.00062083,6.2102e-05,-0.0047539,-0.00048668,-4.8345e-05,-0.074099,-0.0073678,-0.0007369,0.046188,0.0046136,0.00046152,-0.037551,-0.0037748,-0.00037691,0.017345,0.0016711,0.00016681,-0.030805,-0.003102,-0.00031,0.019628,0.0019578,0.00019541,-0.045491,-0.0045583,-0.00045565,0.0049555,0.00048685,4.8949e-05,-0.026412,-0.0026778,-0.00026775,0.026632,0.0026386,0.00026369,0.032845,0.0033184,0.00033173,-0.020236,-0.0020349,-0.00020342,-0.030318,-0.003026,-0.0003026,0.0085133,0.00084443,8.4243e-05,-0.0067762,-0.00066182,-6.5931e-05,0.009955,0.0009797,9.7548e-05,0.036064,0.0036017,0.00036,-0.025415,-0.0025268,-0.00025258,0.01303,0.0012879,0.00012886,0.01707,0.0017117,0.000171,0.082349,0.0082388,0.00082383,-0.065692,-0.0065546,-0.00065533,-0.02687,-0.0026754,-0.00026749,0.025963,0.0025987,0.00026004,0.075004,0.0074806,0.00074799,-0.054059,-0.0053982,-0.00054033,0.050424,0.0050713,0.00050653,0.078578,0.0078711,0.00078731,-0.11512,-0.011502,-0.00115,0.082584,0.0082657,0.00082687,-0.044811,-0.0044485,-0.00044484,-0.011648,-0.0011902,-0.00011896,-0.061631,-0.006186,-0.00061815,0.024515,0.0024365,0.0002438,-0.024511,-0.0024682,-0.00024702,-0.0063079,-0.00065549,-6.6215e-05,0.09272,0.0092819,0.00092815,-0.080044,-0.0080164,-0.0008015,0.035326,0.0035137,0.00035125,-0.12046,-0.012068,-0.0012071,0.093312,0.009337,0.00093357,-0.045643,-0.0045533,-0.0004557,-0.0005897,-7.2226e-05,-6.806e-06,0.1166,0.011677,0.0011679,-0.15102,-0.01508,-0.0015077,0.077073,0.0076735,0.0007674,-0.04988,-0.0050005,-0.00049985,-0.029163,-0.0029417,-0.00029395,0.081098,0.0080357,0.00080345,-0.094803,-0.0094517,-0.0009454,-0.00023619,-5.8881e-05,-5.9318e-06,0.027435,0.002739,0.00027356,-0.0097777,-0.0010038,-0.00010069,-0.0035502,-0.00037233,-3.724e-05,-0.024477,-0.0024593,-0.00024602,0.036372,0.0036172,0.00036207,0.012419,0.0012588,0.00012577,1.2577e-05
0,0,0,0.31004,0.15751,0.015749,-0.2642,-0.13539,-0.01354,0.21051,0.10759,0.010757,-0.12848,-0.065352,-0.0065376,0.25265,0.12881,0.012879,-0.18906,-0.096982,-0.0096959,0.010013,0.0062083,0.00062102,-0.0092817,-0.0048668,-0.00048345,-0.14549,-0.073678,-0.007369,0.090071,0.046136,0.0046152,-0.073339,-0.037748,-0.0037691,0.033745,0.016711,0.0016681,-0.060334,-0.03102,-0.0031,0.038279,0.019578,0.0019541,-0.089138,-0.045583,-0.0045565,0.0093611,0.0048685,0.00048949,-0.051806,-0.026778,-0.0026775,0.052062,0.026386,0.0026369,0.064684,0.033184,0.0033173,-0.039455,-0.020349,-0.0020342,-0.059676,-0.03026,-0.003026,0.016468,0.0084443,0.00084243,-0.013234,-0.0066182,-0.00065931,0.019488,0.009797,0.00097548,0.07087,0.036017,0.0036,-0.049599,-0.025268,-0.0025258,0.025374,0.012879,0.0012886,0.033611,0.017117,0.00171,0.16178,0.082388,0.0082383,-0.12829,-0.065546,-0.0065533,-0.05327,-0.026754,-0.0026749,0.050748,0.025987,0.0026004,0.14744,0.074806,0.0074799,-0.10551,-0.053982,-0.0054033,0.098545,0.050713,0.0050653,0.15465,0.078711,0.0078731,-0.22534,-0.11502,-0.0115,0.16118,0.082657,0.0082687,-0.087296,-0.044485,-0.0044484,-0.023222,-0.011902,-0.0011896,-0.12107,-0.06186,-0.0061815,0.047624,0.024365,0.002438,-0.047917,-0.024682,-0.0024702,-0.01258,-0.0065549,-0.00066215,0.18195,0.092819,0.0092815,-0.15637,-0.080164,-0.008015,0.068699,0.035137,0.0035125,-0.23617,-0.12068,-0.012071,0.1822,0.09337,0.0093357,-0.088844,-0.045533,-0.004557,-0.0015238,-0.00072226,-6.806e-05,0.22888,0.11677,0.011679,-0.2955,-0.1508,-0.015077,0.15008,0.076735,0.007674,-0.097294,-0.050005,-0.0049985,-0.057647,-0.029417,-0.0029395,0.15895,0.080357,0.0080345,-0.18544,-0.094517,-0.009454,-0.0012234,-0.00058881,-5.9318e-05,0.053849,0.02739,0.0027356,-0.018973,-0.010038,-0.0010069,-0.0070498,-0.0037233,-0.0003724,-0.048077,-0.024593,-0.0024602,0.071198,0.036172,0.0036207,0.024668,0.012588,0.0012577,0.00012577
0,0,0,0.43797,0.30949,0.15749,-0.35695,-0.26451,-0.1354,0.28343,0.2101,0.10757,-0.17083,-0.12742,-0.065376,0.34852,0.25232,0.12879,-0.25393,-0.18933,-0.096959,0.0056951,0.011407,0.0062102,-0.012476,-0.0095033,-0.0048345,-0.20435,-0.14466,-0.07369,0.11992,0.08997,0.046152,-0.098832,-0.073726,-0.037691,0.044058,0.032499,0.016681,-0.083135,-0.060756,-0.031,0.050992,0.038182,0.019541,-0.12326,-0.08932,-0.045565,0.0092038,0.0091903,0.0048949,-0.072195,-0.052524,-0.026775,0.070672,0.051579,0.026369,0.092935,0.065351,0.033173,-0.052451,-0.039677,-0.020342,-0.085397,-0.059562,-0.03026,0.020481,0.016332,0.0084243,-0.017826,-0.012923,-0.0065931,0.02675,0.019178,0.0097548,0.10018,0.070777,0.036,-0.066428,-0.049309,-0.025258,0.033394,0.025078,0.012886,0.048222,0.033703,0.0171,0.22824,0.16186,0.082383,-0.17273,-0.128,-0.065533,-0.080302,-0.053043,-0.026749,0.068833,0.050796,0.026004,0.2089,0.14705,0.074799,-0.14147,-0.10536,-0.054033,0.13348,0.099111,0.050653,0.22113,0.15491,0.078731,-0.30909,-0.22514,-0.115,0.21604,0.16133,0.082687,-0.11525,-0.086655,-0.044484,-0.036374,-0.02372,-0.011896,-0.17073,-0.12152,-0.061815,0.061439,0.04733,0.02438,-0.065069,-0.048253,-0.024702,-0.019758,-0.013065,-0.0066215,0.25447,0.18214,0.092815,-0.21121,-0.15661,-0.08015,0.089403,0.068328,0.035125,-0.32802,-0.2366,-0.12071,0.245,0.18231,0.093357,-0.11651,-0.088628,-0.04557,-0.0060541,-0.001784,-0.0006806,0.32076,0.2292,0.11679,-0.40416,-0.29508,-0.15077,0.1974,0.14941,0.07674,-0.12978,-0.09754,-0.049985,-0.085102,-0.058146,-0.029395,0.22028,0.1575,0.080345,-0.25303,-0.18488,-0.09454,-0.0098436,-0.0019156,-0.00059318,0.075429,0.053759,0.027356,-0.024241,-0.019483,-0.010069,-0.010747,-0.0073894,-0.003724,-0.067709,-0.048305,-0.024602,0.097683,0.070806,0.036207,0.037689,0.025,0.012577,0.0012577
0,0,0,0.31004,0.4372,0.30946,-0.076579,-0.35738,-0.26453,0.049829,0.28286,0.21006,-0.0056429,-0.16935,-0.12746,0.15597,0.34806,0.25228,-0.037554,-0.25432,-0.18929,-0.087392,0.0076503,0.011411,-0.0019581,-0.012787,-0.0094398,-0.13192,-0.20319,-0.14469,0.0056679,0.11978,0.090002,-0.018348,-0.099375,-0.073614,-0.007883,0.042312,0.03244,-0.036182,-0.083727,-0.060716,0.0027375,0.050856,0.038108,-0.058509,-0.12352,-0.089284,-0.036986,0.0089641,0.0092422,-0.040417,-0.073201,-0.052518,0.018942,0.069995,0.051546,0.08267,0.09387,0.065328,-0.0015938,-0.052762,-0.039663,-0.072323,-0.085238,-0.059562,-0.015603,0.020291,0.016293,-0.003221,-0.017391,-0.012874,0.010496,0.026315,0.019095,0.071609,0.10005,0.070744,-0.0076614,-0.066022,-0.049291,-0.0028656,0.03298,0.025092,0.042163,0.048351,0.033669,0.15833,0.22835,0.16185,-0.030442,-0.17233,-0.12797,-0.11151,-0.079984,-0.053033,0.017825,0.0689,0.050829,0.1546,0.20835,0.14703,-0.018054,-0.14125,-0.10546,0.032521,0.13428,0.098994,0.18534,0.22149,0.15495,-0.11888,-0.30881,-0.22511,0.026865,0.21624,0.16138,0.005679,-0.11436,-0.086655,-0.064377,-0.037072,-0.023709,-0.11759,-0.17136,-0.12143,-0.019654,0.061028,0.04736,-0.017705,-0.06554,-0.048293,-0.035483,-0.020438,-0.013196,0.15243,0.25474,0.18214,-0.044643,-0.21154,-0.15658,-0.01942,0.088884,0.068304,-0.17155,-0.32861,-0.23666,0.039562,0.24516,0.18228,0.014906,-0.1162,-0.0887,-0.046503,-0.0064191,-0.0017022,0.19934,0.32121,0.22924,-0.14248,-0.40357,-0.29501,-0.018303,0.19647,0.14942,-0.0089465,-0.13012,-0.097501,-0.099928,-0.085801,-0.058103,0.10976,0.21824,0.15747,-0.082409,-0.25224,-0.18493,-0.094782,-0.010814,-0.0019242,0.046469,0.075303,0.053693,0.010551,-0.024956,-0.019544,-0.016138,-0.011223,-0.0073908,-0.045701,-0.068029,-0.048322,0.037834,0.097134,0.070875,0.057433,0.038155,0.024978,0.012577
0,0,0,0.15779,0.30949,0.43715,0.23697,-0.076854,-0.35741,-0.20938,0.049466,0.28281,0.17644,-0.0047153,-0.16942,-0.061751,0.15568,0.34799,0.20288,-0.037792,-0.25425,-0.1865,-0.086166,0.0076558,0.0089802,-0.0021497,-0.012698,-0.047165,-0.1312,-0.20322,-0.12112,0.0055797,0.11982,0.070836,-0.018687,-0.099218,-0.064779,-0.0089723,0.04223,0.016755,-0.036552,-0.083671,-0.050673,0.0026538,0.050752,0.01496,-0.058668,-0.12347,-0.086735,-0.037137,0.0090369,-0.0042086,-0.041047,-0.073194,-0.038964,0.01852,0.069949,0.068274,0.083254,0.093838,0.055007,-0.0017879,-0.052743,-0.055116,-0.072222,-0.085238,-0.055207,-0.015723,0.020236,0.012823,-0.0029469,-0.017322,-0.007797,0.010226,0.026199,0.037476,0.071526,0.1,0.057773,-0.0074102,-0.065996,-0.042644,-0.0031242,0.032999,0.033815,0.042242,0.048304,0.075605,0.15839,0.22833,0.12835,-0.030192,-0.1723,-0.14162,-0.11131,-0.079971,-0.039809,0.017868,0.068946,0.088984,0.15426,0.20833,0.11947,-0.017921,-0.14139,-0.079817,0.033021,0.13411,0.13896,0.18557,0.22155,0.096264,-0.11871,-0.30876,-0.18297,0.026996,0.21632,0.13852,0.0062404,-0.11435,-0.092542,-0.064812,-0.037056,-0.055083,-0.11798,-0.17124,-0.10891,-0.019911,0.06107,0.034865,-0.017999,-0.065596,-0.0515,-0.035907,-0.020621,0.034022,0.1526,0.25473,0.14133,-0.044847,-0.2115,-0.13856,-0.019744,0.08885,0.0069546,-0.17192,-0.3287,-0.18907,0.03966,0.24513,0.15899,0.015096,-0.1163,-0.088977,-0.046733,-0.0063044,0.057689,0.19962,0.32127,0.15223,-0.14211,-0.40348,-0.25568,-0.018885,0.19648,0.12399,-0.0091611,-0.13007,-0.11234,-0.10037,-0.085741,-0.016786,0.10849,0.2182,0.10915,-0.081917,-0.25231,-0.185,-0.095385,-0.010826,0.012051,0.046389,0.07521,0.048727,0.010105,-0.025042,-0.02134,-0.016434,-0.011225,-0.01985,-0.0459,-0.068053,-0.029777,0.037492,0.09723,0.077153,0.057725,0.038123,0.024978
