Date,P_core1,P_core2,P_ppi,B_pi,S_as,S_ab,S_mu,S_mx,S_mf,S_md,S_mo,S_mb,I_s,I_m,I_c,H_p,L_ml,L_mr,L_er,L_ur,M_sf,M_sc,M_si,M_if,M_ic,M_ii,H_c,S_cs,S_cb,M_fi,B_bx,B_bi,M_ur,R_d,L_em,P_cpi,R_s,M_i,M_s,M_p,B_gi,B_gx,B_sx,B_si,B_px,S_es,N_gdp,N_pc,N_fi,N_ci,N_gx
2001-01-31,69.287,70.661,78.68,81.91,,,,,,,,,62.0,48.416,77.7208,,,,57.94748073503263,4.4,73.428,67.903,42.767,61.491,81.921,41.962,6654126.0,,,61.3,12644.929,12431.023,101.767,39.0,21089.0,68.103,60.8,49.02,51.682,48.079,12250.3,13289.3,2768.6,2539.6,134.05,,,,,,
2001-02-28,69.422,70.938,78.52,81.23,,,,,,,,,61.5,48.659,78.2276,,,,57.76319502074691,4.7,72.671,68.141,43.006,61.336,74.193,43.183,6697513.0,,,56.9,13354.074,12732.258,100.35,41.3,21075.1,68.435,61.7,49.643,51.278,48.277,12394.0,13016.4,2429.4,2763.7,130.06,,,,,,
2001-03-31,69.898,71.423,78.7,81.74,,,,,,,,,61.4,49.072,81.0495,,,,58.123195020746905,4.6,72.387,68.984,43.006,61.808,72.094,43.648,6939111.0,,,59.3,14124.891,12951.886,101.562,43.1,21191.5,69.035,61.6,49.978,51.682,48.612,11526.1,13146.1,2924.9,2515.4,131.25,,1.2,0.4,1.1,2.2,-0.1
2001-04-30,70.101,71.631,78.65,83.67,,,,,,,,,62.3,49.322,85.7067,,,,59.168195020746914,4.1,72.955,68.832,43.612,61.405,71.596,43.903,7337842.0,,,57.6,12121.11,11212.192,101.459,44.2,21552.4,69.301,62.7,49.885,51.958,48.751,11384.8,11621.3,2528.1,2615.6,133.34,,,,,,
2001-05-31,70.304,71.769,78.58,82.55,,,,,,,,,63.4,49.618,86.4587,,,,59.31319502074691,3.9,75.026,68.984,43.971,60.437,73.282,43.455,7402227.0,,,55.4,13306.959,11554.834,102.084,45.3,21651.9,69.234,64.6,49.93,52.509,49.013,11418.0,12546.0,2785.7,2814.0,128.86,,,,,,
2001-06-30,70.373,71.839,78.26,81.75,,,,,,,,,63.1,49.876,80.9592,,,,59.22319502074691,3.8,76.625,69.146,43.971,59.113,80.74,42.688,6931378.0,,,53.1,12931.941,11718.966,101.123,46.8,21679.3,69.434,64.9,49.636,52.711,49.261,11282.4,12931.3,2726.0,2919.8,125.52,,1.3,3.6,-4.3,3.4,-4.8
2001-07-31,70.373,71.769,78.21,79.88,,,,,,,,,63.0,48.933,80.4614,,,,59.30319502074691,3.8,75.962,68.681,42.886,61.836,71.079,42.613,6888763.0,,,55.4,11392.257,11107.564,100.06,45.7,21708.6,69.567,64.7,49.012,51.618,48.289,11317.4,11731.1,2699.3,2811.7,122.96,,,,,,
2001-08-31,70.576,71.908,77.83,79.09,,,,,,,,,63.7,49.965,89.5264,,,,59.17319502074691,3.8,76.814,70.303,43.672,64.269,64.378,42.093,7664869.0,,,54.4,11766.192,11337.826,100.882,45.1,21789.3,69.833,65.1,48.53,52.987,49.387,10970.1,11977.3,2498.0,2839.0,120.64,,,,,,
2001-09-30,70.712,72.047,77.62,78.59,,,,,,,,,63.8,50.198,95.1823,,,,59.59319502074691,3.7,77.192,68.368,43.792,62.766,67.921,41.962,8149102.0,,,56.3,12447.324,11709.659,100.511,47.9,21857.8,69.767,67.3,48.511,52.849,49.5,11755.7,11546.8,2486.7,2815.1,121.29,,1.4,1.4,-1.6,8.6,0.7
2001-10-31,70.779,72.047,77.25,76.34,,,,,,,,,64.5,50.617,89.5399,,,,59.6081950207469,3.6,77.56,73.784,43.553,62.969,71.459,41.768,7666025.0,,,59.7,12086.028,11506.884,100.32,47.2,21867.9,69.767,65.3,48.447,53.539,50.056,10735.7,11634.8,2220.5,2710.2,119.31,,,,,,
2001-11-30,70.847,72.115,76.94,72.7,,,,,,,,,65.4,50.85,89.8649,,,,59.60319502074692,3.7,77.287,72.162,44.458,64.383,68.306,41.172,7693854.0,,,57.4,12348.967,11532.771,99.568,47.0,21929.5,69.368,67.8,47.774,53.741,50.228,11211.7,11612.8,2414.7,2826.2,115.4,,,,,,
2001-12-31,71.119,72.323,76.47,72.3,,,,,,,,,64.3,49.729,87.1947,,,,59.49819502074691,3.6,72.86,74.789,43.185,67.096,61.308,41.076,7465242.0,,,59.2,11914.472,11301.958,96.763,43.4,21931.9,69.501,67.9,47.962,52.233,49.089,10767.0,11366.4,2294.6,2872.9,114.59,,1.8,2.6,3.0,-4.0,-0.5
2002-01-31,71.323,72.601,76.65,73.26,,,,,,,,,67.6,51.016,89.2718,59328.44890829694,0.7441304347826087,19.865217391304363,59.74748073503263,3.6,78.507,75.643,44.757,66.016,62.489,40.604,7643075.0,,,59.3,11381.879,11326.43,101.304,51.2,21974.0,69.9,68.6,47.264,54.292,50.544,10464.2,11825.6,2420.1,2874.2,117.85,,,,,,
2002-02-28,71.526,72.809,77.04,73.83,,,,,,,,,67.2,52.042,97.79,51976.93311882326,0.7441304347826088,18.925217391304358,59.863195020746915,3.5,78.696,76.562,45.961,61.633,62.176,40.704,8372367.0,,,59.9,11023.037,10471.161,103.568,50.6,22096.1,70.233,70.3,46.542,56.075,51.729,10536.9,12293.5,2455.9,2899.8,119.77,,,,,,
2002-03-31,72.001,73.432,77.44,76.88,,,,,,,,,69.0,53.29,87.8753,69824.51206619167,0.7774462242562931,18.607585812356998,59.82319502074691,3.4,80.105,75.092,46.926,60.064,58.857,39.751,7523507.0,,,62.6,13251.323,11990.097,106.406,52.0,22065.3,70.632,71.3,45.601,56.618,52.878,11061.2,12486.1,2330.1,2907.6,123.34,,2.5,3.4,5.5,2.7,7.3
2002-04-30,72.205,73.779,78.04,78.18,,,,,,,,,69.6,53.687,88.2738,66634.40680303378,0.9406041189931351,24.147585812357,60.268195020746916,3.4,81.146,74.638,47.404,61.12,61.398,40.028,7557627.0,,,61.6,13184.534,12559.696,106.987,52.2,22221.2,71.032,71.3,46.095,56.691,53.136,11777.8,12946.7,2445.5,3010.2,123.44,,,,,,
2002-05-31,72.408,73.917,78.37,75.73,,,,,,,,,69.6,52.995,87.2332,63304.24890829695,0.9121830663615562,24.86969107551489,60.11319502074691,3.3,80.957,74.714,46.866,59.874,64.402,38.665,7468535.0,,,60.2,14173.177,12698.101,105.054,55.6,22195.3,71.298,70.4,45.491,56.278,52.366,11640.6,13146.9,2522.2,2950.6,118.03,,,,,,
2002-06-30,72.408,73.917,77.87,73.07,,,,,,,,,69.2,52.608,90.4872,51397.61732934956,0.6969199084668195,22.480217391304368,60.123195020746905,3.1,77.56,74.638,45.662,64.422,65.184,39.269,7747125.0,,,59.1,12894.088,11934.221,102.501,50.7,22266.2,71.231,70.3,46.724,54.835,51.924,12105.7,13152.9,2781.0,3034.8,112.84,,1.8,2.0,1.8,0.1,6.5
2002-07-31,72.475,73.987,77.65,71.69,,,,,,,,,70.6,54.041,93.2032,52076.301539875894,0.6869199084668194,22.443375286041206,60.20319502074691,3.1,80.389,75.946,47.165,65.314,59.573,40.181,7979665.0,,,61.3,13395.179,13031.773,105.832,51.8,22283.7,71.032,72.1,46.78,56.278,53.429,12507.9,13387.4,2752.6,3075.0,110.66,,,,,,
2002-08-31,72.544,74.125,77.75,72.59,,,,,,,,,69.4,54.423,87.0822,49052.19627671799,0.6995514874141878,21.578638443935944,59.87319502074691,3.3,82.271,74.941,47.225,66.691,61.697,40.801,7455610.0,,,60.1,13959.11,12860.751,106.896,54.6,22294.1,71.498,73.5,47.756,57.031,53.965,13200.8,13612.0,2693.5,3295.0,111.94,,,,,,
2002-09-30,72.748,74.333,77.91,74.29,,,,,,,,,70.4,53.862,91.0702,51916.66996092852,0.7000778032036615,22.511796338672777,60.29319502074691,3.0,81.893,76.022,47.404,64.598,60.157,40.493,7797040.0,,,66.7,13900.763,12991.557,103.633,50.2,22378.3,71.898,72.3,46.974,57.371,53.162,12918.2,14483.7,2672.9,3239.7,113.43,,2.0,0.7,0.1,1.1,6.8
2002-10-31,72.883,74.541,78.01,76.01,,,,,,,,,70.3,54.678,91.3916,58283.03838198115,0.7637620137299772,22.164427917620145,60.2081950207469,3.1,83.123,75.178,47.711,65.83,61.215,40.644,7824562.0,,,61.6,15084.659,13817.061,104.547,50.7,22338.7,71.697,72.5,47.262,57.583,53.956,13113.4,14076.4,2632.5,3205.7,115.64,,,,,,
2002-11-30,73.019,74.679,78.17,72.79,,,,,,,,,69.9,55.482,95.5981,61289.66996092853,0.6563935926773459,28.70969107551489,59.903195020746914,3.1,83.964,78.346,47.891,64.907,61.415,40.798,8184705.0,,,66.0,15196.561,13993.431,103.902,52.2,22272.2,71.764,72.0,46.997,58.199,54.666,13378.1,14350.0,2565.6,3115.4,112.54,,,,,,
2002-12-31,73.29,74.887,78.18,74.38,,,,,,,,,68.6,56.22,97.6909,30553.354171454805,0.5311304347826088,20.939164759725422,60.098195020746914,3.1,83.775,80.508,48.728,66.968,58.609,41.13,8363880.0,,,68.7,15026.217,14451.874,106.425,49.1,22379.0,72.096,70.4,47.719,58.676,55.682,13837.7,15194.8,2751.3,3241.8,113.33,,1.1,-0.1,3.4,4.7,2.7
2003-01-31,73.562,75.164,78.77,75.05,89.0,82.0,96.0,91.0,97.0,88.0,90.0,83.0,69.9,54.767,96.5952,50885.44890829694,0.6341304347826087,24.165217391304363,59.74748073503263,3.3,82.271,76.649,48.13,69.198,62.132,41.212,8270071.0,,,57.5,14319.931,14494.967,104.23,50.8,22224.5,72.564,73.6,48.195,57.785,54.129,14153.5,14745.1,2693.1,3444.9,112.72,96.7,,,,,
2003-02-28,73.697,75.372,79.19,77.67,81.0,73.0,93.0,91.0,95.0,87.0,87.0,78.0,68.4,54.906,100.1014,44130.93311882326,0.6241304347826088,21.22521739130436,59.56319502074691,3.3,82.555,76.411,48.309,72.09,66.168,41.231,8570259.0,,,65.1,13337.145,13858.274,104.76,48.9,22201.6,72.962,67.9,49.377,57.987,54.427,13758.2,14713.5,2812.1,3220.3,115.5,96.5,,,,,
2003-03-31,74.444,76.134,79.96,79.06,78.0,71.0,92.0,87.0,90.0,83.0,84.0,73.0,69.4,56.092,96.3648,53940.51206619167,0.5374462242562931,19.907585812357,59.42319502074691,3.4,81.893,76.335,48.668,71.111,67.797,42.106,8250341.0,,,66.0,15378.85,15870.217,105.003,47.8,22152.7,73.828,68.3,50.304,58.336,55.545,14756.6,15117.7,2960.3,3160.5,118.54,96.3,-0.7,-0.9,-0.3,2.7,0.4
2003-04-30,74.512,76.342,79.56,75.45,82.0,76.0,92.0,92.0,89.0,83.0,87.0,74.0,70.4,55.038,92.6149,36343.40680303379,0.5706041189931351,21.547585812357,59.36819502074692,3.4,82.461,75.719,48.369,72.178,68.83,43.008,7929292.0,,,60.6,15720.592,14758.747,104.517,47.6,22100.5,73.695,68.1,51.139,57.721,54.347,13825.9,15094.8,2938.8,3067.8,114.64,96.4,,,,,
2003-05-31,74.648,76.411,79.12,73.82,78.0,74.0,89.0,84.0,88.0,81.0,81.0,74.0,69.8,54.672,97.2906,42154.24890829695,0.5221830663615562,21.86969107551489,59.31319502074691,3.6,78.98,75.719,48.787,71.331,69.07,42.689,8329608.0,,,57.9,14676.092,13523.642,102.325,47.2,22131.4,73.562,69.4,51.047,57.647,53.952,13789.8,14565.6,2753.7,3146.8,111.87,96.8,,,,,
2003-06-30,74.783,76.481,78.74,74.01,78.0,71.0,86.0,83.0,91.0,74.0,76.0,73.0,70.1,56.425,101.633,144935.61732934957,0.47691990846681953,18.180217391304367,59.22319502074691,3.6,82.934,77.73,50.0,72.823,67.16,43.163,8701387.0,,,59.4,15656.327,13428.141,104.582,45.3,22151.8,73.362,68.8,51.235,59.154,55.795,13250.0,15225.9,2811.5,3425.7,111.77,97.5,-0.2,-0.6,-2.3,-0.1,1.7
2003-07-31,74.715,76.411,78.88,74.0,75.0,66.0,77.0,82.0,89.0,69.0,75.0,74.0,70.7,53.918,100.0048,47431.301539875894,0.4969199084668194,20.043375286041208,59.403195020746914,3.7,80.768,72.076,47.891,70.918,64.837,44.055,8561988.0,,,55.3,15431.714,14898.003,98.726,45.4,22227.7,73.296,69.8,51.067,56.415,53.29,13835.3,16001.3,2932.0,3477.9,111.24,98.3,,,,,
2003-08-31,74.851,76.481,79.17,74.48,73.0,68.0,80.0,85.0,89.0,71.0,77.0,73.0,70.4,56.505,99.8138,30844.196276717987,0.40955148741418784,17.778638443935943,59.07319502074691,3.7,83.964,75.795,49.513,70.448,65.041,44.769,8545635.0,,,59.4,15375.268,13541.36,104.262,46.5,22212.2,73.628,70.0,51.642,59.09,55.972,14294.8,16585.0,2871.4,3450.6,111.85,99.2,,,,,
2003-09-30,74.988,76.688,79.5,73.16,74.0,70.0,83.0,86.0,88.0,73.0,80.0,77.0,70.5,57.78,96.7277,28522.66996092852,0.45007780320366153,17.511796338672777,59.19319502074691,3.7,86.32,75.557,51.025,71.449,65.275,43.704,8281412.0,,,63.2,17021.082,14531.444,105.227,48.1,22211.6,74.294,70.2,51.034,60.735,57.111,14318.5,17653.1,3001.4,3531.4,110.47,100.1,1.9,0.3,-3.4,2.0,7.9
2003-10-31,74.919,76.688,79.73,75.41,78.0,77.0,90.0,91.0,91.0,76.0,83.0,81.0,70.4,59.22,100.1403,33161.03838198115,0.5537620137299771,14.164427917620145,59.4081950207469,3.7,87.918,74.551,52.767,72.129,64.047,42.91,8573583.0,,,62.3,18929.665,16536.628,107.771,47.0,22273.3,74.36,70.4,50.366,61.903,58.563,15113.7,18118.1,3267.4,3556.6,111.76,100.8,,,,,
2003-11-30,74.988,76.619,80.1,77.43,86.0,80.0,96.0,97.0,92.0,85.0,91.0,85.0,70.4,59.29,101.2002,33140.66996092853,0.5163935926773459,15.409691075514889,59.403195020746914,3.9,87.539,73.935,52.707,72.383,64.242,42.74,8664331.0,,,59.2,18242.088,15760.75,105.488,46.1,22321.4,74.227,70.5,50.156,61.829,58.734,15532.3,18193.4,3213.2,3547.8,114.67,101.5,,,,,
2003-12-31,75.326,77.035,80.62,79.19,88.0,81.0,96.0,99.0,93.0,87.0,93.0,86.0,68.9,60.551,108.3744,38988.354171454805,0.5011304347826089,20.53916475972542,59.598195020746914,3.7,92.44,73.168,54.33,75.174,64.606,42.4,9278551.0,,,61.7,19728.688,17624.485,108.442,43.6,22450.9,74.561,69.1,50.659,62.996,60.178,16145.2,18898.4,3505.8,3574.9,117.07,101.9,2.6,0.0,4.7,3.7,10.7
2004-01-31,75.598,77.243,81.72,80.63,84.0,77.0,95.0,101.0,94.0,85.0,91.0,84.0,70.4,60.188,107.0081,31526.448908296938,0.49413043478260865,17.66521739130436,60.24748073503263,3.5,87.634,73.081,54.876,75.696,64.607,42.368,9161579.0,,,60.8,18987.12,16208.879,107.23,49.5,22626.5,75.027,71.4,50.409,63.548,59.914,16712.5,21719.6,3303.7,3727.9,119.1,102.1,,,,,
2004-02-29,75.665,77.312,82.74,80.53,84.0,76.0,93.0,103.0,94.0,88.0,92.0,84.0,70.6,62.915,104.2215,39612.93311882326,0.5441304347826088,17.325217391304356,60.363195020746915,3.6,91.777,78.346,55.841,75.717,65.685,43.965,8922998.0,,,64.0,19136.968,17468.564,110.609,47.1,22757.4,75.359,71.1,52.073,64.706,62.609,17662.9,20220.0,3458.7,3703.5,118.29,102.0,,,,,
2004-03-31,76.48,77.935,83.54,81.67,88.0,79.0,97.0,103.0,94.0,91.0,94.0,84.0,70.4,62.024,105.493,32293.512066191674,0.49744622425629303,16.207585812356996,60.42319502074691,3.6,89.895,75.092,55.235,74.413,70.778,44.179,9031861.0,,,65.1,21174.855,19120.078,108.376,45.9,22736.6,76.091,68.9,52.669,64.228,61.667,17635.0,20250.9,3653.1,4045.6,118.34,101.8,1.3,-0.1,0.7,-1.1,5.6
2004-04-30,76.548,78.005,83.94,81.65,93.0,88.0,104.0,109.0,96.0,95.0,99.0,86.0,70.8,62.499,103.376,27267.406803033788,0.5606041189931351,23.247585812357,60.268195020746916,3.6,91.125,76.8,56.08,71.181,66.776,44.734,8850609.0,,,62.5,21483.357,18829.952,108.959,47.9,22668.0,76.091,69.3,52.032,64.982,62.054,17992.9,21435.5,3533.5,3890.9,118.09,101.3,,,,,
2004-05-31,76.684,78.074,84.14,84.61,89.0,79.0,100.0,104.0,96.0,90.0,97.0,84.0,70.3,63.337,102.265,36742.24890829695,0.5921830663615563,23.769691075514892,59.81319502074691,3.7,93.102,76.486,56.02,71.216,64.469,46.066,8755498.0,,,61.9,20834.259,17895.384,109.567,46.6,22550.4,76.025,68.9,52.906,65.671,62.865,17773.9,22528.7,3525.2,3778.3,121.8,100.7,,,,,
2004-06-30,76.82,78.143,84.06,83.19,84.0,76.0,95.0,106.0,95.0,86.0,92.0,84.0,70.5,61.687,99.2434,37140.61732934956,0.5169199084668196,23.78021739130437,59.9231950207469,3.5,90.557,76.649,55.115,69.051,61.226,47.167,8496798.0,,,61.6,21657.111,18544.35,105.528,47.3,22638.1,76.025,71.5,52.665,63.888,61.072,18136.2,20678.9,3839.2,4157.3,119.91,100.0,0.8,0.3,1.9,-0.2,2.5
2004-07-31,77.023,78.42,84.4,84.55,85.0,67.0,92.0,104.0,97.0,84.0,89.0,82.0,70.1,60.954,103.6678,36948.301539875894,0.6869199084668194,22.443375286041206,59.80319502074691,3.7,90.936,75.643,54.637,72.09,57.439,47.207,8875592.0,,,59.1,21003.794,18390.091,104.84,48.7,22580.5,76.491,70.5,52.812,63.548,60.326,17912.5,21338.4,3872.0,4114.0,121.5,99.2,,,,,
2004-08-31,77.226,78.49,85.14,86.88,84.0,68.0,96.0,105.0,95.0,86.0,91.0,81.0,69.4,61.626,103.3598,38770.19627671799,0.6495514874141878,20.178638443935945,59.37319502074691,3.8,87.171,76.022,55.722,75.793,57.109,47.042,8849227.0,,,65.3,19798.969,18124.364,105.751,48.5,22522.3,77.156,68.8,53.417,63.952,61.075,17774.2,20121.6,3910.8,4206.4,124.41,98.4,,,,,
2004-09-30,77.362,78.49,85.49,85.63,85.0,72.0,96.0,103.0,97.0,83.0,92.0,80.0,69.9,62.857,105.7197,37097.66996092852,0.5100778032036616,19.511796338672777,60.09319502074691,3.7,92.723,76.562,56.26,74.111,58.205,47.397,9051269.0,,,66.0,20831.133,18193.347,106.041,49.6,22766.3,77.156,71.6,53.519,65.331,62.316,17485.8,21031.5,3796.9,4285.2,124.37,97.8,0.4,0.1,-1.4,-1.0,-1.2
2004-10-31,77.431,78.49,85.53,88.11,87.0,72.0,96.0,105.0,94.0,87.0,91.0,77.0,70.0,62.865,101.7079,50431.03838198115,0.6037620137299772,19.864427917620144,60.1081950207469,3.7,90.841,76.097,56.2,74.644,57.729,47.34,8707796.0,,,62.9,22663.289,20408.216,105.746,50.9,22760.2,77.156,69.4,53.334,65.533,62.257,20322.4,22027.5,3904.3,4697.8,126.31,97.3,,,,,
2004-11-30,77.295,78.42,85.59,83.79,87.0,71.0,97.0,103.0,95.0,88.0,92.0,76.0,69.7,63.911,97.3525,39313.66996092853,0.4763935926773458,17.80969107551489,59.903195020746914,3.7,94.984,76.411,57.105,73.907,59.051,49.054,8334908.0,,,61.7,23076.612,20311.965,107.658,49.6,22719.1,76.691,69.8,54.366,66.425,63.468,18617.8,22664.0,4049.1,4716.5,120.54,97.3,,,,,
2004-12-31,77.498,78.698,84.96,79.73,84.0,70.0,94.0,97.0,93.0,83.0,88.0,75.0,69.3,63.09,101.0564,55752.354171454805,0.4611304347826088,22.33916475972542,60.198195020746915,3.8,90.368,76.022,57.464,78.391,59.437,49.132,8652021.0,,,60.7,23197.206,20967.497,107.076,49.8,22873.5,76.824,70.7,55.516,65.055,62.795,18854.7,22037.0,4438.2,5012.0,113.8,97.8,0.8,1.1,0.2,-1.3,2.0
2005-01-31,78.056,79.322,85.78,83.16,83.0,71.0,90.0,97.0,94.0,83.0,87.0,77.0,71.2,64.8,99.5968,47216.44890829694,0.49413043478260865,19.965217391304364,60.04748073503263,3.8,94.322,78.422,59.274,79.611,66.395,49.623,8527053.0,,,67.9,22454.025,19450.003,108.624,47.48747668,22755.9,77.58,69.0,56.666,68.07,64.707,19703.7,22854.0,4113.2,4667.6,117.16,98.9,,,,,
2005-02-28,78.213,79.481,85.95,83.11,89.0,76.0,92.0,99.0,95.0,86.0,91.0,82.0,71.7,63.479,98.3657,32273.93311882326,0.47413043478260875,17.625217391304357,59.96319502074691,3.7,91.588,75.557,58.13,78.349,64.202,49.642,8421649.0,,,65.3,20401.096,18396.908,105.152,46.64431891,22791.3,77.895,69.9,56.194,66.287,63.192,19541.8,22813.0,4196.6,4792.6,115.76,100.3,,,,,
2005-03-31,78.607,79.881,86.03,84.42,90.0,83.0,98.0,100.0,98.0,91.0,95.0,82.0,71.6,65.466,104.4836,38570.51206619167,0.477446224256293,16.407585812357,60.123195020746905,3.7,93.659,77.805,58.668,74.978,61.751,50.397,8945437.0,,,64.9,23952.5,22779.866,107.867,46.69692202,22852.0,78.365,70.4,56.112,67.454,65.048,19932.5,23207.4,4086.7,5008.3,114.15,101.8,0.9,1.0,2.1,-0.2,2.0
2005-04-30,78.607,79.962,86.27,85.47,93.0,84.0,101.0,102.0,97.0,95.0,97.0,82.0,71.5,64.576,105.1072,33845.40680303379,0.5406041189931352,19.647585812357,60.06819502074691,3.7,91.314,81.049,58.01,74.146,61.073,52.0,8998829.0,,,61.4,22872.505,21244.49,105.4,48.11576173,22788.6,78.444,71.3,57.11,66.903,63.919,20344.6,23189.0,3991.7,4936.2,113.39,103.1,,,,,
2005-05-31,78.685,79.962,85.71,83.57,92.0,80.0,97.0,95.0,96.0,92.0,94.0,81.0,71.8,64.448,106.745,62355.24890829695,0.5221830663615562,25.36969107551489,60.013195020746906,3.7,90.747,74.865,58.915,73.68,59.376,53.258,9139051.0,,,62.4,23122.703,21161.778,103.863,48.42643636,22808.4,78.365,71.3,57.842,66.489,63.719,20842.0,23026.7,4093.2,5119.5,109.92,104.3,,,,,
2005-06-30,78.607,79.962,85.32,84.8,89.0,78.0,95.0,96.0,97.0,89.0,93.0,82.0,72.5,65.324,107.0997,28205.61732934956,0.5069199084668196,26.28021739130437,59.9231950207469,3.8,94.038,75.178,60.12,73.541,60.771,51.029,9169421.0,,,65.2,23707.576,21288.597,105.322,48.44189107,22807.2,78.129,71.7,56.41,67.996,64.668,21333.4,23873.7,4186.7,4898.9,110.35,105.3,1.9,2.4,-0.5,4.1,4.0
2005-07-31,78.607,79.962,85.84,87.05,90.0,76.0,92.0,97.0,96.0,90.0,92.0,81.0,72.8,65.649,104.7035,28318.301539875894,0.5469199084668194,25.943375286041206,59.80319502074691,3.8,93.291,77.103,59.94,75.739,61.218,51.583,8964267.0,,,66.7,23235.522,21508.824,105.746,51.80238093,22781.1,78.444,72.4,57.02,68.208,65.132,21037.9,24017.8,4120.8,4996.6,112.89,106.2,,,,,
2005-08-31,78.685,80.122,86.08,87.88,88.0,76.0,93.0,96.0,96.0,89.0,90.0,83.0,73.2,65.599,104.8727,28869.196276717987,0.49955148741418787,23.978638443935942,59.473195020746914,3.7,95.174,75.254,60.12,70.908,59.21,51.639,8978752.0,,,65.8,23342.967,22000.828,105.556,50.08961501,22767.2,78.679,72.6,56.034,68.41,65.079,20721.8,24246.3,4050.2,4932.4,111.64,107.1,,,,,
2005-09-30,78.763,80.122,86.46,89.18,91.0,79.0,95.0,96.0,99.0,91.0,94.0,83.0,73.1,66.026,104.761,29485.66996092852,0.5400778032036616,24.011796338672777,59.69319502074691,4.0,93.007,78.346,60.06,74.031,59.236,52.268,8969194.0,,,64.9,24519.191,22718.657,104.871,49.43946414,22816.1,79.071,72.9,57.027,68.346,65.286,22489.2,23898.7,4393.1,5044.6,112.68,108.0,1.5,1.2,1.6,-1.7,3.7
2005-10-31,78.763,80.122,86.69,88.68,94.0,82.0,98.0,99.0,99.0,95.0,98.0,85.0,73.5,67.717,102.2283,27400.038381981147,0.5537620137299771,27.664427917620145,59.8081950207469,3.9,95.636,77.654,61.324,72.213,57.702,52.525,8752351.0,,,68.3,25352.748,22652.735,107.06,50.83387232,22873.0,78.914,73.1,56.754,69.779,67.103,21948.5,24181.6,4160.7,4842.6,113.37,109.0,,,,,
2005-11-30,78.763,80.202,86.44,86.7,95.0,83.0,100.0,104.0,99.0,96.0,97.0,85.0,74.6,70.594,106.0255,26429.669960928528,0.5663935926773458,29.80969107551489,59.903195020746914,3.6,99.779,78.27,64.398,73.595,61.239,52.711,9077455.0,,,69.4,25826.192,23849.552,110.592,53.29170548,22960.7,78.6,74.7,57.141,72.868,70.223,22788.9,24914.9,4506.2,4996.2,110.59,110.0,,,,,
2005-12-31,78.921,80.361,86.19,85.82,102.0,87.0,101.0,106.0,98.0,97.0,99.0,86.0,73.9,68.73,102.5676,79767.3541714548,0.4911304347826088,24.439164759725422,59.79819502074692,3.5,96.961,78.422,63.851,77.238,61.143,53.469,8781402.0,,,71.0,25631.716,24186.026,107.434,56.47384926,22969.8,78.836,76.6,58.329,71.838,68.353,22085.1,25038.9,4638.5,5286.2,108.28,110.8,1.0,1.1,4.2,-1.5,2.1
2006-01-31,79.078,80.521,86.49,85.02,101.0,87.0,101.0,103.0,100.0,98.0,100.0,88.0,75.6,71.181,98.0681,47627.44890829694,0.5041304347826087,24.96521739130436,60.14748073503263,3.4,103.733,81.903,65.841,75.134,65.095,54.902,8396177.0,,,74.4,23257.866,23089.304,110.545,53.19575489,23081.1,79.306,74.2,59.465,74.439,71.261,22468.7,25332.5,4104.6,5376.7,105.64,111.4,,,,,
2006-02-28,79.235,80.761,86.53,84.06,98.0,82.0,100.0,100.0,99.0,98.0,98.0,84.0,74.8,70.339,99.7563,43677.93311882326,0.5141304347826088,23.325217391304356,59.96319502074691,3.6,97.518,80.119,64.15,76.238,64.433,55.225,8540711.0,,,70.3,23786.956,23507.78,107.849,53.73907388,23089.2,79.464,74.1,59.937,72.316,70.316,24927.5,25353.6,4344.7,5733.3,103.54,111.6,,,,,
2006-03-31,79.707,81.32,86.42,84.4,100.0,85.0,106.0,105.0,100.0,102.0,104.0,88.0,75.6,71.171,106.3285,32297.512066191674,0.5374462242562931,25.887585812356996,60.123195020746905,3.5,99.495,80.746,64.757,75.866,67.363,56.735,9103396.0,,,76.0,26840.145,25945.007,108.372,52.98949366,23120.9,79.934,75.3,61.404,73.143,70.983,24447.1,25851.9,4886.4,5687.7,103.51,111.4,1.6,1.0,-1.6,0.7,4.2
2006-04-30,79.785,81.4,86.58,85.64,103.0,87.0,108.0,106.0,99.0,107.0,106.0,83.0,75.9,70.878,104.1006,35698.40680303379,0.5706041189931351,27.767585812356998,60.168195020746914,3.5,94.7,81.049,65.175,78.133,67.095,55.776,8912653.0,,,74.3,25590.123,24485.82,106.737,53.45548248,23116.2,80.013,75.6,61.243,72.592,70.415,24681.3,25823.9,4231.6,5651.9,102.3,110.9,,,,,
2006-05-31,80.1,81.641,86.88,87.22,98.0,83.0,101.0,98.0,100.0,101.0,99.0,81.0,76.1,71.907,103.8565,34543.24890829695,0.5121830663615563,25.16969107551489,60.11319502074691,3.4,96.866,85.232,66.02,78.906,65.062,57.354,8891755.0,,,74.4,27934.507,26210.366,107.832,53.90255852,23149.4,80.169,76.1,62.329,73.897,71.439,25589.7,27699.3,4529.2,5515.6,101.99,110.2,,,,,
2006-06-30,80.1,81.56,86.72,88.02,99.0,82.0,98.0,99.0,98.0,99.0,98.0,82.0,75.6,71.272,102.6973,38420.61732934956,0.47691990846681953,23.680217391304367,60.023195020746904,3.5,96.109,81.676,66.2,80.371,66.62,57.714,8792507.0,,,68.7,27948.805,26023.464,106.425,54.25918928,23158.8,80.013,76.2,63.023,73.483,70.695,24157.7,27784.6,5191.4,5780.3,103.5,109.4,0.7,1.3,6.5,-1.3,4.0
2006-07-31,80.257,81.721,86.99,89.25,95.0,77.0,93.0,96.0,99.0,93.0,92.0,80.0,74.9,67.537,99.766,58941.301539875894,0.45691990846681935,24.743375286041207,59.903195020746914,3.5,89.706,82.292,63.126,78.015,63.329,59.813,8541541.0,,,69.1,25774.35,25549.715,99.193,50.38808316,23153.7,80.326,73.0,63.695,70.469,66.961,26257.8,27092.6,4694.2,5702.4,103.51,108.8,,,,,
2006-08-31,80.336,81.721,87.55,90.88,92.0,72.0,89.0,97.0,98.0,87.0,92.0,73.0,76.8,72.253,103.0071,31495.196276717987,0.45955148741418783,24.608638443935945,59.77319502074691,3.5,94.7,87.081,67.105,81.02,57.234,58.546,8819027.0,,,78.4,27287.195,27029.461,106.829,55.08454977,23188.2,80.797,75.3,62.598,74.651,71.764,27414.6,28252.4,4593.0,5933.2,105.57,108.3,,,,,
2006-09-30,80.336,81.881,87.84,87.72,97.0,81.0,101.0,104.0,98.0,93.0,101.0,83.0,76.8,73.167,106.0952,46231.66996092852,0.45007780320366153,25.211796338672777,59.89319502074691,3.5,99.222,85.384,68.668,81.228,63.228,58.299,9083422.0,,,76.7,29651.247,27636.644,108.83,57.90377322,23206.6,81.032,75.3,63.166,76.36,72.559,26631.5,29167.3,4808.8,6045.1,104.85,108.1,1.6,1.1,3.9,2.0,4.4
2006-10-31,80.336,81.881,87.03,86.63,101.0,84.0,100.0,108.0,97.0,98.0,100.0,85.0,77.9,76.693,113.9562,25110.038381981147,0.43376201372997714,23.064427917620144,60.0081950207469,3.6,100.82,88.324,70.359,81.713,60.933,58.53,9756444.0,,,80.8,28015.959,25621.762,110.908,58.2200351,23260.4,80.64,77.3,63.072,78.419,76.382,26074.3,28960.2,4922.8,6129.5,103.66,108.1,,,,,
2006-11-30,80.414,82.041,86.61,85.26,97.0,83.0,98.0,103.0,97.0,94.0,99.0,82.0,78.5,75.64,107.298,30773.669960928528,0.4163935926773458,22.54969107551489,60.003195020746915,3.5,99.127,89.33,70.0,81.098,61.657,59.103,9186396.0,,,78.7,30602.313,26765.115,109.927,58.22625833,23336.6,80.248,77.1,63.111,77.941,75.349,24530.0,28900.3,5370.1,6330.1,101.2,108.3,,,,,
2006-12-31,80.572,82.121,86.53,85.32,100.0,84.0,100.0,99.0,97.0,96.0,99.0,83.0,78.6,72.626,107.4657,43782.354171454805,0.4611304347826088,27.31916475972542,59.99819502074691,3.4,96.204,87.622,68.608,82.077,64.036,59.319,9200757.0,,,79.8,28775.383,27518.194,106.126,69.52993893,23390.7,80.483,79.8,63.751,76.02,72.502,27416.2,28892.3,5334.8,6166.6,100.11,108.7,0.8,1.4,-1.0,4.1,-4.1
2007-01-31,80.728,82.36,86.54,83.84,93.0,79.0,92.0,98.0,97.0,91.0,92.0,82.0,78.9,73.241,105.123,29206.448908296938,0.49413043478260865,28.865217391304363,60.34748073503263,3.4,98.086,92.811,68.429,82.179,67.13,61.456,9000187.0,,,82.4,28092.561,27560.101,106.046,59.52323881,23467.0,80.64,77.4,65.861,76.847,73.409,26553.8,29043.5,5748.7,6323.7,99.64,109.3,,,,,
2007-02-28,81.043,82.76,86.59,85.38,97.0,81.0,97.0,101.0,96.0,96.0,98.0,84.0,80.1,74.416,109.0331,32566.93311882326,0.3941304347826088,26.025217391304356,60.16319502074691,3.2,100.536,91.643,70.0,81.993,65.28,61.163,9334954.0,,,84.1,26225.125,25406.152,107.48,60.73134091,23483.3,81.189,80.1,65.183,78.006,74.721,27354.3,30506.9,5219.4,6997.7,99.19,110.2,,,,,
2007-03-31,81.593,83.4,86.96,88.16,100.0,85.0,100.0,104.0,97.0,99.0,99.0,83.0,79.7,73.74,106.7167,27865.512066191674,0.507446224256293,26.207585812356996,60.32319502074691,3.2,97.424,90.184,69.095,78.827,68.608,60.164,9136634.0,,,81.3,30385.84,29295.46,106.423,60.21349636,23511.1,81.66,79.7,64.462,76.912,73.472,27688.3,30279.4,5663.9,6636.8,100.05,111.3,1.7,1.2,4.4,-1.6,6.8
2007-04-30,81.83,83.56,87.57,89.2,102.0,87.0,103.0,104.0,99.0,100.0,101.0,83.0,80.1,75.355,108.5913,27916.406803033788,0.5006041189931352,25.247585812357,60.268195020746916,3.3,99.127,88.627,70.598,80.167,66.83,58.769,9297123.0,,,84.4,29944.456,29596.882,107.563,58.77581353,23496.5,81.973,78.8,63.819,78.079,74.913,27965.6,30184.3,5731.3,6869.0,100.39,112.5,,,,,
2007-05-31,81.83,83.64,88.06,89.65,101.0,88.0,102.0,107.0,100.0,99.0,102.0,86.0,80.8,75.981,107.4103,37513.24890829695,0.4921830663615563,24.86969107551489,60.21319502074691,3.3,99.59,91.103,71.324,80.072,67.551,59.88,9196011.0,,,78.5,31039.901,29856.937,108.648,60.15465887,23505.5,82.052,80.2,64.608,78.759,75.499,30749.6,30993.0,5900.4,6882.6,100.53,113.6,,,,,
2007-06-30,81.908,83.64,88.24,89.39,102.0,88.0,103.0,104.0,100.0,100.0,101.0,86.0,81.5,75.865,104.2505,26286.61732934956,0.5069199084668196,25.980217391304368,60.22319502074691,3.2,99.033,89.33,71.204,79.518,67.175,61.499,8925480.0,,,75.5,32000.109,28508.098,106.9,59.2708243,23546.0,82.052,79.0,65.632,78.493,75.315,28920.7,31968.8,5994.0,6729.4,100.66,114.5,1.7,1.7,3.7,-2.4,4.0
2007-07-31,82.065,83.8,88.35,89.37,104.0,87.0,102.0,103.0,100.0,99.0,103.0,88.0,82.2,76.437,110.1155,47524.301539875894,0.5169199084668193,23.343375286041205,60.10319502074691,3.3,100.536,94.205,72.707,80.689,69.395,60.638,9427619.0,,,73.6,30207.444,29223.201,105.963,59.12247241,23542.3,82.366,78.5,65.292,80.754,76.074,29025.3,32591.1,6006.0,6995.0,100.79,115.1,,,,,
2007-08-31,82.144,83.88,88.3,90.22,101.0,85.0,100.0,103.0,100.0,98.0,100.0,86.0,83.1,78.802,109.6796,57128.19627671799,0.5295514874141878,22.978638443935942,59.87319502074691,3.3,100.536,92.497,72.707,82.751,69.57,60.975,9390300.0,,,80.4,30998.134,29642.05,108.296,60.99157827,23541.6,82.444,79.6,65.891,80.34,78.471,28866.4,33164.2,5951.0,7067.2,101.97,115.3,,,,,
2007-09-30,82.222,83.88,88.72,92.3,102.0,87.0,100.0,103.0,100.0,95.0,99.0,87.0,82.1,77.867,105.692,59857.66996092852,0.5400778032036616,24.011796338672777,59.99319502074691,3.2,99.779,91.103,73.006,81.704,65.46,60.418,9048901.0,,,76.1,29323.535,27193.582,105.488,61.06335015,23571.1,82.915,80.9,64.999,80.064,77.422,27906.9,32655.1,5452.9,7084.8,102.11,115.1,1.2,1.1,-5.2,-0.3,2.3
2007-10-31,82.301,84.04,88.9,93.16,103.0,87.0,104.0,105.0,99.0,99.0,100.0,88.0,83.4,81.417,109.1319,104046.03838198114,0.5737620137299771,24.164427917620145,60.0081950207469,3.3,101.945,92.422,75.961,83.677,68.078,61.092,9343410.0,,,78.3,34433.813,32741.232,110.485,58.95116002,23632.3,83.072,80.9,66.022,83.217,81.021,31235.2,32927.6,6070.9,7699.8,101.06,114.5,,,,,
2007-11-30,82.379,84.119,89.27,96.94,107.0,88.0,105.0,107.0,99.0,103.0,102.0,89.0,83.6,81.533,109.6664,76092.66996092853,0.5463935926773459,25.90969107551489,60.10319502074692,3.3,102.702,96.443,76.687,86.005,72.912,59.802,9389173.0,,,82.8,35807.893,33926.124,110.164,59.62443708,23694.3,83.072,81.0,65.721,84.182,81.32,31082.7,34262.4,6644.6,7640.7,102.98,113.5,,,,,
2007-12-31,82.537,84.279,89.63,98.59,105.0,85.0,99.0,104.0,99.0,100.0,99.0,88.0,83.5,80.743,114.2614,28884.354171454805,0.5611304347826088,29.23916475972542,59.99819502074691,3.2,102.419,99.773,76.567,83.69,80.597,61.478,9782574.0,,,87.4,33030.276,33895.915,108.926,60.72624974,23732.3,83.386,81.5,67.32,84.32,80.984,33017.8,34226.3,7030.0,7526.3,103.52,112.2,2.2,0.9,10.2,5.5,3.8
2008-01-31,83.008,84.679,90.13,101.59,102.0,83.0,102.0,101.0,98.0,100.0,98.0,88.0,85.0,82.195,109.8222,38009.44890829694,0.5941304347826086,29.165217391304363,60.24748073503263,3.0,104.585,99.697,77.165,84.322,81.712,62.898,9402512.0,,,82.3,32274.575,36318.03,110.123,64.02658255,23778.1,83.777,82.1,68.849,85.202,82.712,34241.0,36174.8,7618.6,8155.7,105.42,110.7,,,,,
2008-02-29,83.322,84.999,90.97,104.35,99.0,83.0,97.0,100.0,98.0,96.0,97.0,87.0,84.9,82.604,104.6487,28026.93311882326,0.5641304347826088,26.625217391304357,59.96319502074691,3.0,101.472,98.141,77.105,86.307,85.008,64.02,8959575.0,,,82.6,31178.19,32624.334,109.064,61.70136233,23771.2,84.092,81.0,70.065,83.833,82.773,34786.9,35894.8,7043.5,8176.1,106.66,108.9,,,,,
2008-03-31,84.266,85.958,92.15,112.86,102.0,81.0,103.0,104.0,101.0,103.0,100.0,86.0,85.0,83.086,102.8129,22072.512066191674,0.5374462242562931,26.907585812357,60.023195020746904,3.0,105.426,98.227,77.891,83.875,89.438,63.458,8802407.0,,,82.8,35991.776,37110.561,109.908,66.39648696,23772.3,84.876,82.0,69.954,85.478,83.227,35958.9,36543.4,7418.5,7997.2,113.44,106.9,0.4,1.0,-0.4,-5.1,1.9
2008-04-30,84.659,86.118,94.11,117.15,108.0,85.0,107.0,115.0,100.0,107.0,106.0,85.0,85.1,83.725,102.3223,42839.40680303379,0.5206041189931352,26.947585812356998,60.06819502074691,3.1,106.088,99.535,77.404,82.521,93.423,64.57,8760397.0,,,83.8,37850.247,38260.401,110.983,66.09491697,23776.5,85.347,82.5,71.188,85.34,83.721,36238.1,37501.3,8067.2,8114.0,116.19,104.7,,,,,
2008-05-31,85.052,86.438,96.0,129.66,105.0,82.0,103.0,111.0,101.0,104.0,102.0,83.0,84.9,82.941,101.7576,32339.248908296948,0.5921830663615563,29.16969107551489,60.013195020746906,3.2,103.449,96.368,77.165,80.576,89.683,68.08,8712056.0,,,78.0,39383.158,38704.468,107.919,64.34828783,23777.6,86.052,81.6,72.788,84.108,82.658,37180.3,37792.9,7831.8,8705.5,124.59,102.2,,,,,
2008-06-30,85.445,86.598,97.54,133.15,105.0,76.0,99.0,109.0,100.0,102.0,100.0,77.0,84.1,82.533,95.8537,19891.61732934956,0.5769199084668195,26.58021739130437,59.9231950207469,3.1,102.135,95.211,76.687,83.38,96.716,71.153,8206584.0,,,78.6,37258.608,37827.931,107.141,58.40500304,23793.9,86.601,78.4,76.308,83.631,82.112,37712.5,37256.0,7624.8,9041.9,126.0,99.2,0.5,-0.1,-3.3,-0.6,-0.2
2008-07-31,85.838,86.998,99.44,134.59,102.0,75.0,99.0,110.0,98.0,99.0,100.0,77.0,85.3,81.813,99.2043,24481.301539875894,0.5669199084668194,25.843375286041205,59.80319502074691,3.1,103.354,102.011,76.02,82.599,92.646,69.988,8493447.0,75.2,28.0,79.2,40961.223,42952.491,105.643,60.91665726,23796.5,87.229,80.5,74.763,84.449,81.425,39154.1,40037.2,7855.8,9222.5,126.13,95.8,,,,,
2008-08-31,85.996,86.998,99.16,128.67,99.0,73.0,95.0,106.0,100.0,94.0,95.0,75.0,85.3,81.877,102.4028,30753.196276717987,0.5595514874141878,26.478638443935942,59.57319502074691,3.3,101.283,101.546,74.816,82.309,88.888,71.158,8767296.0,92.5,42.0,82.1,36610.603,40420.447,105.193,58.73175404,23768.0,87.072,81.0,75.254,83.015,81.651,40318.5,38208.2,7590.2,8789.7,124.32,92.0,,,,,
2008-09-30,86.388,87.318,98.75,131.65,94.0,73.0,92.0,102.0,96.0,90.0,91.0,74.0,84.7,80.575,100.2239,22846.66996092852,0.5900778032036615,24.91179633867278,59.49319502074691,3.2,96.772,100.616,75.662,83.72,89.74,71.928,8580743.0,91.4,43.0,77.4,37428.303,39528.073,102.826,56.91702667,23743.4,87.151,79.1,76.03,82.803,79.918,38102.0,39330.0,7917.1,8358.6,130.05,87.7,0.8,-0.1,0.1,0.5,2.5
2008-10-31,86.545,87.398,98.49,137.05,89.0,64.0,87.0,96.0,95.0,88.0,86.0,67.0,84.2,80.183,97.9093,23122.038381981147,0.5237620137299772,27.464427917620146,59.5081950207469,3.3,100.158,100.389,72.886,84.138,98.964,71.86,8382576.0,79.4,29.0,77.0,37111.14,36098.774,105.229,56.93621716,23771.7,87.072,78.0,77.14,81.369,79.52,34141.0,33570.3,8407.4,7306.0,140.1,83.5,,,,,
2008-11-30,86.781,87.718,96.2,127.97,79.0,55.0,72.0,83.0,88.0,72.0,68.0,54.0,83.3,71.755,95.2308,33010.66996092853,0.48639359267734583,22.60969107551489,59.503195020746915,3.4,91.493,97.989,64.876,82.653,96.418,71.58,8153260.0,74.8,29.0,70.0,28841.617,28853.646,93.449,50.36469285,23799.3,86.837,77.3,76.001,74.035,71.08,28468.0,28571.2,6930.5,6645.3,135.44,79.9,,,,,
2008-12-31,87.174,88.037,94.58,120.68,71.0,51.0,54.0,62.0,81.0,55.0,56.0,49.0,81.8,63.825,87.7241,52988.354171454805,0.3611304347826088,21.33916475972542,59.198195020746915,3.4,86.793,95.362,58.796,79.839,93.498,67.037,7510568.0,70.0,25.0,68.3,27117.889,26575.58,84.107,51.03843271,23740.6,86.837,77.1,71.949,68.483,62.974,24862.3,32029.6,6739.8,6844.3,129.44,77.6,-3.3,-3.8,-11.0,-1.9,-7.5
2009-01-31,87.332,88.037,94.31,118.52,63.0,52.0,54.0,61.0,81.0,51.0,54.0,51.0,84.2,65.184,100.3688,26531.448908296938,0.3941304347826087,23.46521739130436,59.14748073503263,3.3,88.297,86.0,59.334,74.283,92.492,64.287,8593148.0,76.8,34.0,62.0,21133.405,24898.821,84.708,54.3561541,23697.8,86.916,78.7,69.197,67.794,64.651,24554.3,26643.8,6247.0,6324.4,125.03,77.1,,,,,
2009-02-28,87.646,88.438,94.95,123.16,62.0,52.0,56.0,56.0,80.0,52.0,53.0,49.0,84.7,70.656,101.928,25269.93311882326,0.36413043478260876,22.625217391304357,58.76319502074691,3.3,89.895,90.562,65.175,72.265,80.091,62.761,8726641.0,78.4,38.0,64.7,25397.15,22598.094,90.543,57.38867553,23630.9,87.543,80.6,66.323,72.73,70.391,23025.0,28862.7,5858.3,5898.3,131.07,78.5,,,,,
2009-03-31,88.039,88.837,95.4,124.77,69.0,58.0,61.0,66.0,85.0,58.0,61.0,57.0,83.5,73.542,95.9291,21954.512066191674,0.347446224256293,21.407585812357,58.72319502074691,3.5,89.895,92.422,67.711,72.91,83.627,61.217,8213042.0,74.9,34.0,64.9,27890.831,23920.622,94.184,55.96437947,23573.9,88.17,79.6,65.752,74.926,73.064,22451.5,28458.0,5855.3,6296.8,133.22,81.5,0.1,-0.3,-5.9,3.8,0.6
2009-04-30,88.196,88.757,95.51,115.08,79.0,69.0,73.0,75.0,88.0,71.0,71.0,63.0,85.5,76.276,102.6276,25117.406803033788,0.39060411899313513,21.947585812356998,58.768195020746916,3.6,93.659,92.108,71.025,72.81,77.843,59.662,8786537.0,94.3,65.0,64.2,30326.509,24873.845,97.969,58.32144277,23582.4,88.405,80.0,64.227,77.739,75.746,23054.8,28331.9,6118.4,6430.6,125.16,85.7,,,,,
2009-05-31,88.354,89.077,94.78,111.59,83.0,74.0,77.0,75.0,90.0,78.0,76.0,67.0,85.2,77.33,99.9135,23165.248908296948,0.40218306636155626,22.66969107551489,58.61319502074691,3.9,97.708,90.638,71.383,68.157,83.462,58.668,8554165.0,104.9,88.0,66.8,27823.839,23407.033,99.085,68.79847128,23542.1,88.405,82.8,63.188,78.355,76.722,23385.5,27694.5,5420.7,6793.8,119.53,90.5,,,,,
2009-06-30,88.432,89.237,94.53,117.3,85.0,77.0,80.0,79.0,92.0,80.0,80.0,73.0,85.8,80.531,108.7318,27841.61732934956,0.3869199084668195,24.58021739130437,59.123195020746905,3.9,99.306,95.827,75.354,68.167,85.421,58.702,9309156.0,107.2,91.0,71.1,32210.048,25689.293,102.216,70.76266987,23771.1,88.327,82.6,63.36,82.188,79.894,24913.9,29835.9,5708.5,6491.8,121.81,95.4,1.3,3.6,1.9,2.2,1.3
2009-07-31,88.59,89.317,95.61,117.27,84.0,78.0,84.0,82.0,94.0,84.0,82.0,78.0,86.4,82.302,100.0588,24741.301539875894,0.4869199084668194,25.543375286041208,58.70319502074691,3.8,99.222,95.124,76.499,70.846,78.356,58.623,8566605.0,109.5,95.0,67.4,31908.462,27679.764,104.114,59.86839916,23686.4,88.641,80.8,62.908,83.217,81.868,26028.9,29629.4,5787.2,7032.8,122.68,99.9,,,,,
2009-08-31,88.668,89.397,96.16,119.68,87.0,81.0,90.0,90.0,95.0,88.0,85.0,84.0,86.6,83.052,97.4237,32533.196276717987,0.49955148741418787,25.178638443935945,58.77319502074691,3.8,94.322,92.032,76.866,73.271,76.162,59.46,8341000.0,117.2,110.0,69.3,28949.627,27408.191,103.872,59.06722779,23722.9,88.955,81.1,63.857,81.985,82.808,27688.1,30424.2,5812.9,6803.6,122.94,103.9,,,,,
2009-09-30,88.746,89.557,96.25,117.37,92.0,84.0,97.0,95.0,97.0,94.0,92.0,91.0,87.2,85.5,103.8792,36313.66996092852,0.5100778032036616,29.61179633867278,58.89319502074691,3.6,99.495,99.535,79.155,74.303,74.18,61.313,8893696.0,116.7,112.0,78.0,33922.429,29757.14,106.358,67.72123458,23792.7,89.034,83.3,65.098,85.827,84.989,28604.8,30616.4,5931.5,6904.5,120.71,107.1,3.0,1.1,9.4,-1.1,5.4
2009-10-31,88.825,89.557,95.48,116.08,96.0,88.0,102.0,96.0,96.0,98.0,94.0,90.0,87.4,84.606,100.1449,25826.038381981147,0.5637620137299771,28.264427917620143,58.7081950207469,3.6,100.442,95.903,78.19,70.313,76.376,61.015,8573980.0,121.5,117.0,74.6,33970.032,30396.532,104.606,71.50007046,23775.5,88.798,85.2,64.389,84.449,84.076,29658.2,33787.8,5686.1,7020.0,117.04,109.6,,,,,
2009-11-30,88.982,89.796,95.81,118.32,95.0,85.0,100.0,97.0,97.0,97.0,93.0,90.0,86.9,85.185,100.8943,34346.66996092853,0.6063935926773458,26.40969107551489,58.60319502074692,3.7,100.063,100.0,78.856,67.802,76.226,62.699,8638143.0,117.0,108.0,80.0,33991.607,29534.69,105.244,70.29857066,23769.6,88.955,83.7,64.884,85.689,84.847,30284.4,33265.6,6271.8,7415.6,117.32,111.4,,,,,
2009-12-31,89.061,89.956,96.29,118.93,100.0,89.0,99.0,98.0,98.0,99.0,94.0,93.0,88.2,85.933,97.3161,77242.3541714548,0.5011304347826089,23.33916475972542,58.39819502074691,3.6,103.176,105.568,79.812,68.669,81.901,63.483,8331787.0,115.5,104.0,82.3,36009.623,32920.497,106.667,73.23527318,23700.4,89.269,85.2,66.322,87.399,85.974,32226.2,36380.8,7844.0,8466.9,118.28,112.7,0.7,1.0,4.8,0.0,2.3
2010-01-31,89.348,90.18,96.71,118.41,100.0,89.0,107.0,104.0,101.0,104.0,101.0,96.0,87.6,86.625,103.0231,26450.448908296938,0.5741304347826086,23.365217391304363,58.44748073503263,4.7,98.738,102.054,80.786,72.493,84.312,67.366,8820398.0,116.0,104.0,81.1,30735.415,31535.995,105.221,73.43938494,23679.5,89.974,85.9,70.514,86.489,87.064,31128.8,32548.6,6138.5,7823.9,117.23,113.6,,,,,
2010-02-28,89.528,90.362,96.88,118.77,101.0,89.0,110.0,105.0,101.0,105.0,103.0,97.0,89.1,89.24,102.7144,30052.93311882326,0.6541304347826088,26.72521739130436,58.363195020746915,4.0,101.893,100.865,80.956,72.628,84.612,71.069,8793970.0,113.6,98.0,87.1,33039.402,31044.126,107.793,75.19682921,23744.4,90.156,89.0,72.775,87.132,89.679,32852.8,35674.9,6086.0,7671.4,118.67,114.2,,,,,
2010-03-31,89.438,90.362,97.33,119.73,102.0,89.0,114.0,108.0,102.0,108.0,106.0,96.0,89.2,90.228,101.6672,32856.51206619167,0.677446224256293,25.007585812356997,58.623195020746905,3.6,101.788,102.703,83.604,76.665,83.667,68.883,8704312.0,113.5,100.0,89.2,37308.94,35575.754,107.935,71.67704409,23847.0,90.338,87.1,71.993,89.338,90.167,33710.4,36822.5,6488.8,8069.1,118.16,114.6,2.0,0.9,9.8,0.0,-0.4
2010-04-30,89.618,90.453,98.04,120.79,107.0,94.0,117.0,112.0,103.0,113.0,110.0,96.0,89.0,91.634,97.3006,29807.406803033788,0.6206041189931352,25.247585812357,58.96819502074692,3.6,106.414,103.459,84.714,80.933,82.925,69.388,8330467.0,113.2,98.0,86.8,39301.014,35522.367,108.348,69.56727727,23993.7,90.702,86.7,73.256,91.085,91.271,33398.1,38200.3,6603.2,7968.7,118.47,114.8,,,,,
2010-05-31,89.798,90.635,98.87,124.21,107.0,95.0,116.0,111.0,105.0,112.0,112.0,97.0,90.2,92.859,100.5563,27690.248908296948,0.6421830663615562,25.269691075514892,59.31319502074691,3.2,106.414,106.919,85.226,79.599,80.129,70.405,8609200.0,113.3,101.0,83.5,38887.93,34853.57,108.868,71.2620393,24128.2,90.793,87.3,73.414,92.096,92.508,34672.4,41038.9,7125.6,7320.8,121.41,114.9,,,,,
2010-06-30,89.888,90.725,98.98,127.12,104.0,94.0,113.0,110.0,104.0,110.0,110.0,98.0,89.8,93.302,100.6668,14370.61732934956,0.6569199084668196,25.58021739130437,59.123195020746905,3.5,106.519,110.27,86.08,78.065,79.454,71.368,8618665.0,114.9,103.0,89.8,42049.045,35254.773,108.561,72.07365532,24096.0,90.702,88.5,73.579,93.382,92.837,34166.4,38490.6,7487.3,8209.6,124.95,114.8,1.9,0.9,2.2,-4.3,10.0
2010-07-31,90.068,90.907,99.23,126.65,107.0,93.0,111.0,111.0,105.0,110.0,108.0,97.0,89.6,93.67,100.1615,18488.301539875894,0.6269199084668193,24.943375286041206,59.20319502074691,3.8,108.307,108.973,86.849,78.466,81.957,71.966,8575400.0,114.9,104.0,88.1,40423.611,35421.718,109.28,72.69886076,24167.9,90.884,88.8,74.315,93.566,93.592,34177.9,38089.5,7060.7,7746.3,124.13,114.7,,,,,
2010-08-31,90.248,91.089,99.53,126.49,102.0,88.0,109.0,113.0,106.0,107.0,106.0,97.0,89.0,93.232,97.1145,23555.196276717987,0.7195514874141878,26.078638443935944,58.973195020746914,3.5,106.625,113.081,86.08,80.772,78.906,73.025,8314527.0,112.6,102.0,93.7,36480.955,35274.964,107.179,74.54503863,24127.0,91.34,88.5,75.118,93.29,93.348,34885.5,39882.3,6841.8,7777.2,120.79,114.5,,,,,
2010-09-30,90.338,91.179,100.1,126.35,99.0,88.0,102.0,109.0,105.0,103.0,101.0,96.0,89.1,93.603,92.8766,25397.66996092852,0.6100778032036616,25.11179633867278,58.79319502074691,3.8,107.571,110.162,86.593,80.144,80.774,73.795,7951697.0,111.6,97.0,93.4,39410.882,35001.78,106.734,78.71964293,24076.0,92.068,89.9,75.759,93.382,93.219,34801.6,40674.7,6513.6,8188.0,119.76,114.1,1.2,1.0,1.7,-1.4,0.3
2010-10-31,90.338,91.179,100.47,124.77,101.0,89.0,105.0,108.0,103.0,105.0,99.0,95.0,89.3,93.234,90.0903,28813.038381981147,0.6437620137299772,26.964427917620146,58.8081950207469,3.7,105.258,111.351,86.678,79.943,83.367,73.797,7713148.0,111.1,92.0,89.7,43340.335,37001.095,106.957,78.14735529,24141.3,92.068,89.1,76.091,93.107,92.692,35766.5,39489.4,7240.0,9011.7,116.23,113.7,,,,,
2010-11-30,90.338,91.179,100.82,127.18,101.0,90.0,106.0,108.0,103.0,106.0,101.0,96.0,89.6,94.208,92.7663,38915.66996092853,0.6263935926773458,26.40969107551489,58.70319502074691,3.3,105.468,113.838,87.959,80.091,84.926,73.913,7942259.0,114.2,98.0,90.9,41260.912,38669.304,107.607,78.01914976,24134.2,91.613,90.2,75.906,94.577,93.959,38181.6,42972.0,7715.8,8408.6,116.88,113.1,,,,,
2010-12-31,90.608,91.452,101.75,132.88,100.0,90.0,105.0,103.0,104.0,104.0,102.0,98.0,90.2,95.39,96.3906,89240.3541714548,0.7111304347826088,25.13916475972542,58.79819502074692,3.6,107.045,113.405,89.155,86.614,87.452,74.529,8252549.0,113.1,95.0,92.5,44145.32,40056.714,110.681,78.56459664,24226.5,91.977,90.8,78.063,95.496,95.681,38160.3,39951.0,7647.5,8726.2,120.32,112.5,1.2,0.8,2.8,1.1,5.0
2011-01-31,91.238,91.906,103.32,132.27,99.0,87.0,106.0,106.0,103.0,103.0,103.0,97.0,92.3,97.676,93.227,35668.44890829694,0.7241304347826086,25.46521739130436,58.64748073503263,3.6,112.198,116.973,91.973,80.472,83.451,73.486,7981702.0,111.6,90.0,90.9,44465.366,41981.323,111.614,83.23480041,24085.3,93.07,95.3,76.197,98.346,98.403,44505.6,45770.4,6903.6,8755.5,118.18,111.7,,,,,
2011-02-28,91.867,92.269,104.09,135.98,95.0,84.0,105.0,105.0,103.0,101.0,101.0,93.0,90.1,96.032,84.3017,33991.93311882326,0.7641304347826088,23.625217391304357,58.96319502074691,3.7,105.783,111.459,90.179,81.869,77.835,74.084,7217549.0,109.4,85.0,89.1,38467.412,36401.588,108.547,79.03506577,24291.9,93.707,88.4,75.845,95.588,96.622,41792.4,45940.3,6913.3,7916.6,120.55,110.9,,,,,
2011-03-31,92.137,92.542,105.34,140.87,97.0,87.0,107.0,108.0,102.0,106.0,104.0,95.0,91.5,98.026,95.0284,40680.51206619167,0.737446224256293,28.107585812356998,59.22319502074691,3.8,107.045,116.432,91.119,80.849,82.404,76.197,8135929.0,98.7,66.0,93.1,48052.991,45565.952,109.8,81.0351506,24413.5,94.072,91.4,77.686,97.151,98.136,47825.1,48258.3,7029.6,8399.6,124.2,110.1,0.9,1.2,0.0,-2.2,8.2
2011-04-30,92.317,92.723,105.99,141.74,103.0,92.0,111.0,111.0,104.0,109.0,109.0,93.0,91.7,96.756,89.3863,49886.40680303379,0.6706041189931351,25.147585812357,59.268195020746916,3.5,102.419,113.622,91.204,77.633,83.062,78.255,7652877.0,100.8,73.0,88.8,48536.725,44188.522,107.786,80.3140205,24467.2,94.163,91.8,78.814,96.048,96.53,47444.5,48677.0,6857.0,8383.4,122.46,109.4,,,,,
2011-05-31,92.677,93.087,106.31,138.72,101.0,90.0,105.0,106.0,103.0,107.0,104.0,91.0,91.7,97.981,90.0872,39032.24890829695,0.7121830663615563,25.86969107551489,59.61319502074691,3.3,102.734,116.216,91.289,80.142,85.575,79.414,7712887.0,104.4,82.0,94.3,47331.329,45284.932,108.781,82.42463873,24585.8,94.345,92.2,80.391,96.691,97.579,51109.0,49917.8,7154.4,8751.6,120.32,108.8,,,,,
2011-06-30,93.037,93.268,106.07,138.01,102.0,88.0,105.0,107.0,102.0,105.0,102.0,89.0,92.3,98.759,98.697,27926.61732934956,0.7469199084668195,25.980217391304368,59.623195020746905,3.3,106.099,116.108,90.863,82.798,86.846,81.419,8450019.0,102.1,79.0,94.7,46736.893,44824.772,109.524,83.09559461,24674.4,94.527,93.2,82.327,97.335,98.3,47291.5,49859.8,7634.7,8746.3,118.95,108.2,0.5,0.7,4.1,-0.1,1.8
2011-07-31,93.307,93.45,106.21,136.29,98.0,87.0,101.0,105.0,105.0,102.0,100.0,89.0,93.0,98.533,85.9871,39554.301539875894,0.6669199084668194,25.243375286041207,59.403195020746914,3.3,105.678,116.865,91.887,82.583,86.747,81.34,7361848.0,102.5,78.0,92.5,48950.113,44296.129,108.453,81.90385711,24593.2,94.982,91.7,82.242,97.61,98.299,46749.5,50424.7,7659.8,8654.8,116.65,107.5,,,,,
2011-08-31,93.397,93.632,106.35,136.64,92.0,81.0,97.0,98.0,102.0,96.0,94.0,86.0,93.4,98.251,88.2168,49523.19627671799,0.6295514874141879,25.478638443935942,59.57319502074691,3.2,105.994,116.973,91.631,79.194,87.307,83.223,7552750.0,98.0,70.0,99.2,45792.061,45381.68,107.604,81.24561266,24679.2,95.62,92.5,83.054,97.61,98.361,46267.7,51076.4,7951.4,8697.0,117.51,106.8,,,,,
2011-09-30,93.307,93.541,106.43,141.42,94.0,82.0,96.0,97.0,100.0,96.0,95.0,87.0,92.6,98.75,90.9193,48363.66996092852,0.6500778032036616,24.61179633867278,58.79319502074691,3.3,104.311,116.324,93.595,81.909,87.626,84.64,7784124.0,97.3,65.0,92.1,46510.965,45279.469,107.48,83.77385996,24405.7,95.529,92.7,84.304,98.254,98.228,48092.0,50443.2,8165.3,8502.6,120.96,106.1,0.5,-0.2,-1.6,-0.3,1.4
2011-10-31,93.217,93.541,106.33,142.8,95.0,82.0,97.0,99.0,98.0,96.0,93.0,87.0,92.9,99.071,93.2447,61403.03838198115,0.5637620137299771,26.564427917620144,59.4081950207469,3.2,101.262,115.568,94.364,83.968,90.808,85.733,7983217.0,99.8,66.0,86.4,46613.48,42709.77,107.545,79.50564669,24709.7,95.347,92.1,86.077,98.346,98.669,47016.4,47841.2,7441.1,8471.6,122.42,105.4,,,,,
2011-11-30,93.487,93.722,105.99,140.8,93.0,80.0,93.0,99.0,99.0,94.0,91.0,87.0,92.6,97.757,87.0121,42836.66996092853,0.6063935926773458,26.30969107551489,59.30319502074691,3.3,100.631,113.622,92.827,84.883,97.715,86.955,7449602.0,104.2,75.0,90.6,46012.595,43010.481,106.724,81.89455226,24670.0,95.438,91.3,87.356,97.059,97.861,43913.0,48999.9,8238.0,8616.4,119.2,104.6,,,,,
2011-12-31,93.847,93.904,106.09,141.01,91.0,81.0,92.0,94.0,97.0,93.0,91.0,84.0,91.6,95.774,96.1536,79823.3541714548,0.6911304347826088,24.83916475972542,59.29819502074692,3.2,101.998,111.135,91.802,88.095,106.048,87.61,8232264.0,98.4,68.0,90.8,47743.725,45488.471,104.753,80.3879658,24713.0,95.802,93.0,89.712,96.048,96.11,47192.2,50004.0,8611.1,8720.7,119.08,103.9,0.5,0.2,-1.1,2.2,-0.6
2012-01-31,94.036,94.122,106.64,142.4,88.0,78.0,88.0,91.0,97.0,87.0,84.0,83.0,92.7,98.128,84.4097,46579.44890829694,0.6841304347826087,25.865217391304363,59.34748073503263,3.3,104.627,120.432,94.193,84.041,94.489,86.486,7226798.0,97.1,66.0,98.8,41200.358,43517.291,107.708,86.87123324,24681.8,96.184,94.9,87.191,99.265,99.158,46980.5,48456.8,8170.6,8565.2,120.18,103.3,,,,,
2012-02-29,94.153,94.485,107.37,143.09,89.0,79.0,91.0,98.0,98.0,91.0,90.0,83.0,93.9,101.488,86.1668,46907.93311882326,0.7241304347826087,27.125217391304357,59.363195020746915,3.4,105.889,124.324,95.474,83.114,91.391,86.447,7377231.0,101.2,69.0,101.9,46316.184,45099.984,109.295,80.93644503,24781.1,96.549,92.8,86.357,100.368,102.262,51618.9,51265.0,8023.0,9158.4,119.74,102.7,,,,,
2012-03-31,93.919,94.204,107.9,145.47,92.0,81.0,95.0,97.0,97.0,92.0,91.0,82.0,93.0,98.845,87.9587,45994.51206619167,0.677446224256293,30.607585812356994,59.623195020746905,3.3,101.367,117.189,93.083,82.44,92.339,87.754,7530653.0,101.8,73.0,89.9,47329.817,45053.406,106.863,81.14638887,24870.3,96.576,92.3,87.139,97.61,98.934,45163.4,49613.7,8479.0,8807.2,120.49,102.1,0.9,0.6,9.6,-4.2,1.1
2012-04-30,93.928,94.176,107.95,143.9,92.0,82.0,96.0,99.0,98.0,93.0,93.0,81.0,93.0,100.032,84.7903,50905.40680303379,0.6906041189931351,27.347585812357,59.768195020746916,3.3,103.996,118.703,93.339,82.206,93.743,86.643,7259386.0,105.9,78.0,95.6,46094.754,43957.176,107.573,81.18769796,24957.1,96.567,92.5,86.896,98.529,99.845,49753.2,49282.9,8296.3,8671.2,121.0,101.5,,,,,
2012-05-31,94.153,94.458,107.35,141.18,93.0,82.0,96.0,97.0,99.0,92.0,92.0,79.0,94.0,101.349,86.9092,52402.24890829695,0.7321830663615563,27.66969107551489,60.013195020746906,3.2,104.522,120.432,95.218,81.767,93.714,87.768,7440792.0,106.3,82.0,89.9,46872.357,44480.339,108.197,85.20727377,25073.0,96.74,94.4,87.55,100.184,100.898,46514.8,49789.1,8791.2,8758.2,120.01,100.6,,,,,
2012-06-30,94.405,94.558,106.05,136.17,91.0,78.0,92.0,97.0,97.0,91.0,91.0,78.0,93.5,99.412,84.2557,46594.61732934956,0.7069199084668195,29.08021739130437,59.82319502074691,3.2,103.785,113.405,94.791,80.692,93.274,86.293,7213615.0,100.5,73.0,85.4,47162.605,41993.629,106.111,86.16392662,25041.3,96.603,94.4,86.055,99.265,98.846,45165.4,50620.1,8439.2,9096.2,118.32,99.5,0.6,0.3,-7.2,-1.7,2.2
2012-07-31,94.396,94.567,105.58,135.01,84.0,69.0,86.0,92.0,93.0,83.0,81.0,71.0,94.5,98.446,88.7317,45358.301539875894,0.7469199084668193,31.343375286041205,59.80319502074691,3.1,102.629,113.946,94.193,79.228,92.937,84.797,7596829.0,99.2,72.0,90.7,44667.681,41976.9,104.55,86.87973374,25028.0,96.385,95.0,84.74,98.162,98.202,44049.3,50450.0,8916.6,8907.0,116.76,98.3,,,,,
2012-08-31,94.549,94.721,106.23,137.26,84.0,69.0,83.0,91.0,93.0,85.0,82.0,74.0,94.0,97.014,83.4817,47697.19627671799,0.7295514874141878,30.578638443935944,59.67319502074691,3.1,101.367,111.892,91.119,81.871,91.297,89.424,7147346.0,99.6,69.0,83.3,43045.181,41115.675,100.24,83.25859654,24999.1,96.831,92.8,88.267,95.68,96.933,45615.1,48348.4,8256.8,8740.3,116.72,97.1,,,,,
2012-09-30,94.702,94.812,106.61,138.26,81.0,68.0,83.0,86.0,92.0,78.0,79.0,72.0,94.3,97.894,87.9379,56328.66996092852,0.6800778032036615,30.811796338672778,59.69319502074691,3.2,108.202,111.784,94.364,76.9,87.947,87.843,7528872.0,97.7,68.0,87.4,45412.538,42559.535,102.511,88.60768433,25050.2,97.523,94.2,85.722,98.989,97.491,45190.5,48775.1,9231.8,9530.4,116.9,96.1,0.4,1.0,-2.7,0.4,2.9
2012-10-31,94.675,94.858,105.78,133.69,79.0,68.0,82.0,88.0,91.0,81.0,80.0,71.0,93.8,99.656,87.744,38284.03838198115,0.7537620137299772,29.464427917620146,59.6081950207469,3.1,106.309,111.351,94.535,80.039,90.412,87.657,7512270.0,99.0,69.0,87.1,47087.76,43379.893,104.022,87.02659999,25060.7,97.341,94.1,86.53,98.805,99.252,45183.4,53031.9,8338.4,9132.3,114.44,95.3,,,,,
2012-11-30,94.747,95.003,105.05,129.74,78.0,66.0,83.0,84.0,89.0,81.0,80.0,69.0,93.9,100.665,89.9079,38452.66996092853,0.7363935926773458,31.909691075514893,59.30319502074691,3.2,105.889,109.622,95.132,85.963,92.687,91.365,7697531.0,99.2,68.0,81.5,47805.246,43381.537,105.054,87.09645905,24968.2,96.995,94.6,89.987,99.081,100.498,45144.1,52337.8,8570.0,9310.5,111.3,94.7,,,,,
2012-12-31,94.9,95.148,104.79,128.38,78.0,68.0,79.0,82.0,90.0,76.0,79.0,71.0,93.3,100.42,91.6044,70475.3541714548,0.6311304347826088,27.83916475972542,59.198195020746915,3.1,107.15,109.838,96.499,88.149,89.572,95.601,7842780.0,98.1,67.0,87.3,44875.311,43069.109,105.214,89.33102801,24922.5,97.168,94.9,93.833,100.368,100.94,44696.8,51694.0,9621.3,9514.3,110.47,94.5,0.5,0.3,-2.5,1.6,0.4
2013-01-31,95.278,95.53,104.96,127.35,78.0,69.0,82.0,83.0,94.0,79.0,79.0,72.0,94.0,100.675,88.1512,41120.44890829694,0.6741304347826087,27.665217391304363,59.34748073503263,3.2,107.466,114.162,97.011,89.085,91.485,94.797,7547132.0,101.5,67.0,86.4,45673.109,45296.942,106.629,85.12039914,24950.5,97.751,94.4,93.76,100.735,101.935,45369.0,52627.7,8759.4,9367.3,110.4,94.5,,,,,
2013-02-28,95.512,95.775,105.68,130.83,80.0,68.0,85.0,85.0,92.0,81.0,85.0,72.0,95.5,100.466,92.3206,36406.93311882326,0.6441304347826088,31.525217391304356,59.16319502074691,3.2,107.361,108.865,95.901,90.028,97.616,91.879,7904101.0,100.9,69.0,84.6,42331.837,40458.472,104.933,86.75668974,24906.1,98.078,94.5,92.044,99.54,101.241,45794.5,50673.8,8647.2,9518.9,113.09,94.8,,,,,
2013-03-31,95.395,95.639,105.26,129.79,80.0,71.0,86.0,90.0,94.0,82.0,82.0,72.0,94.3,98.618,91.4393,37878.51206619167,0.637446224256293,31.607585812356994,59.42319502074691,3.0,102.734,109.622,95.132,90.219,91.415,91.545,7828641.0,103.8,73.0,86.0,47312.704,43976.739,102.666,83.52077905,25036.4,97.987,93.9,91.188,98.254,98.765,44365.8,50574.4,8430.0,8935.6,113.39,95.1,0.9,-0.3,-1.6,2.5,0.5
2013-04-30,95.395,95.575,104.93,129.91,83.0,73.0,92.0,92.0,96.0,84.0,90.0,74.0,94.8,99.532,98.094,39645.40680303379,0.5906041189931351,30.247585812357002,59.768195020746916,3.0,101.998,110.486,95.389,89.278,88.286,90.206,8398393.0,101.3,74.0,84.6,46157.925,43648.241,102.902,86.12477716,25230.5,97.851,93.9,89.772,98.254,99.155,44676.9,49797.4,8793.3,8711.6,114.06,95.5,,,,,
2013-05-31,95.755,95.938,104.57,127.56,83.0,73.0,89.0,96.0,95.0,85.0,91.0,75.0,95.2,99.698,96.541,41862.24890829695,0.6221830663615563,30.169691075514894,59.81319502074691,3.1,104.522,107.676,95.73,89.02,90.512,89.975,8265433.0,103.8,79.0,85.1,48307.56,42389.874,103.037,86.83071419,25266.4,97.851,94.6,89.956,98.897,99.155,43145.2,51961.3,8456.3,8935.2,113.07,96.0,,,,,
2013-06-30,95.89,95.993,104.55,130.26,83.0,74.0,92.0,96.0,96.0,88.0,89.0,76.0,94.7,99.751,97.3806,34268.61732934956,0.6669199084668195,29.38021739130437,59.9231950207469,3.1,103.47,110.595,96.243,87.442,88.031,90.16,8337310.0,104.6,82.0,87.9,46690.983,40719.394,102.565,87.27110459,25326.9,97.732,95.0,89.406,100.0,99.271,44669.1,50037.8,8681.8,8699.4,115.95,96.5,1.2,0.9,1.9,4.5,1.6
2013-07-31,96.006,96.011,104.53,129.2,82.0,70.0,88.0,93.0,94.0,82.0,87.0,73.0,94.7,98.641,97.2732,37931.301539875894,0.5669199084668194,29.043375286041208,59.903195020746914,3.2,100.946,105.838,96.243,84.177,91.84,92.685,8328120.0,104.3,82.0,91.3,45829.521,43384.403,99.928,87.65695346,25335.0,97.942,95.8,90.903,98.162,98.231,44971.6,51436.6,8365.6,9037.3,114.92,97.1,,,,,
2013-08-31,95.961,95.965,104.82,130.03,81.0,70.0,82.0,88.0,93.0,82.0,84.0,76.0,95.5,100.448,95.9907,40646.19627671799,0.5995514874141878,29.978638443935942,59.973195020746914,3.2,106.519,104.108,98.463,87.725,92.599,91.884,8218315.0,104.5,81.0,93.6,46311.341,41593.821,102.922,86.95155731,25376.6,98.288,94.8,91.16,100.735,100.461,43838.3,52016.2,8381.8,9065.0,114.17,97.6,,,,,
2013-09-30,96.303,96.256,104.71,127.02,82.0,72.0,83.0,91.0,95.0,81.0,86.0,78.0,95.2,98.777,97.7833,37981.66996092852,0.6200778032036616,28.711796338672777,60.09319502074691,3.0,100.315,103.243,96.84,88.175,95.457,94.517,8371792.0,101.2,77.0,87.3,44650.486,41055.405,99.313,84.85034736,25488.0,98.479,94.5,93.392,98.162,98.346,44721.4,52194.6,8130.6,8803.6,111.38,98.1,0.9,0.8,1.6,-1.1,-0.6
2013-10-31,96.393,96.365,104.34,123.94,81.0,75.0,91.0,92.0,95.0,84.0,88.0,83.0,95.6,101.183,99.8016,34724.03838198115,0.5637620137299771,29.364427917620144,60.1081950207469,3.1,105.258,105.838,98.036,92.084,98.269,93.941,8544586.0,106.1,84.0,98.8,50480.484,45604.963,103.076,86.38886011,25540.1,98.179,95.0,94.028,100.368,100.608,45934.8,53537.4,9045.7,8931.1,109.31,98.7,,,,,
2013-11-30,96.609,96.61,104.13,123.38,83.0,74.0,88.0,91.0,96.0,86.0,87.0,79.0,95.6,100.203,101.0624,40864.66996092853,0.6363935926773459,31.60969107551489,60.10319502074692,3.1,103.996,104.865,97.096,92.787,98.241,96.76,8652534.0,107.6,87.0,89.7,47905.028,43106.074,102.502,85.92637877,25578.0,98.16,95.5,95.743,99.54,100.048,44919.3,51591.1,8321.2,10331.1,108.47,99.1,,,,,
2013-12-31,96.726,96.674,104.37,123.85,82.0,73.0,87.0,87.0,94.0,83.0,88.0,78.0,94.6,101.474,95.1463,15882.354171454805,0.5711304347826088,28.33916475972542,59.99819502074691,3.2,102.313,107.892,99.146,97.645,97.13,97.931,8146025.0,106.9,84.0,90.6,47981.456,44351.186,104.022,84.87415421,25527.8,98.279,95.3,98.04,101.103,102.129,45728.4,51945.0,9311.3,9316.7,108.12,99.4,0.8,0.7,2.5,-0.4,0.7
2014-01-31,96.942,96.946,104.65,123.53,83.0,72.0,88.0,90.0,97.0,86.0,87.0,78.0,97.1,101.385,100.7586,41770.44890829694,0.5841304347826086,27.665217391304363,60.44748073503263,3.3,106.414,103.676,99.402,94.805,95.269,96.294,8626521.0,109.4,84.0,91.1,45559.632,44746.013,105.294,91.67050132,25730.2,98.807,98.4,96.323,101.011,102.705,45446.6,52515.0,8640.8,9146.0,108.28,99.6,,,,,
2014-02-28,97.158,97.11,104.78,124.6,83.0,74.0,90.0,89.0,97.0,87.0,89.0,79.0,96.7,101.01,95.6876,44522.93311882326,0.6141304347826088,30.825217391304356,60.56319502074691,3.6,105.468,104.324,98.121,97.823,97.326,94.029,8192364.0,108.4,85.0,93.9,42911.735,42061.554,103.684,92.65939414,25813.5,99.071,95.6,95.137,99.816,101.848,44713.5,52621.0,9154.7,9434.8,109.0,99.6,,,,,
2014-03-31,97.437,97.3,104.74,123.95,83.0,75.0,93.0,93.0,97.0,87.0,89.0,79.0,96.8,101.709,93.1106,46796.51206619167,0.5474462242562931,34.407585812357,60.42319502074691,3.4,106.309,102.811,99.402,98.261,98.235,95.425,7971736.0,108.9,88.0,93.3,49064.392,45558.675,104.632,86.46430252,25764.8,99.253,95.8,96.251,100.919,101.942,46188.0,52479.8,8604.8,9827.0,108.53,99.4,1.0,0.5,-0.3,1.0,1.0
2014-04-30,97.617,97.437,104.58,120.89,86.0,77.0,94.0,94.0,97.0,91.0,91.0,77.0,96.0,102.285,100.4442,51436.40680303379,0.6706041189931351,31.047585812357,60.668195020746914,3.6,104.732,105.405,98.634,100.071,96.687,96.638,8599601.0,108.9,91.0,94.6,50267.448,45873.333,104.88,86.13261689,25906.3,99.317,94.7,97.183,100.276,102.039,44586.0,53686.5,9317.5,9933.8,105.63,99.2,,,,,
2014-05-31,97.869,97.673,104.56,118.83,84.0,74.0,92.0,92.0,96.0,91.0,89.0,75.0,96.7,99.459,96.5797,47868.24890829695,0.5321830663615562,29.569691075514893,60.31319502074691,3.5,101.052,105.514,97.267,98.689,96.416,94.711,8268740.0,104.8,76.0,92.6,47577.183,42607.483,100.882,89.38326377,25779.0,99.481,96.0,95.903,98.897,98.803,43728.1,52214.8,9417.8,9791.4,103.94,99.0,,,,,
2014-06-30,97.95,97.637,104.61,118.77,81.0,71.0,89.0,88.0,95.0,83.0,86.0,75.0,97.4,102.189,97.341,38487.61732934956,0.5369199084668196,28.980217391304368,60.32319502074691,3.5,101.367,104.865,99.402,100.761,97.582,94.689,8333924.0,107.4,79.0,91.8,47827.709,42476.381,103.145,92.33433234,25827.1,99.353,96.7,96.141,101.103,101.693,45417.1,50942.6,9608.2,9664.7,103.83,98.8,0.9,0.0,0.7,0.6,1.2
2014-07-31,98.148,97.818,104.69,118.15,81.0,70.0,88.0,88.0,94.0,83.0,86.0,74.0,97.8,102.725,95.8024,46248.301539875894,0.5569199084668194,29.043375286041208,60.60319502074691,3.5,103.996,108.108,98.548,101.115,98.278,95.99,8202197.0,105.0,75.0,94.2,48204.545,45863.916,104.223,91.19291204,25930.2,99.499,97.1,97.152,100.643,102.582,45213.0,50349.7,10336.1,9751.2,104.17,98.7,,,,,
2014-08-31,98.22,97.954,104.58,117.2,80.0,70.0,86.0,84.0,94.0,80.0,83.0,74.0,97.9,99.322,95.7838,57734.19627671799,0.5795514874141878,30.578638443935944,60.87319502074691,3.5,102.103,103.243,97.523,100.981,94.425,94.806,8200600.0,106.9,81.0,86.6,46108.37,42791.869,100.133,90.10763627,26027.5,99.672,97.9,95.853,99.265,99.52,43276.4,50807.2,9253.6,9722.0,104.35,98.7,,,,,
2014-09-30,98.166,97.864,104.2,115.77,80.0,72.0,87.0,83.0,95.0,79.0,84.0,77.0,97.4,99.126,92.869,41838.66996092852,0.5900778032036615,28.41179633867278,60.59319502074691,3.5,101.262,106.378,96.755,102.781,97.962,95.391,7951050.0,107.7,83.0,96.2,47446.217,44184.712,99.86,95.0143266,25989.9,99.608,96.1,96.773,98.621,98.607,43402.6,50504.2,8955.6,9451.9,104.07,98.7,0.3,0.4,1.3,0.7,-2.4
2014-10-31,98.157,97.918,103.47,114.53,81.0,69.0,89.0,85.0,95.0,82.0,85.0,73.0,98.1,98.28,94.625,46851.03838198115,0.5437620137299771,31.164427917620145,60.4081950207469,3.6,98.318,104.541,95.986,102.937,95.047,95.618,8101392.0,105.1,79.0,90.3,51630.657,44097.421,99.236,85.98469314,25990.4,99.308,95.5,96.776,97.702,97.632,41666.9,47613.2,9618.6,9505.7,104.83,98.7,,,,,
2014-11-30,98.202,97.9,103.15,113.53,82.0,71.0,90.0,86.0,94.0,84.0,86.0,75.0,98.1,98.526,93.4504,49788.66996092853,0.5563935926773458,25.70969107551489,60.503195020746915,3.5,100.21,107.351,97.78,101.616,93.555,95.369,8000822.0,103.0,74.0,101.1,46605.342,41343.254,99.872,93.16871097,26040.6,99.108,96.4,95.973,99.816,98.371,40949.5,49166.2,9060.6,9277.3,106.06,98.8,,,,,
2014-12-31,98.319,98.027,102.14,107.7,83.0,71.0,89.0,88.0,93.0,84.0,88.0,75.0,97.4,101.244,92.5287,1004.3541714548046,0.6711304347826088,29.33916475972542,60.29819502074692,3.7,102.208,106.919,99.915,98.562,93.393,95.06,7921917.0,101.4,71.0,101.6,49461.377,43909.896,102.743,96.33495846,25953.3,99.098,100.0,95.792,101.471,101.668,42663.9,50496.2,9933.9,9686.9,103.36,98.9,0.4,0.4,3.7,-2.2,-0.4
2015-01-31,99.42,99.32,100.89,99.57,84.0,71.0,93.0,90.0,95.0,87.0,88.0,75.0,98.0,97.4,96.9781,50439.44890829694,0.5441304347826086,30.76521739130436,60.64748073503263,3.6,96.9,100.0,98.1,97.4,98.8,93.2,8302855.0,102.8,74.0,96.6,45105.389,39283.025,98.6,98.8208337,26078.2,99.77,97.2,95.2,98.7,97.3,35851.7,45590.6,8631.5,9598.1,98.91,98.9,,,,,
2015-02-28,99.49,99.44,100.96,102.37,84.0,71.0,92.0,92.0,97.0,86.0,91.0,75.0,99.5,100.7,100.9164,48116.93311882326,0.49413043478260876,30.625217391304357,60.76319502074691,3.6,99.9,105.2,99.8,101.1,100.6,95.1,8640037.0,103.4,71.0,102.6,41472.191,33998.316,102.7,97.630584,26160.7,99.71,100.8,97.0,100.9,101.1,37061.8,45685.8,8412.0,9608.4,100.22,98.9,,,,,
2015-03-31,99.6,99.59,100.84,102.71,83.0,74.0,93.0,92.0,97.0,87.0,91.0,75.0,99.4,98.7,92.0943,60027.51206619167,0.627446224256293,32.307585812357,60.523195020746904,3.5,96.6,102.2,99.1,99.3,100.1,95.9,7884722.0,101.7,72.0,98.6,46822.771,38485.935,98.6,96.04323723,26060.8,99.72,98.5,96.9,98.8,98.5,36317.7,45384.6,8620.8,9323.1,101.16,98.8,0.9,0.8,-0.1,5.3,0.4
2015-04-30,99.63,99.65,100.8,100.23,88.0,78.0,95.0,93.0,95.0,91.0,92.0,76.0,99.8,99.9,94.5939,60075.40680303379,0.5106041189931352,30.547585812357,60.36819502074692,3.6,100.9,101.5,99.6,102.5,103.8,97.0,8098728.0,104.4,77.0,96.7,46221.931,37858.798,99.3,95.64008228,26088.2,99.75,99.8,98.6,99.9,99.8,36873.9,47762.4,8490.9,9642.5,99.3,98.5,,,,,
2015-05-31,99.91,99.85,100.87,101.5,83.0,75.0,88.0,85.0,94.0,83.0,83.0,69.0,99.2,97.9,96.1464,63177.24890829695,0.5121830663615563,29.36969107551489,60.41319502074691,3.7,102.3,98.5,97.9,99.1,99.8,97.8,8231643.0,105.7,79.0,94.7,42327.311,36039.8,97.6,96.85279997,26114.9,100.03,99.7,98.7,98.7,97.7,36319.6,44706.4,8368.1,9194.6,100.35,98.2,,,,,
2015-06-30,99.93,99.81,100.82,102.08,74.0,66.0,82.0,81.0,91.0,73.0,77.0,66.0,98.5,100.0,98.4328,69162.61732934957,0.5869199084668195,31.08021739130437,60.32319502074691,3.8,98.0,98.3,100.4,102.9,104.1,101.1,8427399.0,98.7,65.0,98.6,46554.512,36598.398,99.8,97.40224516,26099.9,100.05,96.8,101.5,99.8,99.8,35474.8,48056.6,7357.4,9366.1,101.51,97.7,0.4,0.2,1.2,2.0,1.0
2015-07-31,100.17,100.27,100.45,101.64,79.0,70.0,84.0,80.0,94.0,76.0,79.0,71.0,99.7,98.8,98.4072,84512.30153987589,0.4969199084668194,27.543375286041208,60.50319502074691,3.7,98.9,97.9,99.8,101.6,101.6,101.9,8425208.0,100.6,63.0,101.3,45695.747,38647.067,98.5,97.16781298,26192.3,100.23,98.4,101.7,99.2,98.6,35776.5,45780.5,7877.9,9134.4,102.06,97.3,,,,,
2015-08-31,100.33,100.47,99.83,101.22,78.0,69.0,84.0,82.0,92.0,78.0,79.0,71.0,100.4,101.9,102.3191,77936.196276718,0.5695514874141878,30.478638443935942,60.67319502074691,3.6,103.3,102.8,101.1,102.8,105.6,102.9,8760125.0,101.9,71.0,103.6,39107.399,34772.163,102.1,97.7696259,26203.3,100.37,98.9,103.2,102.2,101.8,35306.1,44897.4,7998.5,9336.0,102.69,96.9,,,,,
2015-09-30,100.15,100.24,99.39,100.6,79.0,69.0,83.0,81.0,93.0,78.0,79.0,69.0,100.8,102.9,108.1543,92067.66996092853,0.5800778032036615,30.311796338672778,60.59319502074691,3.5,101.4,99.9,102.9,100.7,98.1,104.8,9259708.0,103.0,73.0,105.2,43432.312,34540.504,102.8,99.80281145,26258.2,100.11,100.9,103.0,101.8,102.8,32869.3,43656.1,7786.3,8989.5,101.88,96.5,1.5,0.6,2.5,2.4,-1.3
2015-10-31,100.36,100.34,98.71,97.49,81.0,73.0,85.0,80.0,94.0,79.0,80.0,72.0,101.3,101.4,102.4128,65576.03838198114,0.5537620137299771,29.164427917620145,60.5081950207469,3.5,103.5,100.3,101.1,99.0,97.9,103.9,8768147.0,105.5,81.0,103.2,43352.046,36762.975,100.6,106.35312958,26264.8,100.11,103.2,102.1,101.6,101.7,34462.7,44013.6,8208.3,9976.1,97.99,96.0,,,,,
2015-11-30,100.4,100.4,98.32,95.81,79.0,69.0,83.0,80.0,91.0,77.0,79.0,69.0,100.9,100.5,101.1885,63430.66996092853,0.5963935926773458,29.70969107551489,60.403195020746914,3.6,100.8,98.2,100.0,99.5,93.0,103.5,8663326.0,106.1,79.0,98.3,44285.052,34049.682,100.0,105.10765751,26246.0,99.92,101.7,101.3,99.8,100.7,33231.9,42618.8,7575.8,9119.6,96.93,95.5,,,,,
2015-12-31,100.61,100.62,98.09,94.78,77.0,69.0,83.0,78.0,91.0,77.0,78.0,68.0,102.1,99.9,108.3562,29902.354171454805,0.6611304347826088,28.939164759725422,60.698195020746915,3.5,99.0,96.9,101.5,93.9,96.5,103.0,9276996.0,102.9,75.0,100.5,42379.843,35462.311,99.5,109.62976631,26369.6,100.22,103.2,100.8,100.2,100.3,33261.7,44929.8,8171.5,8836.4,97.0,94.8,0.7,1.8,-2.0,0.1,1.7
2016-01-31,100.97,101.09,97.56,93.32,76.0,67.0,83.0,81.0,94.0,77.0,78.0,66.0,100.5,98.5,104.0261,64704.44890829694,0.5541304347826086,29.165217391304363,60.64748073503263,3.6,97.1,95.8,98.9,100.6,100.0,104.8,8906275.0,100.3,68.0,94.4,36260.42,31321.901,97.4,99.47866632,26336.9,100.39,103.0,104.0,98.6,98.5,28601.7,38839.7,8108.3,9024.3,97.38,94.2,,,,,
2016-02-29,101.22,101.33,97.56,94.79,75.0,63.0,81.0,77.0,93.0,75.0,76.0,64.0,101.5,101.3,107.2705,68538.93311882326,0.5741304347826087,30.22521739130436,60.56319502074691,3.9,99.9,97.7,101.8,102.9,97.1,108.1,9184045.0,98.2,65.0,95.2,35924.541,29163.323,101.0,102.27596003,26293.5,100.82,101.4,105.6,100.8,101.3,32450.0,42320.2,7992.0,8875.6,98.15,93.9,,,,,
2016-03-31,101.29,101.46,97.5,94.88,79.0,68.0,83.0,81.0,93.0,80.0,78.0,66.0,102.0,101.1,110.1239,69577.51206619167,0.607446224256293,30.007585812357,60.42319502074691,3.7,102.8,97.2,103.0,104.6,97.1,107.1,9428337.0,100.3,69.0,96.4,43002.468,33344.423,99.1,107.15910516,26259.5,100.56,103.7,105.5,101.9,101.2,30735.2,43198.7,8207.8,9154.0,96.96,93.8,0.3,-0.1,-3.7,5.0,-0.7
2016-04-30,101.49,101.64,97.74,93.14,82.0,70.0,87.0,85.0,92.0,81.0,82.0,66.0,102.4,100.1,108.1618,68405.40680303378,0.5606041189931351,30.147585812357,60.268195020746916,3.6,101.4,91.7,103.1,104.5,96.1,104.8,9260357.0,101.9,74.0,97.0,41081.553,32388.783,97.6,104.57759708,26269.6,100.75,103.3,103.8,100.7,100.1,31225.7,40484.1,7334.6,9391.9,94.11,94.1,,,,,
2016-05-31,101.67,101.88,97.86,96.37,78.0,71.0,86.0,81.0,93.0,79.0,81.0,69.0,102.5,103.1,111.6833,59029.24890829695,0.5821830663615563,30.069691075514893,60.31319502074691,3.6,101.6,98.5,105.4,105.1,98.0,103.6,9561853.0,99.5,70.0,100.0,39733.794,33025.444,101.1,107.18590244,26314.3,100.81,104.3,103.5,103.2,103.3,32406.2,42405.0,7664.9,9347.1,96.37,94.6,,,,,
2016-06-30,101.75,101.9,98.09,97.11,80.0,71.0,84.0,84.0,91.0,79.0,81.0,71.0,103.0,103.4,116.4617,75972.61732934957,0.6369199084668196,29.08021739130437,60.4231950207469,3.6,98.9,95.8,104.2,101.4,97.3,103.9,9970955.0,99.1,68.0,104.3,45209.071,33890.231,100.3,110.85757051,26388.6,100.79,105.3,102.4,102.2,103.7,32039.8,44608.8,8250.1,9430.3,96.52,95.1,1.1,0.8,4.9,1.7,2.4
2016-07-31,101.51,102.12,97.98,94.41,81.0,71.0,86.0,84.0,94.0,81.0,83.0,72.0,103.0,102.4,115.6337,63063.301539875894,0.5869199084668194,29.343375286041205,60.50319502074691,3.6,95.5,96.4,105.6,106.2,97.2,101.6,9900062.0,101.3,71.0,97.8,40881.7,33371.802,99.1,99.27057412,26426.3,100.6,102.5,102.0,101.9,102.4,32607.5,42782.1,8008.0,9513.3,94.47,95.7,,,,,
2016-08-31,101.64,102.31,98.07,92.73,80.0,72.0,84.0,84.0,95.0,79.0,81.0,73.0,103.5,101.4,118.8929,63499.19627671799,0.6495514874141878,29.278638443935943,60.973195020746914,3.8,93.1,96.9,102.7,102.8,89.2,103.1,10179108.0,102.2,74.0,107.3,40124.791,35103.611,97.4,99.81027071,26521.5,100.86,104.0,101.3,100.1,101.1,34860.8,42412.7,8098.0,9545.3,92.73,96.3,,,,,
2016-09-30,101.68,102.24,98.3,92.89,81.0,72.0,81.0,83.0,94.0,79.0,80.0,72.0,103.3,101.8,119.6329,52136.66996092852,0.7100778032036615,29.211796338672777,60.59319502074691,3.9,93.2,99.1,103.3,105.5,84.9,103.0,10242458.0,102.1,72.0,103.3,40846.252,33988.443,97.6,99.25004561,26465.9,101.46,101.7,101.1,100.3,101.4,34895.0,43539.0,7569.0,9987.5,93.46,96.6,0.4,0.5,2.9,2.5,-0.2
2016-10-31,102.12,102.2,98.59,96.93,80.0,71.0,83.0,82.0,93.0,76.0,81.0,72.0,102.8,100.5,120.7302,53814.03838198115,0.6737620137299771,31.864427917620144,60.5081950207469,3.8,89.2,98.3,103.2,101.1,86.3,102.3,10336406.0,102.4,72.0,103.3,41983.329,35050.112,95.7,106.06359727,26490.8,101.6,104.7,100.2,99.5,100.8,34052.3,40845.8,7318.9,9572.2,96.61,96.9,,,,,
2016-11-30,101.98,102.1,99.03,99.28,84.0,73.0,87.0,87.0,95.0,82.0,84.0,71.0,102.7,104.8,127.2675,65440.66996092853,0.6763935926773458,29.409691075514893,60.60319502074692,3.7,94.8,101.7,107.2,105.0,94.4,100.1,10896102.0,95.9,60.0,108.3,45309.141,37240.858,100.2,105.40986935,26529.0,101.45,104.3,100.1,103.6,105.3,36026.2,44861.4,7633.4,9400.4,100.28,97.1,,,,,
2016-12-31,101.86,102.23,99.9,103.46,86.0,73.0,87.0,86.0,95.0,83.0,85.0,73.0,103.4,104.1,124.4592,20962.354171454805,0.8411304347826088,31.83916475972542,60.79819502074692,3.5,95.4,103.1,107.8,100.9,92.9,97.5,10655665.0,94.2,55.0,108.6,45068.88,38303.957,98.3,110.19623752,26615.9,101.56,105.5,98.2,104.3,104.7,35564.0,45628.6,8624.4,8905.3,103.38,97.3,0.8,0.2,5.1,1.6,0.9
2017-01-31,102.58,102.86,101.35,105.75,85.0,74.0,88.0,88.0,94.0,85.0,85.0,77.0,103.1,106.1,121.193,57066.44890829694,0.6541304347826087,29.96521739130436,60.74748073503263,3.6,94.9,99.0,108.9,100.2,92.7,98.8,10376027.0,93.4,51.0,110.7,40257.0,37645.403,102.4,104.949953,26568.6,102.64,104.0,98.6,104.7,106.6,37568.8,47404.1,6898.4,10110.6,104.63,97.6,,,,,
2017-02-28,102.79,103.13,101.74,103.51,86.0,74.0,89.0,89.0,96.0,87.0,86.0,78.0,103.4,104.7,127.7133,64397.93311882326,0.7441304347826088,32.52521739130435,60.96319502074691,3.9,94.9,97.7,106.3,101.3,92.4,99.2,10934273.0,94.5,55.0,107.6,43166.536,36203.282,99.0,108.16570932,26652.4,102.92,105.8,98.8,102.4,104.8,37906.8,48166.2,7602.3,10018.3,103.15,97.9,,,,,
2017-03-31,102.77,103.15,101.7,101.29,88.0,78.0,93.0,90.0,98.0,87.0,90.0,78.0,104.1,106.4,131.7686,59447.51206619167,0.747446224256293,31.307585812356997,61.023195020746904,3.6,98.3,101.7,107.4,104.3,95.8,98.5,11281463.0,97.0,59.0,115.8,48637.832,42579.492,100.3,108.43360321,26707.4,102.85,104.5,99.2,104.3,106.5,39874.4,47969.8,7308.1,10254.9,101.79,98.4,0.8,0.6,5.0,4.3,4.2
2017-04-30,102.89,103.25,101.48,101.72,91.0,80.0,93.0,93.0,98.0,91.0,91.0,80.0,104.2,104.5,128.9047,52298.40680303379,0.6306041189931352,27.547585812357,60.768195020746916,3.8,98.9,100.7,105.0,105.0,93.4,101.3,11036269.0,101.5,69.0,112.0,50843.799,37959.391,97.9,111.34844929,26700.6,102.72,105.3,100.9,102.6,104.6,38094.2,48280.3,7151.9,10231.4,102.48,98.8,,,,,
2017-05-31,103.13,103.45,101.21,100.28,87.0,80.0,88.0,90.0,98.0,85.0,88.0,80.0,104.4,105.2,129.7412,59827.24890829695,0.6221830663615563,23.569691075514893,60.71319502074691,3.4,94.7,101.4,106.3,105.1,100.1,103.2,11107891.0,108.5,82.0,120.3,44926.979,39287.764,98.8,110.99351661,26709.4,102.83,104.9,103.5,102.8,105.1,39244.1,47273.8,7087.1,10354.3,101.26,99.3,,,,,
2017-06-30,103.12,103.39,100.81,99.07,87.0,77.0,91.0,89.0,97.0,85.0,87.0,78.0,104.6,104.2,128.1845,55668.61732934956,0.7069199084668195,25.680217391304367,60.623195020746905,3.7,92.2,104.3,105.4,106.9,100.7,100.2,10974614.0,111.7,93.0,121.8,51272.452,40551.012,97.5,112.03156729,26699.5,102.61,106.0,101.1,102.7,104.1,38825.2,47581.1,7622.9,10250.1,101.01,99.8,0.7,1.2,4.9,0.7,-2.3
2017-07-31,103.35,103.66,100.89,99.57,87.0,78.0,90.0,89.0,95.0,85.0,89.0,79.0,104.4,104.8,130.5736,51856.301539875894,0.6469199084668193,26.443375286041206,60.80319502074691,3.5,96.1,98.4,105.8,106.9,104.2,99.7,11179155.0,111.8,96.0,119.4,48830.44,38607.157,98.2,110.09671936,26744.1,102.78,105.0,101.5,102.4,104.1,37658.9,47078.9,7213.7,10743.4,102.15,100.3,,,,,
2017-08-31,103.42,103.81,101.35,101.13,86.0,77.0,88.0,87.0,94.0,86.0,87.0,80.0,105.2,105.1,128.7894,57169.19627671799,0.6295514874141879,25.378638443935944,60.973195020746914,3.8,94.2,94.0,107.3,108.1,107.0,100.8,11026398.0,110.4,93.0,121.2,47105.569,40549.772,99.2,106.04679269,26723.4,103.37,104.5,102.6,102.9,104.9,38424.7,48230.7,7821.1,10113.3,102.73,100.6,,,,,
2017-09-30,103.29,103.64,102.03,102.92,88.0,81.0,92.0,89.0,94.0,88.0,88.0,83.0,106.4,105.2,132.0532,62600.66996092852,0.6400778032036616,27.811796338672778,60.89319502074691,3.7,96.8,96.0,106.7,104.1,107.8,99.9,11305835.0,108.2,87.0,119.9,55115.24,41695.884,98.4,112.22486942,26779.0,103.49,107.4,101.4,102.8,105.1,39388.3,49606.8,7826.9,10559.3,103.91,100.9,1.5,1.0,1.6,-0.4,4.4
2017-10-31,103.49,103.83,102.14,103.5,86.0,78.0,89.0,91.0,96.0,83.0,87.0,81.0,104.6,106.0,133.1523,48685.03838198115,0.6137620137299772,23.264427917620143,60.7081950207469,3.7,95.2,93.9,107.6,105.4,108.9,103.3,11399933.0,109.7,91.0,116.1,44791.239,37856.562,99.4,109.14400239,26768.1,103.39,106.6,104.6,103.1,105.9,39987.4,48891.0,7575.7,11603.7,104.45,101.1,,,,,
2017-11-30,103.1,103.47,102.04,103.25,89.0,80.0,89.0,90.0,96.0,84.0,87.0,82.0,105.7,105.4,130.0789,50899.66996092853,0.5863935926773458,23.80969107551489,60.80319502074691,3.7,95.9,96.5,108.3,105.0,106.2,104.0,11136800.0,112.9,98.0,117.4,49707.197,42013.512,98.2,117.1515423,26771.5,102.62,109.8,104.2,103.5,105.3,39129.1,50083.1,7474.7,10866.7,102.82,101.1,,,,,
2017-12-31,103.28,103.64,102.09,102.53,90.0,81.0,90.0,91.0,96.0,85.0,88.0,80.0,105.5,103.5,130.0354,32620.354171454805,0.6511304347826088,27.03916475972542,60.99819502074691,3.7,92.9,93.6,105.0,105.2,111.5,105.6,11133078.0,111.4,95.0,118.6,49040.139,43529.066,95.4,111.48126246,26870.5,102.99,107.5,107.0,100.3,103.0,40615.3,49744.4,8118.6,11328.7,101.27,100.9,-0.1,0.5,-1.3,-1.4,-5.2
2018-01-31,103.48,103.88,102.52,103.37,87.0,78.0,88.0,90.0,96.0,83.0,87.0,78.0,105.7,104.6,133.7595,54864.44890829694,0.6641304347826087,28.565217391304362,61.14748073503263,3.6,90.7,98.7,106.7,105.0,113.5,105.2,11451918.0,110.7,90.0,123.7,49221.291,45805.322,97.5,115.26113261,26905.6,103.42,109.1,106.5,102.4,104.3,41494.9,51501.7,8341.3,11308.2,101.04,100.5,,,,,
2018-02-28,103.89,104.32,102.95,103.84,86.0,77.0,86.0,88.0,96.0,81.0,85.0,77.0,107.0,106.6,131.1723,58211.93311882326,0.5541304347826088,26.925217391304358,60.863195020746915,3.7,95.1,96.8,106.9,107.4,114.2,105.9,11230412.0,109.0,89.0,129.9,44523.53,41722.154,100.3,116.88273596,26747.4,104.21,110.4,107.1,102.4,106.3,45507.2,51943.8,7989.2,11173.5,102.27,100.1,,,,,
2018-03-31,104.09,104.53,102.91,104.39,82.0,77.0,83.0,81.0,94.0,76.0,80.0,73.0,106.7,104.6,124.0473,46306.51206619167,0.587446224256293,25.207585812356996,60.92319502074691,4.0,95.0,95.1,105.1,104.8,114.0,108.2,10620404.0,108.9,87.0,118.3,51309.932,44897.838,97.4,120.77790016,26801.0,104.1,112.2,108.1,100.8,104.5,42143.5,51457.7,8467.2,10969.4,100.82,99.7,1.1,1.3,4.7,1.3,3.4
2018-04-30,104.35,104.73,,105.53,84.0,79.0,87.0,86.0,94.0,81.0,85.0,75.0,,,,,0.5606041189931351,25.847585812357,60.668195020746914,3.8,,,,,,,,107.9,86.0,,49850.235,43693.963,,,26834.3,104.29,,,,,,,,,101.0,99.3,,,,,
