229.99,70.354,0.29621,2.5552,-0.66141,-5.9714e-06,-4.2154,0.0091638,0.83715,0.59201,1.1247,-0.56885,0.41082,0.33575,0.25629,0.28676,44.002,-0.29999,0.24042,0.20202,15.782,-0.33936,11.2,-4.4975,43.704
130.06,56.737,0.41347,-8.6643,1.4655,0.099964,6.1743,0.28552,0.38764,0.57931,2.9605,1.1206,1.9422,0.055793,0.14982,0.31514,-34.99,2.5988e-05,0.56687,0.40323,18.128,0.96127,14.601,14.711,9.6575
467.89,94.154,0.58818,4.469,1.1743,-0.10001,-7.6556,0.40216,0.24946,1.4232,2.1124,1.9806,0.20086,0.33443,0.20302,0.42691,-40.989,2.8469e-05,0.36931,0.40163,19.996,0.56406,19.399,1.1671,17.431
286.93,42.66,-0.058422,1.5165,-1.5294,-0.19998,1.3716,0.72252,0.41242,1.7018,-0.73203,-0.5797,-1.401,0.16667,0.053327,-0.092946,-53.995,0.39995,0.59213,8.5229e-06,11.541,-0.1135,9.9999,12.295,-9.5278
226.95,37.69,0.17555,-3.3012,0.15297,0.19996,-3.1361,0.18902,0.37227,-0.943,0.14877,0.029663,0.30448,0.22185,0.10185,0.077384,-53.993,-0.19997,0.5556,0.19997,12.806,0.46156,13.897,-3.8271,14.057
-46.886,27.036,0.58405,16.509,0.74489,-1.2895e-05,-1.015,0.074316,0.22998,3.1286,3.3153,-1.1917,1.4167,0.22136,0.063892,0.32854,28.999,-0.19995,0.88759,-0.099714,11.805,0.20886,2.6048,7.7706,-6.7559
175.93,14.043,0.29034,-13.869,-0.29317,-4.4251e-06,-6.1571,-0.12753,0.5275,-0.3857,0.091011,-1.4601,0.00010846,0.22087,0.21989,0.24078,-29.999,-0.29996,0.091694,-0.099905,8.4911,0.056387,4.7009,-1.9355,10.866
-9.9441,-2.1161,6.2579e-05,-0.28207,0.11211,0.099987,5.3315,-0.33272,0.53817,2.2149,0.50123,2.7485,0.19966,0.22038,0.11561,-0.01556,10.001,-0.59992,0.6741,-0.19992,12.148,0.52927,17.294,5.3943,-6.2205
136,61.426,0.52108,5.943,1.678,-0.19998,-2.2058,0.40603,0.0033741,-0.083137,3.1892,1.1163,1.195,0.2199,0.24743,0.43362,18.002,0.099993,0.014354,0.60113,11.981,0.79955,5.5028,0.48352,8.2345
-13.953,-56.883,0.17281,-6.8957,-0.19819,5.621e-06,2.7866,-0.28858,0.16138,-0.90499,-1.2906,0.21735,-0.39359,0.16457,0.14104,0.13636,6.9958,-0.49995,0.54726,-0.099586,4.0015,-0.043523,1.7994,4.5919,-4.7869
225.93,149.79,0.17252,1.7373,-0.37894,-3.4587e-06,0.12872,0.024622,-0.066641,-0.13423,-0.5914,0.4844,-4.9447e-05,0.27381,0.17019,0.13379,36.995,-0.19998,0.59869,4.0902e-06,4.341,0.081034,7.095,0.98897,8.6655
141.94,-294.1,0.22962,-0.38684,-0.067673,-6.5654e-06,-1.2251,-0.27046,0.11787,-1.047,-0.089735,-1.041,-0.69159,0.10924,0.069135,0.12884,-70.998,-0.49996,-0.097772,-0.19938,-6.1005,0.51246,-7.803,2.2913,-1.7452
-25.964,648.95,0.57266,-6.1495,1.153,0.29996,4.438,-0.68971,0.55414,-0.11061,1.0194,0.36506,-0.0001128,0.32731,0.32784,0.44431,155.98,-0.79992,0.17093,0.19974,-15.016,-0.0059278,-36.589,-0.72715,10.945
71.931,-726.93,0.22777,1.8184,-0.041995,2.9823e-06,1.5619,-0.60885,0.20431,-0.16616,-4.4886,-0.10205,-0.59716,0.27188,0.15288,0.13402,-43.002,-0.69995,-0.52479,-0.099731,-17.986,0.14316,-29.397,0.45243,1.734
-25.039,-94.976,0.05682,1.072,-0.83604,0.1,-2.1542,-0.24059,0.31191,-1.9148,1.3852,1.7708,-1.6014,0.16269,0.097886,0.0035645,2.9977,-0.49998,-0.46634,-0.19963,-15.006,-0.10684,-20.8,-1.1303,11.414
-280.88,337.96,0.17036,-5.6848,1.5679,0.10001,3.7105,-0.24804,-0.22517,-1.9284,-2.6567,1.7311,-0.50869,0.21656,0.16996,0.18594,7.0002,-0.39999,-0.13972,-0.10003,-8.6001,0.015744,-10.802,0.69854,-0.14582
-38.027,-350.96,0.51013,3.4323,0.26206,-0.09997,-2.6682,-0.66105,-0.21026,0.58559,-2.7663,0.68309,0.20433,0.10806,0.034874,0.27189,-0.99855,-0.69994,-0.19483,-0.30026,-6.5808,0.39307,-11.799,0.2129,4.5675
-131,-269.97,0.22558,-0.78724,-0.40517,0.19999,1.9309,-0.61498,0.0077297,-2.545,-0.45951,0.89405,-0.40828,0.37774,0.23699,0.18862,-38.996,-0.69995,-0.75613,-0.20084,-8.0451,0.0083889,-7.003,2.1362,-5.3877
-112.05,218.98,-0.16879,-3.5274,-0.31273,0.1,2.0779,-0.56427,1.5005,-2.5893,-1.1047,-0.61448,-1.5366,0.21505,0.26077,-0.029415,-27.997,-0.59998,-0.69403,-0.40243,-13.288,0.19991,-12.602,0.87567,-0.59442
-157.02,-364.97,2.145e-05,0.20869,0.67995,0.29998,-6.1672,-0.19002,1.7458,1.1518,-0.84668,-0.35341,-0.10422,0.16095,0.05897,-0.0035436,16.999,-0.30002,-0.12382,-0.20201,-8.0115,0.52453,-18.096,0.67528,-5.152
-240.01,-158.96,0.39447,-3.7312,-1.8934,0.10001,-0.31881,-0.34379,-0.73075,-7.6611,-3.0813,-1.1863,-0.10468,0.21424,-0.54988,-0.32483,-49.998,-0.39999,-0.54682,0.20226,-12.5,-0.95679,-8.2056,-1.2588,-1.6914
-324.95,-369.95,-0.28065,4.5126,6.7061,0.29998,-1.4068,-0.44201,-1.5593,0.66694,0.19682,1.0187,-2.2934,0.16035,0.71557,0.36367,1.0141,-0.50005,-1.5685,-0.70695,-14.74,2.3966,-23.594,-0.56588,-2.935
-292.99,-217.97,-0.05633,-4.5,-2.5972,0.2,4.0253,-0.51249,0.23839,0.14856,-0.90789,-0.24005,-1.4942,0.37351,0.20184,-0.067056,84.985,-0.49997,-1.1202,-0.50865,-21.507,-0.49227,-17.7,-0.12757,-2.2076
-170.02,-2.0326,-0.056324,0.91144,-1.1329,0.2,-2.1235,0.05467,0.24973,-0.28093,-2.8929,0.68459,-0.97505,0.15949,0.021884,-0.1036,28.988,-0.10002,-0.69074,-0.20453,-9.7809,-0.1684,-10.998,1.1163,-1.4406
-137.97,373.95,0.16912,-1.6333,-0.045845,1.7107e-05,8.2893,0.56905,2.1248,1.4656,3.4949,1.055,0.21881,0.15924,0.034541,0.070745,-15.004,0.29997,-0.083601,-0.1024,1.4332,0.31617,10.496,1.5589,-4.4724
-133.97,-386.98,0.16883,5.2688,0.52358,1.968e-05,7.7142,0.020277,0.10439,-0.050515,2.6704,0.429,0.00021275,0.21197,0.18983,0.16727,121.99,-0.099984,-0.46542,-0.20505,13.298,0.41398,10.999,2.0944,-2.8004
-20.014,178.99,0.2809,-1.4639,-0.27995,8.6187e-06,-10.223,0.79087,-0.044691,0.91411,-0.66734,-2.0623,1.3098,0.052899,0.12632,0.27871,-95.993,0.49996,-0.37113,0.30831,13.821,-0.044521,12.299,3.7339,-6.6115
-78.945,-79.009,0.44816,1.5007,1.603,0.19998,-3.0444,0.42245,0.28324,2.4496,4.3392,1.6206,1.6163,0.26426,0.29703,0.43153,-21.994,0.29999,-0.1061,0.40985,20.178,0.51326,12.602,3.7614,-1.0203
-7.0088,123.99,0.11156,0.90326,-1.3245,-0.099978,10.802,0.40829,0.2187,0.21221,0.37134,-0.85108,0.10612,0.15815,0.12921,0.080598,46.989,0.2,0.31142,3.2182e-05,12.919,-0.40333,10.101,3.8778,-3.0231
56.97,-230.98,0.055744,-3.9754,0.84461,1.1628e-05,-2.6642,0.95455,0.21721,1.2444,1.726,-0.48855,-0.31753,0.10527,0.16102,0.12719,41.995,0.69991,0.22597,5.4246e-05,8.9108,0.47754,20.394,2.2239,3.2636
-84.948,45.997,0.22271,5.3872,1.0528,1.2816e-05,-3.6096,-0.23788,-0.30969,0.35658,-0.81164,0.041533,0.42496,0.15773,0.18698,0.20741,-19.995,-0.19997,0.55157,0.30609,-1.8651,0.58009,5.8997,2.2903,-0.59095
-13.993,78.991,0.27776,1.6319,0.74188,-0.099973,-1.3295,0.024802,-0.081612,0.46497,2.1242,-0.95851,0.31751,0.31494,0.19232,0.19187,-42.998,-4.1336e-06,0.11578,0.20346,8.2368,0.14134,-1.2964,1.8643,3.3102
-58.965,-181.99,0.16622,-5.4674,-1.4175,1.3552e-05,10.47,0.14662,0.054126,-0.8124,0.08234,-0.81927,0.73819,0.10467,0.1522,0.17061,107.98,0.099996,0.716,0.30452,6.3289,-0.4753,4.3981,1.9628,-1.128
125.91,226.98,0.22122,-0.30104,0.4161,4.9794e-06,-8.6471,-0.34917,0.22489,-0.86508,-1.7306,0.90793,-0.00010653,0.10455,0.090736,0.18652,-4.0029,-0.29998,0.17866,-0.10119,-3.7977,0.39395,-7.5958,0.77051,2.2719
9.9839,-119.97,0.16557,1.9219,0.63558,0.19997,6.3711,0.52201,0.22438,1.235,4.6628,0.59632,-0.94193,0.20887,0.097454,0.09947,-27.999,0.39993,0.15669,0.1013,3.9696,0.30904,7.3971,0.31391,-1.3838
-156.93,-471.98,0.1653,-4.3983,0.80424,0.099997,1.9961,-0.48261,0.29041,-2.4368,1.3414,1.3287,0.63409,0.10423,0.076986,0.080888,124.99,-0.29997,0.59536,-0.20236,2.3817,0.62196,7.1974,0.25381,1.6909
91.95,880.91,0.44002,3.6478,0.50202,-0.19996,3.6353,0.55945,0.040032,1.3492,-1.1747,0.9269,1.7855,0.15617,0.028293,0.2632,-87.996,0.39995,0.088199,0.30426,8.1076,0.092937,5.4997,1.4516,-1.5028
-149.93,-442.97,0.54759,2.3022,-1.3938,0.1,-12.088,0.30564,-0.20523,0.81477,-0.57598,-0.53599,1.651,0.051984,0.12326,0.40985,45.995,0.29998,0.78159,0.6066,-3.5352,-0.48577,-1.5992,1.7169,1.4641
-208.91,-328.95,0.1634,0.11558,1.7749,1.4311e-05,5.9549,-0.21911,0.35438,-0.24024,3.1049,-0.94164,0.60883,1.2212e-05,0.14682,0.24308,-96.989,-0.10001,0.033351,0.20101,6.4645,0.46747,-3.8975,2.0896,-1.4698
-44.057,287.96,-0.38059,-2.1125,-0.23733,0.10001,-4.8085,-0.71512,0.6442,-1.3937,-1.9995,0.97818,-3.1274,1.5157e-05,0.10939,-0.17155,45.998,-0.59997,0.085404,-0.10035,-14.482,0.61991,-6.7022,1.9046,1.5627
-8.022,-107.02,-0.16373,0.98073,0.25455,0.09999,6.5726,0.016305,0.77686,0.91217,-0.37742,0.85577,-0.72919,0.20778,0.14194,-0.1157,31.995,0.099965,-0.4405,0.10037,15.655,0.21526,-0.59822,2.9497,-1.3558
9.0091,100.99,0.10937,1.6985,1.1024,0.19997,6.624,0.15824,0.33777,2.9932,1.0589,1.6209,0.94417,0.051856,0.057382,0.109,39.998,0.099988,-0.26945,-0.20051,25.126,0.58984,3.7037,3.7626,1.5886
24.011,-63.997,0.32768,-0.60746,1.0432,-0.099981,1.6074,0.40847,1.1245,0.87557,1.9975,1.1805,0.51979,0.20725,0.22373,0.27158,10,0.29996,-0.23955,-0.10045,19.33,0.51631,7.7029,5.1978,-1.8548
-41.955,13.014,0.43545,0.73561,1.6372,-0.099975,-3.3728,-0.18384,0.61988,-1.3186,-2.119,1.1866,-5.8257e-05,0.10342,0.09087,0.3154,80.995,-0.1,-0.59149,2.325e-05,15.542,0.90258,20.296,6.4152,0.63557
103.99,-208.97,0.32518,2.1738,-0.59416,2.9939e-06,5.782,0.63552,-1.1549,2.3465,3.1285,1.081,-0.51676,0.051664,0.10536,0.28251,-5.0062,0.49996,0.37501,0.40239,20.373,-0.34195,20.7,6.8695,-2.6382
197.96,131,-0.10797,2.8832,-0.35659,-0.099985,1.4432,0.12153,0.42713,2.2855,1.2006,1.5513,0.10401,0.15487,0.13212,-0.031753,50.996,0.10001,0.52898,0.20046,36.776,0.24255,28.299,6.6397,0.57629
17.069,-47.995,0.05411,-0.4265,1.2227,-0.19997,5.8968,0.82468,0.73405,2.628,0.68668,0.027567,0.51923,1.7343e-05,0.1107,0.10343,-93.99,0.59993,0.17765,0.49997,33.969,0.6534,26.901,5.2749,-1.5698
122,56.988,0.27026,-0.82919,-0.38507,-0.099984,-1.2477,-0.073044,0.16949,-0.38527,2.9708,2.4301,0.72314,0.1031,0.12844,0.22363,68.995,1.8734e-05,0.23064,0.29853,27.361,0.077533,26.5,4.7573,1.527
161.99,244.97,0.43124,-2.2668,0.60616,-4.6266e-06,-7.0961,0.19194,0.10944,-0.11954,0.1342,-1.0187,1.5382,0.20597,0.22977,0.36243,-34.998,0.2,0.10891,0.6944,32.471,0.42616,36.096,3.5235,-0.85412
46.078,-56.991,0.21474,2.1892,0.71197,-0.1,-3.4004,0.59969,0.21052,4.2479,2.824,-0.01805,0.40433,0.15417,0.18807,0.23589,13.997,0.39999,0.8758,0.68965,36.977,0.19621,27.803,3.0311,1.1489
331.92,-21.992,0.21426,6.0047,1.7686,0.19996,8.2336,-0.47018,0.36259,2.8085,3.472,2.3745,0.8048,0.30784,0.18883,0.17341,99.99,-0.29993,0.81809,0.78275,32.662,0.43131,29.601,2.3206,-0.46822
248.97,248.98,0.16036,-3.8584,-1.0737,-0.19999,0.25,0.4165,0.32804,-0.79226,0.16028,0.70916,0.1998,0.2046,0.24612,0.1731,3.9924,0.29999,0.65917,0.67955,38.997,0.08103,32.299,2.7195,1.8606
307.94,31.008,0.42688,-0.32204,1.7321,-1.1798e-05,-1.0975,0.83572,0.51155,1.572,1.5331,0.66111,1.4937,0.15314,0.15484,0.33997,79.996,0.69992,0.6135,0.38572,36.949,0.53306,29.003,3.2051,2.0565
76.017,-235.99,0.3719,1.0713,-1.2511,-3.7861e-06,-7.7229,-0.84057,0.0029883,-2.4732,2.8374,0.91493,-0.19614,0.20387,0.20097,0.32313,-129.99,-0.5999,1.0282,-0.67226,27.052,-0.42132,30.597,2.9633,3.911
44.064,509.96,0.10591,0.79332,1.1307,-0.099988,9.5178,0.77597,0.15869,1.709,-1.1953,2.3442,0.39351,0.10174,0.1642,0.13267,91.997,0.59992,0.96998,0.48345,34.976,0.67129,34.698,3.1313,4.7835
121,-314.98,0.052909,-1.013,0.12969,-0.099987,1.099,0.071244,0.29293,0.45086,1.6635,0.75582,1.4687,0.050828,0.073724,0.082389,-55.994,4.1395e-06,0.79695,-0.48107,15.236,0.20522,25.098,2.4929,5.2952
163.99,123.01,0.31711,1.6179,1.7751,-1.0761e-05,-5.8783,0.086743,0.002026,1.4116,-0.30609,-0.14131,0.48286,0.30471,0.1825,0.19465,-14.993,0.099986,0.043964,0.3868,28.365,0.75215,19.603,3.686,5.6442
345.92,50.031,0.52686,-1.3573,0.63861,0.099968,8.7667,0.94028,0.089432,1.5224,3.3176,0.32323,1.6328,0.20253,0.16791,0.38519,55.995,0.69995,0.63282,0.57804,24.541,0.14955,26.899,3.3688,3.8644
64.051,-553.93,0.47166,3.9668,0.35411,-0.099996,-13.995,0.18764,-0.23626,-0.24034,2.338,0.75303,-0.28337,0.20212,0.15996,0.33615,-17.999,0.10001,1.1193,0.28737,15.313,0.145,19.201,4.3483,2.596
129.99,411.97,3.9055e-05,-0.054958,1.2325,-1.9967e-06,14.589,0.72883,3.654,2.7385,-1.005,1.4145,-1.4213,0.15129,0.14001,0.065049,3.0017,0.5999,0.19498,0.095557,21.588,0.62209,25.496,3.5041,0.45167
134.02,19.974,-0.052104,0.21067,-0.81027,-0.099998,4.9934,0.45132,-3.3409,0.78227,1.1867,0.79299,0.57671,0.20141,0.28836,0.067215,56.992,0.29998,0.93619,0.76324,15.551,-0.012806,13.403,4.2934,-0.55489
238.97,174.99,0.4175,1.0286,1.1118,0.099975,2.9388,0.68242,0.040806,0.78413,1.7031,1.9561,0.86057,0.20101,0.17971,0.29276,-24.996,0.39996,0.71028,0.094795,17.142,0.34648,21.098,3.7541,-1.0436
136.05,-14.015,0.36382,-4.1673,-0.099026,-0.19999,-15.539,-0.16697,0.31166,0.90311,-2.415,0.47763,2.1796,0.35103,0.2457,0.2985,-51.995,-0.19994,0.61941,0.66218,24.284,0.24642,15.103,4.3319,-1.3218
364.93,411.97,0.31072,4.2969,1.5311,-1.4584e-05,10.568,0.14602,0.19494,1.9655,4.1643,0.8853,0.92773,0.049993,0.12689,0.28777,87.996,1.7764e-05,0.44558,0.46992,8.3043,0.79375,25.294,3.2777,0.26629
174,-358.96,-0.0516,5.7847,-0.90549,-0.099995,-1.7471,0.16706,0.41377,-0.59311,-0.90567,1.1621,-0.82685,0.14985,0.24154,0.090557,-65,0.099982,0.067718,-0.18706,-4.9156,-0.49623,9.2971,3.0562,0.84707
246.99,138,0.051701,1.337,2.8342,-0.099999,2.1242,0.40127,0.28819,0.078335,1.2794,1.1281,1.2045,0.049888,0.063762,0.058901,92.997,0.19995,0.020845,2.744e-05,7.8002,1.0302,-1.2946,2.1048,2.6242
375.91,296.98,0.61945,-5.7856,0.77946,-1.4752e-05,-0.67645,-0.31382,0.25205,0.34344,0.10221,1.1617,1.1905,0.14955,0.14903,0.42374,24.997,-0.39994,-0.43113,0.093725,23.776,0.62856,8.1011,2.8598,2.1407
193.99,-245.97,0.61571,3.9207,-1.0857,-0.1,1.9953,0.18672,0.15162,1.2356,0.99726,0.96577,1.4479,0.099558,0.099206,0.41441,15.991,0.10003,0.35025,-0.18716,23.717,-0.3606,11.199,2.9039,2.4233
68.069,164,1.3766,-0.32428,0.22192,0.099972,2.6725,-1.8987,-0.51176,-1.0292,3.2588,1.7024,2.0514,0.099464,0.22944,0.96677,43.994,-1.6997,0.5982,0.84419,16.921,-0.38894,7.1019,3.4039,1.9486
85.05,39.999,0.15095,2.7941,0.19755,-1.5595e-05,-3.9978,1.2809,0.48104,2.3416,2.7469,1.052,0.087484,0.34772,0.26652,0.14556,-92.992,0.8999,0.66296,0.74408,12.052,0.2576,4.802,2.1844,1.8609
336.89,-56.972,-0.50214,6.0608,0.77158,-1.1062e-05,3.9713,1.0331,0.68682,1.1589,-1.0092,1.0109,-1.9208,0.24752,0.23687,-0.22751,48.002,0.69989,0.70041,-0.64617,18.008,0.54308,10.299,2.5001,2.6333
159.04,-155.97,3.2992e-05,-1.1449,0.1136,-0.099997,-7.1256,0.58063,0.53074,2.3683,1.6579,1.0281,-8.9163e-06,0.14815,0.12619,0.02038,-97.99,0.39997,1.0036,0.092968,22.898,0.41446,12.899,2.3034,2.3369
278,234,0.60568,-5.6145,2.931,-0.19999,13.992,0.11975,1.3416,1.5748,2.3069,0.93617,1.2464,0.19724,0.17088,0.43999,92,2.2975e-05,0.729,0.74275,17.502,0.37047,5.4053,4.1035,4.5755
315.92,-69.002,0.050209,4.8155,-0.84191,0.099974,-6.7743,0.073916,0.42667,0.51355,-1.7811,0.78285,-0.79132,0.19685,0.1418,0.043733,-70.994,-0.099983,0.32957,0.092171,20.889,0.33494,15.297,4.2572,3.8672
280.96,263.97,0.15048,4.598,0.49146,-0.1,-7.0769,0.16553,0.18305,2.2652,1.3129,-0.0034718,-0.088326,0.34379,0.24167,0.16517,-22.992,0.10001,0.96879,0.18421,33.184,0.19926,14.702,4.8931,6.0893
183,186.99,0.5007,-5.8216,0.2702,-9.2185e-06,-7.5154,0.43493,-0.12873,0.33827,0.37064,-1.0097,2.1291,0.24474,0.25171,0.41589,-119.98,0.2,0.64761,0.73523,18.483,0.18555,14.2,3.3664,3.2099
23.067,-290.95,0.29896,0.73016,-0.251,-0.099991,6.6443,-0.13885,-0.088138,1.6237,2.1639,-1.0185,1.8242,0.29296,0.19705,0.22353,-92.986,-0.19995,1.0855,0.72988,18.611,0.11049,13.799,2.3345,4.0369
82.021,-39.959,0.24841,2.4321,0.37584,-6.2033e-06,-7.2082,0.3611,0.22296,1.2057,0.048654,-0.73049,0.085668,0.24342,0.24001,0.23571,-37.99,0.099999,0.93443,0.72456,26.495,0.084833,11.7,1.2018,0.45903
206.95,-194.98,0.54504,-4.2406,0.40635,0.099974,-3.6058,-0.015883,-0.027428,-1.843,0.42799,-1.2191,0.76703,0.19427,0.11603,0.35323,-103.98,-0.099984,0.38427,0.3597,16.559,0.46775,4.003,0.59918,1.8959
181.01,405.96,0.44352,-0.72999,0.35616,-1.0139e-05,-5.008,0.32193,-0.017038,2.1016,2.0478,-1.0135,0.50749,0.24236,0.20545,0.31521,-40.991,0.10001,0.73577,0.448,11.724,-0.22668,12.497,0.86165,-0.4703
157.96,-44.009,-0.49058,12.218,-0.56255,-0.19997,4.2426,-0.17027,0.61461,1.014,-0.86602,-0.86425,-2.1882,0.19342,0.17243,-0.2461,-66.989,-0.29999,0.37966,-0.35678,14.947,0.51751,-0.79749,0.35726,2.2993
4.0421,-43.98,-0.44373,-8.0896,-0.0090946,-0.099981,-13.313,-0.030128,0.57509,1.686,-2.0479,-1.132,-2.4952,0.19305,0.148,-0.26562,-84.987,-0.20001,0.3011,-0.26856,18.717,0.4743,2.2996,1.682,1.1591
207.96,-130.96,0.049549,4.0951,0.22908,0.099979,5.2983,-0.088347,0.35375,1.4315,0.74963,-0.090619,0.44106,0.096347,0.03879,0.026346,-34.996,-0.19997,0.40392,0.35904,22.918,0.16343,4.5009,1.2796,5.2758
171.02,-62.991,0.5445,1.5935,1.404,-0.10001,5.0321,1.0569,0.26114,0.87251,2.2196,1.122,1.1421,0.14437,0.19067,0.40942,102.99,0.59993,0.051894,0.6261,20.078,0.49357,-1.7939,3.1674,3.9967
239.92,351.97,0.16595,-4.7179,-0.23003,0.19996,-14.553,-0.48804,0.088368,1.1839,-1.2695,0.3134,-1.2159,0.24026,0.38269,0.31027,-12.003,-0.49993,0.37723,0.4444,7.3445,0.073155,7.4953,1.7427,8.7675
90.04,-165,0.38783,1.2684,0.17273,-0.099996,5.039,1.0229,0.26114,-1.2912,-0.45613,0.029909,0.35184,0.25646,0.23854,0.33023,-27.998,0.59994,0.42607,0.7964,24.493,0.065123,3.5028,2.3879,6.3247
188.98,200.98,0.51998,3.3474,0.99525,-0.099994,1.0132,0.17099,0.30217,3.6867,4.3089,0.70285,1.5774,0.13533,0.081067,0.34893,-1.9943,2.8154e-05,0.17864,0.70235,13.401,0.076131,2.8021,0.24821,9.7743
79.008,157.99,0.30008,2.1179,-0.44837,0.099985,-0.33417,0.71618,-0.021242,-0.50693,-1.0042,0.33842,1.3803,0.1571,0.095538,0.19411,-125.99,0.39997,0.51834,0.4359,3.9425,0.20901,2.9996,1.6258,3.6549
142.96,-273.97,0.41327,-2.5035,1.317,-0.099993,-5.0328,0.043886,-0.048954,2.0571,0.77658,0.9549,0.93625,0.14828,0.10686,0.28074,23.004,-0.099972,0.66143,0.26044,9.9114,0.11484,3.7018,1.5057,3.8685
77.978,58.014,0.23169,0.92731,-0.7963,0.19997,2.3323,0.0036595,-0.11373,1.0437,0.84548,0.1129,1.1804,0.159,0.15648,0.20559,-85.991,-0.19994,0.52782,0.43286,24.338,-0.055823,17.295,3.0963,-2.6724
-32.977,-117.99,0.17806,3.8081,0.41829,0.099988,-6.4907,-0.030885,0.22591,0.71001,0.6956,-0.67986,1.2497,0.18109,0.14692,0.14846,-45.991,-0.09998,0.12294,0.086239,26.177,0.22343,6.8013,2.796,-1.9431
-23.985,64.995,0.03087,-2.2555,0.40863,-0.09998,-1.7711,0.19187,0.060057,2.1231,0.0062664,0.3246,-0.32891,0.16416,0.1684,0.086497,-39.992,0.099986,0.41123,0.17226,22.866,0.33439,-0.49584,3.1892,-5.5718
87.972,-31.986,0.42372,-3.1846,0.58091,0.09999,-11.051,0.32882,0.2548,0.56297,0.80024,-0.038398,0.57808,0.20604,0.27331,0.3867,-59.99,0.2,0.5579,0.34396,14.694,-0.0098738,7.4986,2.7171,-3.1974
84.979,-222.95,0.30835,1.5369,0.51169,-1.3519e-06,6.8469,-0.4763,-0.1823,2.4496,1.1073,-0.45782,1.4778,0.24721,0.24582,0.28894,-68.991,-0.39991,0.33818,0.77114,25.816,-0.12293,7.7997,2.6927,-3.1138
114.99,-143.96,0.78582,1.3807,0.8859,-1.0578e-05,-5.2994,0.54157,-0.096845,1.1304,2.3929,-1.6724,3.1547,0.27489,0.16314,0.50057,32,0.4,0.64464,0.93535,25.878,0.25529,6.7005,1.8243,1.9208
96.93,-32.996,0.28981,4.4937,-0.79864,0.29996,-13.365,-0.0031784,0.42474,0.61215,-0.80913,-1.6587,-0.15638,0.23888,0.24379,0.26937,-74.995,2.0032e-05,0.67598,0.50546,8.6002,-0.078291,-5.4011,1.4351,2.6248
18.999,136.99,0.34477,-2.3074,-0.012308,3.3468e-06,4.5317,-0.30134,0.28778,1.9676,3.367,-0.33316,1.4922,0.28286,0.2054,0.25954,-54.993,-0.19993,1.0429,1.1734,7.0971,-0.10309,-18.394,-0.31474,7.3345
-85.996,-217.98,0.24178,-1.4594,-0.97037,-0.09997,1.7521,-0.33472,0.17602,1.5088,2.5906,-1.1917,0.2326,0.078603,0.11728,0.21841,-79.993,-0.19995,0.4343,0.91129,-7.4005,-0.29179,-20.198,-1.2211,5.3827
-78.01,-41,0.35778,-1.2998,0.080816,0.19999,-8.8838,-0.24295,0.21052,-0.22565,-2.1341,0.47751,3.0882,0.22482,0.22511,0.30873,-46.995,-0.099967,-0.030443,1.6418,-14.555,0.1762,-14.702,-2.7007,8.2433
-209.95,96.979,0.23147,-0.35155,0.51504,-0.099974,0.79679,-0.74223,-0.37909,3.0682,3.8318,-0.137,2.8463,0.065306,0.12196,0.23941,40.996,-0.59989,0.57365,0.48469,-3.0033,0.16399,-21.196,-1.2739,1.9004
-184.99,-137.99,0.59172,0.10853,0.5117,0.39996,-3.9483,-0.50613,4.8103,1.303,0.30228,-0.039135,2.8403,0.17524,0.19083,0.43849,-13.006,-0.29994,0.14682,0.32158,-3.9915,0.045728,-16.1,-0.35798,1.6668
-164.97,-192.98,1.0477,-0.24849,0.21123,0.19998,7.5021,-0.16658,-2.6398,3.0286,1.5065,-1.0592,3.0451,0.22704,0.19452,0.69431,184.98,-0.099938,0.7534,1.0416,-8.0772,-0.13774,-16.797,2.0001,-3.5574
-208.98,53.988,0.71409,-2.5557,-0.48087,0.19999,-11.758,-0.54101,-1.5766,1.0816,3.5405,-0.23579,1.3743,0.25113,0.13651,0.4286,-258.98,-0.4999,0.68738,1.5064,-5.2281,-0.41104,-16.197,1.32,-0.8498
-266.06,-155.99,-0.14881,-3.31,-0.71612,0.3,-8.5581,-1.4965,-0.79954,-1.6453,-3.2104,-1.6489,-3.0505,0.19818,0.11915,-0.081982,-62.989,-1.1999,0.059201,-1.6404,-0.80571,-0.023917,-17.599,0.90465,0.58587
-451.98,-400.98,0.085402,-2.5411,-1.592,4.7978e-05,-2.8441,-4.3024,0.11228,-5.577,-4.7517,-0.8621,-3.6365,0.14788,0.12405,0.099787,-60.999,-3.3996,-0.56221,-0.79443,-8.0793,-0.66213,1.9869,-1.9053,2.4383
-473.04,27.974,-0.85981,-8.9155,-3.6228,0.40001,-5.2446,0.92134,0.49723,-1.4472,-1.1828,-0.30323,-5.9503,0.034619,-0.0090613,-0.54524,-61.003,0.59975,-1.0063,-2.0816,-25.847,-0.44584,-37.594,-3.5568,6.3038
-768.99,-336.02,-1.7704,-4.2021,-3.6715,0.30003,-16.087,-1.2322,0.69417,-5.9223,-11.548,-2.0238,-7.407,0.073344,-0.0060429,-1.1312,-110,-0.90012,-1.402,-3.1887,-22.656,-0.19276,-40.899,-6.6375,3.0435
-695.05,-126.04,-0.82336,-5.4833,-2.3173,0.5,-14.109,-2.94,-0.36056,-7.0417,-6.5663,-3.4382,-4.5836,-0.010125,-0.027198,-0.54047,-71.998,-2.2999,-2.1125,-2.1959,-25.413,-0.54966,-37.601,-8.1862,7.076
-790.92,-63.058,0.25298,-11.839,1.4785,0.49999,-12.499,-2.3606,0.41849,-5.3467,-6.6906,-3.0599,-1.3103,0.19407,0.031246,0.061565,-8.9982,-1.6999,-1.1927,0.69047,-26.659,0.42779,-31.101,-9.1799,-3.7054
-702.96,23.948,0.36419,-5.027,-0.35989,0.49998,18.773,-0.62489,-0.89955,1.6338,-4.9198,-0.37491,-0.0001851,0.2052,0.099738,0.21797,12.996,-0.50002,-1.5384,-0.25731,-34.527,-0.38432,-39.396,-7.2266,-0.96298
-822.9,-300.01,-0.098707,-0.02152,-1.6517,0.40001,-13.23,-1.5755,0.0055224,-1.0558,0.03308,-0.72164,0.53063,0.21167,0.12278,-0.091636,-45.002,-1.1999,-1.4003,-0.68782,-33.428,-0.24471,-34.4,-5.4285,-12.305
-685.91,-134.02,0.10069,-0.91541,0.33129,0.30001,-5.3462,-0.88861,0.54772,-1.2762,-0.68716,-3.2404,1.0562,0.20755,0.25833,0.14817,7.9959,-0.59995,-1.2103,0.51933,-19.13,-0.15771,-25.199,-3.2047,-3.1088
-351.05,69.952,0.14718,4.438,0.89799,0.39999,12.969,-1.0483,1.556,1.4717,-1.6233,-1.4802,1.742,0.09054,0.10327,0.13491,34.995,-0.69991,-1.2541,0.43064,-6.2048,0.049085,-22.395,-2.7226,-8.5153
-469.89,0.97542,0.82985,-3.2254,1.5678,0.10002,8.3316,-0.41377,-1.6971,2.1151,2.4173,-0.71468,2.7392,0.095023,0.13422,0.59606,44.995,-0.29992,-1.1994,1.029,-9.5032,-0.10483,0.29569,-0.53854,2.1009
-328.98,-232,-0.02971,7.1319,0.22204,4.1421e-05,1.5383,1.0391,-0.35123,1.5183,5.3959,-0.12236,-0.58268,0.068922,0.017021,-0.046898,-6.0001,0.69992,-1.096,-0.3394,0.058553,0.32848,-6.6974,0.047328,-3.6059
-211.99,109.96,0.33483,1.1434,1.8864,0.10001,-1.3462,1.108,-0.24811,0.451,-0.56962,-1.3617,1.5085,0.10627,0.11902,0.26794,21.001,0.79991,-1.4314,0.59619,12.801,1.0179,8.799,2.3302,2.9544
-218.99,171.95,0.19311,-0.40373,-2.4078,0.19999,-0.17071,0.774,0.13494,3.5784,4.8715,-1.2256,0.16539,0.19317,0.1808,0.16554,-7.0073,0.59998,-0.39027,-0.16925,20.93,-1.0317,14.897,1.3137,-2.9903
-199.95,-78.009,0.3002,3.3211,0.95565,0.19999,-8.7173,0.29107,-0.40794,3.128,2.1072,-1.7919,0.82452,0.26417,0.28915,0.30859,-26,0.30001,0.56184,0.00012093,33.125,0.18926,12.603,2.9055,0.62014
-7.0297,-50.001,0.33486,-0.45607,0.97209,-0.099971,10.112,0.42151,0.23383,0.69027,2.4937,-1.5081,1.4717,0.074841,0.084519,0.23125,39.995,0.4,0.65025,0.84813,25.558,-0.01414,15.501,1.7261,-4.9199
-278.89,56.97,0.052038,-1.4853,0.39067,2.7047e-05,-1.1909,0.28288,0.34624,2.3681,2.3109,-1.7752,0.24189,0.097431,0.046703,0.05448,40.995,0.29996,-0.083266,0.67278,5.2055,0.49448,16.495,3.9277,-2.2977
27.979,228.96,0.06489,14.29,0.026264,-0.099972,5.6791,1.1188,-0.17387,-0.48685,-0.83877,-2.8951,1.2055,-0.11225,0.093344,0.1801,-28,0.99989,0.13491,0.83532,14.8,-0.15254,12.901,2.6493,-6.1071
-68.948,-58.01,-0.09514,-3.3406,0.17989,6.1262e-06,-1.6288,0.33401,-0.17599,0.72639,2.7188,-0.7621,-0.079249,0.044421,0.082345,0.013858,13.998,0.39995,0.55662,-0.33123,21.277,0.29952,14.1,3.316,-2.6673
162.98,87.965,0.033162,2.3156,2.2053,0.099975,5.2976,0.6504,0.22504,2.8973,1.5772,0.84973,0.39762,0.023568,0.14174,0.11359,37.001,0.59993,0.65312,0.74808,19.932,0.49239,14.301,1.7417,-4.7608
242.97,553.94,0.02303,4.0084,0.69395,-1.0054e-05,8.0186,0.41491,0.74406,-0.97915,-0.19216,1.2372,1.1081,0.017676,0.02773,-0.01377,-49.991,0.39997,0.44948,1.0725,27.636,0.12653,16.202,3.0778,0.020297
521.8,-328.95,-0.051935,-0.56336,-0.74347,-0.29996,-15.136,1.5565,0.67124,3.1812,2.7401,-0.4078,-0.78268,0.063406,0.11974,0.042451,-61.994,1.2998,0.11796,0.48977,17.884,0.28668,22.196,3.2051,-0.37289
-132.87,-226.96,-0.04185,0.073061,-0.16913,-0.19996,-8.0599,0.19397,0.038852,-0.28394,2.4719,0.1147,-1.1836,0.105,0.10477,0.054258,11.998,0.29996,0.84892,-0.73093,20.086,0.19892,15.099,3.9207,3.2178
-69.944,300.97,0.18691,1.6337,0.1995,8.907e-06,1.8653,0.444,0.083104,2.2126,-1.3989,-3.1443,-0.0001104,0.07641,0.056287,0.12026,-8.0007,0.49993,0.844,-0.16361,5.3438,0.061863,7.4997,2.9327,1.2381
-33.963,-45.003,0.14615,1.3783,0.571,0.099989,9.7057,0.37297,0.30865,0.37446,2.5988,0.18275,0.3993,0.065963,0.095722,0.14178,1.0023,0.39995,0.82792,0.81955,10.229,0.47268,3.6022,3.0819,0.82887
-51.942,-152.99,0.16154,4.248,0.80752,3.1276e-06,-0.83429,0.2826,-0.12143,0.56397,0.00013303,0.62843,0.00018701,0.091196,0.04536,0.092436,-16.996,0.29997,1.2214,0.56909,9.9003,0.1221,4.1007,2.7289,-0.21784
256.91,265.98,0.34817,-2.8063,1.2281,-0.1,-8.5839,-0.25357,0.24412,3.7179,0.8912,-0.56584,1.1137,0.053684,0.069971,0.23377,-4.9963,-0.099961,1.0229,0.8084,15.494,0.49267,0.20693,3.3612,-1.2256
122.99,-118.99,0.25339,1.0204,0.96101,0.39994,0.36933,0.066945,0.29203,1.0371,-0.2695,-0.078035,1.652,0.1438,0.10438,0.16268,1.9997,0.1,0.69129,1.5234,-7.5496,0.3788,19.192,2.4662,1.9491
88.051,-56.978,0.40165,-0.88409,0.5299,-0.49993,-1.1016,0.8314,0.70059,1.8185,2.9885,-1.4546,1.3933,0.087339,0.0019867,0.23873,71.992,0.69994,1.1988,0.71097,11.817,0.11008,15.401,2.5435,0.16193
42.064,81.994,0.3243,5.0159,0.74221,-0.19996,16.882,-0.069997,0.51956,0.91053,3.761,-4.0533,1.5266,0.20688,0.13869,0.22449,-55.995,2.7179e-05,0.75212,1.2548,8.9612,0.14531,16.401,0.36486,7.0521
187.98,116.99,0.32145,-5.1166,0.79597,-0.09999,-17.935,-0.43255,0.2797,-0.88467,-2.2673,0.3058,1.7293,0.18402,0.17189,0.27365,-33.995,-0.29993,0.59295,1.3167,11.5,0.08631,29.094,0.16474,3.5137
225.02,73.991,0.51735,9.0978,0.925,-2.2452e-05,16.054,0.86404,-0.14649,4.7393,3.6449,1.4869,2.9563,0.10798,0.14513,0.37877,40.997,0.59998,1.3219,1.4525,12.676,0.29581,36.592,-1.5347,11.017
345.91,157,0.4694,-5.1928,0.47873,0.099967,-7.6663,-0.42015,-0.26161,1.1889,0.3808,0.036437,2.584,0.12218,0.24771,0.4373,-2.0031,-0.29991,0.91441,0.82892,19.556,-0.04875,13.203,0.75015,2.1005
73.047,-172.98,0.31815,2.5826,0.029932,-0.099999,1.2633,0.196,-0.050498,-0.0036196,2.2699,0.96854,0.14018,0.20024,0.23831,0.32365,36.993,0.10001,1.0619,0.37369,9.9086,-0.055629,6.2011,0.67485,7.4195
234.93,109.99,4.3894e-05,-3.0116,0.7053,0.099981,8.3765,0.24276,0.43183,-1.0367,0.16551,2.7367,-0.62874,0.23285,0.13544,0.03364,17.998,0.099972,0.55778,0.14889,-4.8076,0.18382,-0.29966,2.943,-3.4995
70.044,250.98,0.26199,4.3559,-0.029947,-0.099994,2.4666,0.47446,0.40083,2.5679,0.341,-0.64557,0.14052,0.23186,0.17028,0.19293,-15.001,0.29996,0.31732,-0.37161,-6.0469,0.28197,6.7935,1.2198,4.0721
107.03,-306.98,0.31543,3.2106,0.15008,-7.422e-06,-6.0994,0.49185,-0.067686,0.18534,-0.17113,1.6759,-0.35095,0.28593,0.20885,0.228,25.997,0.29996,0.57189,0.4477,-3.7019,-0.054445,-19.591,2.271,-5.3122
245.95,326.98,0.21715,-3.2571,0.98337,-6.9488e-06,11.11,-0.04929,-0.28769,1.0766,0.1243,0.2042,-0.141,0.11335,0.070773,0.16154,-36.996,-0.10001,-0.29589,0.51987,-4.2307,0.2561,-11.197,0.84349,3.2806
201.99,-73.979,0.067543,0.1325,0.77155,-0.19997,-6.1542,0.67736,0.08829,-0.39178,0.41738,-0.53916,-0.35268,0.17159,0.13659,0.061093,60.993,0.39993,0.75564,-1.9951,-5.3663,0.28066,5.9943,3.0727,-7.0669
146.04,-267.95,0.18477,4.0351,0.3013,-0.19997,16.555,-0.13065,-0.10138,-1.1521,-0.0052656,0.45384,0.70797,0.17351,0.16252,0.14115,34.993,-0.29996,0.48152,0.075295,4.6201,-0.13061,3.8993,2.8378,1.0835
207.01,215.98,0.023806,4.5542,0.055415,-0.099991,-2.3918,0.39973,0.7652,0.5147,1.4736,1.0774,5.5791e-05,0.223,0.113,0.018129,-9.0016,0.19997,0.54576,-0.45203,11.767,-0.029996,2.4015,4.5817,-7.6977
337.96,294.97,0.28032,-1.0155,0.91523,-0.19999,4.1788,0.71419,0.6937,-0.24353,0.47126,1.0289,9.6379e-05,0.20404,0.27397,0.29231,18,0.39995,0.44615,0.30278,10.342,0.42869,7.3998,3.1381,3.8042
256.99,-162.99,0.2269,-0.39685,1.2397,-1.475e-05,-2.6272,0.28083,0.55497,1.4254,-2.0968,0.21722,0.0002401,0.085147,0.13566,0.22312,17.997,1.1854e-05,0.85547,0.45282,16.619,0.42108,10.799,3.7321,-0.81104
238.99,350.98,0.22639,-0.9618,0.41204,-0.1,-1.2784,-0.70217,0.25952,2.0125,4.563,0.42477,1.4061,0.18723,0.19311,0.23114,63.993,-0.69988,0.44017,0.75125,16.119,-0.12782,9.2001,2.6782,8.9269
75.046,-188.98,0.17124,-0.88685,-0.43162,-7.306e-06,8.3442,0.89087,0.26748,-0.69009,-1.7962,0.75818,-0.069325,0.186,0.17165,0.13137,-50,0.49993,0.42316,0.44735,8.3327,0.14252,6.0983,3.4835,2.1101
114.99,43.003,-0.24592,-1.0235,-0.15788,-3.4735e-06,-5.9765,0.16481,0.10414,0.021551,-0.53492,1.724,-1.4572,0.14241,0.12158,-0.070766,59.992,-3.6037e-05,0.38592,-0.51965,13.516,0.0067601,-0.6001,2.3184,4.7865
86.986,85.992,-0.094449,0.85646,-0.93609,-1.1604e-07,6.9198,0.027546,0.22094,0.11651,-0.99334,1.1658,-2.3236,0.19411,0.1243,-0.022675,-17.006,-0.10003,0.31252,-1.7161,2.7394,-0.095173,-12.398,1.8807,-0.10588
142.99,-97.981,-0.013523,2.4481,0.45296,-4.4991e-06,-2.246,0.28125,-0.26929,-0.5126,-0.45453,-0.22672,-0.72089,0.11756,0.10791,0.034033,49.993,-2.4985e-05,0.70953,0.37952,2.9377,0.30702,-13.096,0.50302,0.65252
190,-38.968,0.59912,-9.9467,1.1118,-0.09999,1.8913,-0.47274,-0.17885,-0.58085,-0.14643,0.030005,1.2342,0.10829,0.056292,0.33809,-8.0028,-0.49993,0.56264,0.90761,-2.4088,-0.15627,-2.8009,0.27576,2.4019
181.02,-121.97,0.49727,6.374,0.93786,-0.29996,12.332,0.1212,0.47044,2.9366,0.58921,0.55974,1.0043,0.1794,0.11822,0.31815,88.991,9.5699e-06,0.62264,0.82451,-6.6966,0.36907,-0.70127,0.48017,1.0601
132.02,180,0.28916,1.9736,-0.026882,-9.7964e-07,8.0268,0.25477,0.59082,-2.9993,-1.1725,0.92801,0.284,0.17128,0.24472,0.29083,-26.002,-6.4768e-06,0.13391,0.074347,-3.8696,-0.16652,-1.5021,0.65486,8.9323
149,-156.98,-0.16268,-0.63958,0.42617,-0.099999,-8.9618,0.54923,1.3264,1.5075,2.8245,-0.40284,-0.70806,0.12337,0.1007,-0.11035,34.995,0.29994,0.39222,-0.59424,-1.1326,0.26278,-10.896,0.73898,4.422
242.95,20.009,-0.0025825,5.4576,0.52563,0.19995,17.165,0.27098,2.6091,2.0691,-2.0448,-0.12978,-0.57046,0.17423,0.061691,-0.0093488,7.9991,0.099967,0.24598,-0.14945,-5.5887,0.2315,2.096,0.091681,13.153
190.01,135.98,0.15957,-5.1831,0.66862,0.099968,-9.0164,-0.075981,-6.4234,-0.44293,0.93703,-0.96086,0.50205,0.23435,0.23709,0.15363,-10.001,-0.09998,0.89474,0.37422,-9.3048,0.25193,-1.2011,0.61011,-0.30409
310.97,259.97,0.58875,5.5296,1.1101,-0.29997,9.2333,0.51173,0.17191,0.89921,1.4241,1.6517,0.85653,0.17611,0.12584,0.38435,42.997,0.29996,0.044675,0.74561,7.6175,0.13619,-4.6947,1.0805,4.8764
135.01,-70.996,-0.29692,-7.9456,-1.0241,-0.19997,2.9894,0.14984,0.17758,-1.155,-3.8048,-0.65727,-0.070965,0.068779,0.10867,-0.082891,-39.003,-2.9766e-05,-0.11504,-0.51807,6.4483,0.10739,3.297,1.909,-9.0679
191.98,61.009,-0.19668,4.4127,0.21254,0.09998,-17.316,-0.046948,0.088204,0.65703,1.8797,1.3805,-0.70806,0.017623,0.064195,-0.10813,82.988,-0.10001,0.21236,-0.59517,5.119,-0.0037708,1.5004,1.5773,2.0425
217.97,-75.982,0.016825,4.6224,0.19742,-0.099999,11.38,0.018782,0.49206,-0.55257,1.2539,0.55758,-0.57061,0.09749,0.10849,0.10827,0.99891,-0.10001,-0.18922,-0.52388,-2.1969,0.24786,0.60152,1.2194,-4.5467
146.02,27.012,0.19922,3.625,0.43015,-5.0904e-06,-7.391,0.21699,0.19622,1.4645,-1.7785,1.1957,-0.43029,0.1493,0.15736,0.21911,-64.993,0.099975,-0.017125,-0.075249,6.2196,0.19232,12.797,1.1174,6.2063
140.02,2.0099,0.16871,-9.7321,0.47424,-0.19998,4.5772,-0.56739,-0.018173,-0.30538,0.49361,1.8207,0.071967,0.17778,0.086562,0.10049,34.999,-0.39996,0.31592,-0.1506,4.8921,0.076643,14.696,1.8083,-0.34898
268.96,6.0093,0.21482,2.026,-0.20594,-1.125e-05,0.78539,0.73921,0.27646,0.055277,0.2269,0.56032,0.35991,0.19201,0.12126,0.14128,-39,0.49993,0.49307,-0.52776,10.338,-0.024546,7.5033,2.6099,4.0189
185.02,63.998,0.1685,3.8698,0.13954,-1.5675e-05,-4.2312,0.48224,0.25238,0.037845,1.4448,1.0662,0.2869,0.14128,0.11173,0.11047,67.992,0.29996,0.46613,0.37897,7.6722,0.45355,19.895,2.9794,-0.4754
189.01,119.01,0.067218,-1.9153,0.4799,-0.099992,7.0913,-0.054632,-0.34737,1.8609,0.015213,1.4735,-0.64363,0.10826,0.17818,0.13165,15.997,-0.099995,0.64031,-0.60406,4.7108,0.19756,12.698,3.6004,0.24934
290.95,-225.95,0.17579,5.3965,0.3266,-0.29996,19.867,0.33628,0.31059,0.76554,-0.62943,1.1587,-0.86367,0.1703,0.14791,0.06576,11,0.29994,0.60536,0.15195,1.7712,0.48348,3.5022,3.4197,-0.063255
45.081,-135.96,0.27196,-3.3364,0.43568,-0.19997,-8.5139,0.17327,0.067274,-0.63251,-0.553,1.3854,0.072487,0.17511,0.082266,0.16932,-28.998,0.099974,0.51467,0.3793,3.3007,0.1411,3.0021,3.8215,-1.1373
187,141.99,0.25078,-3.1528,-0.87405,-0.099995,-10.692,-0.47509,0.37573,0.085008,1.824,1.2118,0.36284,0.14086,0.1345,0.15426,-12.004,-0.49992,0.51382,0.30234,10.518,-0.51589,15.895,1.412,4.4262
168.03,213.97,0.078604,3.4067,1.3029,0.099966,5.0999,0.80976,0.50227,-0.47576,0.45538,1.1939,1.0844,0.11271,0.076493,0.065511,30.997,0.59991,0.43431,0.75351,4.4111,0.65553,3.6042,0.73927,3.1788
272.01,103.97,0.11717,2.2373,1.1891,-1.5365e-05,2.6367,0.7722,0.34258,2.1518,1.7901,0.42795,0.50078,0.15278,0.19572,0.1991,45.997,0.49994,0.35146,0.89739,5.162,0.44164,14.999,-0.92476,9.3516
309.98,372.96,0.25348,0.95771,0.78534,-0.49994,6.6798,0.14535,0.11155,-0.27109,1.1002,0.34541,-0.56911,0.19184,0.18232,0.18306,2.0023,1.2312e-07,0.41574,-1.0375,4.6733,0.23287,18.297,1.7195,2.3186
213.03,27.989,0.13025,-2.1795,0.24909,-7.6918e-06,-4.9125,0.39636,0.15819,1.1668,-0.26553,-0.21925,0.28627,0.20792,0.16342,0.21853,-72.992,0.29996,0.41325,0.14973,16.229,0.08145,19.299,2.5768,3.9572
305.96,87.003,0.089954,2.0589,0.32858,-0.10001,-5.9773,0.44731,0.36172,-0.54298,-0.58881,-0.68937,0.28537,0.12921,0.12515,0.13927,8.0007,0.19996,0.076864,-0.52344,18.129,0.43738,14.302,4.5681,-3.5434
232,-10.003,0.10253,23.029,-0.036077,0.099965,16.917,0.080847,0.087155,0.54257,-0.15644,0.11014,-0.2846,0.11476,0.13147,0.11986,37.996,-0.099995,0.38816,0.075138,20.419,0.074588,19,4.1157,-0.59282
218,271.99,-0.040438,-18.435,0.72782,-1.6705e-05,-9.3081,-0.0080144,0.37871,0.16419,-0.21673,0.19151,-0.78514,0.083559,0.051789,-0.021912,-7.9993,-0.20001,0.25199,-0.52585,17.212,0.63844,21.398,4.6056,-3.1945
285.99,-293.97,0.1463,-1.2175,-0.15172,-0.19998,1.5242,0.35746,0.092643,-1.0564,0.47435,0.55459,-0.79132,0.13634,0.12014,0.078607,16.996,0.09997,0.11739,-0.37762,29.163,0.094148,21.301,4.2746,0.12645
200.04,238.01,0.059358,-0.7906,0.4333,-0.29997,9.5087,0.065405,0.3744,1.1424,0.66696,2.3807,-1.3777,0.18014,0.095079,0.018266,60.995,-0.10003,0.22844,-0.90967,7.8549,0.43289,17.102,3.8306,1.1348
330.96,-174.97,-0.16407,-1.7269,0.36739,0.099972,-9.1404,0.98682,0.59677,-0.83349,-1.2656,0.0077599,-1.8381,0.074863,0.072859,-0.14425,-49.996,0.59988,0.26793,-0.91803,11.47,0.42552,33.593,3.0214,3.7696
291.96,94,-0.3359,-1.4499,-0.78104,-0.19999,8.7512,-0.15807,0.5349,-0.55999,1.258,1.5333,-2.5467,0.080656,0.014756,-0.22769,-3.0006,-0.30002,0.15653,-0.92662,-2.603,0.16477,20.497,2.072,5.7257
220.95,156.97,-0.63849,1.8122,-0.48281,0.099983,1.8499,-0.49534,0.37543,-2.7786,-2.9769,0.15765,-3.1511,0.17244,0.04976,-0.46646,2.9948,-0.6,-0.09733,-1.7145,9.6849,0.061471,14.098,1.3315,4.9241
264.98,158.98,0.19616,-3.3655,-0.5281,-0.19999,-18.89,-0.12548,0.17176,-1.102,-3.3767,0.41285,-0.39705,0.16214,0.13169,0.16756,40.993,-0.29998,0.33182,-0.15866,7.7117,0.033431,13.001,0.53863,5.1012
84.094,48.976,0.1886,6.1468,1.5716,-1.1796e-05,7.9496,-0.32361,-0.24064,0.3139,5.5342,1.4816,-0.15931,0.20515,0.20232,0.2197,-42.997,-0.39997,0.093449,-2.5506e-05,6.2204,0.29721,10.701,0.64282,2.6347
250.98,399.96,0.14331,-1.5332,-0.0086042,-0.10001,23.648,-0.22914,0.5156,0.64418,-2.5464,3.0448,-0.1595,0.24709,0.15695,0.064235,106.99,-0.39997,0.34952,-0.63528,0.572,0.27648,10.798,1.5773,3.1203
272.98,-193.96,0.28745,-3.4439,0.90035,0.09997,-10.822,-0.23489,0.23512,-0.68535,-0.87207,2.0837,1.1187,0.116,0.12005,0.30523,87.986,-0.29998,0.074556,0.47948,2.2199,0.55139,8.1002,3.0743,0.97687
228.01,-217.97,0.23092,4.9909,0.1285,-0.19999,14.11,-0.15803,0.24603,-0.007213,1.2098,0.52864,0.079097,0.17255,0.14828,0.2303,67.995,-0.19998,0.74183,-0.31813,-2.0469,0.076824,8.0984,3.9206,1.9615
276.97,619.96,0.13099,0.82241,0.59974,-7.9175e-06,-5.441,0.58696,0.26015,-0.1265,-1.4203,0.11609,-0.94776,0.1549,0.087744,0.095744,-191.98,0.29993,-0.10317,-0.39905,0.93713,0.21596,0.70203,3.7719,0.10091
150.01,-479.95,-0.013043,-2.8666,-0.13155,-0.19998,-1.3077,0.097396,0.31741,-1.8335,0.5445,0.64501,-1.7542,0.1192,0.0831,-0.020038,24.004,-5.3882e-05,-0.031064,-1.4421,-12.786,0.31964,3.3955,2.9248,1.64
149.02,52.028,-0.089996,-2.6769,0.053018,-6.0882e-06,5.035,-0.25678,0.21555,0.49823,-1.1403,0.17693,-1.0552,0.19402,0.17426,-0.056471,-36.999,-0.3,0.30759,-0.5691,-12.859,0.24408,-3.6003,1.9834,0.36093
294.95,62.014,0.19366,4.8362,-0.031483,-0.1,-9.7555,-0.13514,0.31329,-1.0465,-0.62805,-0.1017,-0.32826,0.19611,0.060119,0.075663,45.991,-0.10002,-0.2155,-0.24533,-11.409,0.076175,-5.8995,1.4229,3.0061
279.96,-223.96,0.14833,-0.8555,0.3105,-1.5381e-05,9.1325,-0.64446,0.1853,-1.0834,-1.0952,-0.51531,-0.5762,0.17973,0.14564,0.12478,110.99,-0.59996,-0.15739,-0.73764,-10.059,0.27431,-5.7007,1.2585,2.7826
270.96,82.994,-0.10949,-3.9158,0.44453,-1.3688e-05,-0.9397,-0.42291,0.38845,-0.2734,-0.061123,0.79604,-1.2416,0.15442,0.068173,-0.083672,-84.993,-0.30001,0.016133,-1.0734,-6.2138,0.2312,-10.197,1.3864,5.3819
168.02,322.96,0.027709,3.7391,-0.53434,-0.099998,-2.7589,0.5388,0.44566,-1.804,-1.1055,-0.34452,-1.2572,0.29281,0.26975,0.11015,-12.998,0.39991,-0.063505,-0.9181,-19.365,-0.021132,-3.5023,1.4371,4.6577
232.96,3.9872,-0.16795,-3.3116,0.26449,-1.2469e-05,7.5347,-0.18107,0.19623,1.3281,1.8496,1.4164,-0.50935,0.28258,0.17392,-0.090926,-25.995,-0.20001,-0.094631,-0.42122,-16.636,0.25537,-2.8006,1.308,5.6882
185.98,61.993,0.089607,1.9713,-0.29358,0.099972,-8.2435,-0.97606,0.28616,-1.0896,-4.6317,1.5161,0.42642,0.069141,0.062403,0.063735,-84.991,-0.7999,0.34167,-0.084596,0.61983,-0.065868,12.393,1.0727,4.5213
123.03,117.99,0.40766,3.2696,1.2712,-7.1415e-06,4.852,0.56919,0.19052,1.4552,2.0969,-1.8341,0.67984,0.19464,0.1708,0.30659,52.999,0.49993,0.14457,0.50803,9.5549,0.81993,-1.5955,1.3227,4.3793
38.068,0.37589,0.21768,-2.2331,0.45043,-0.29996,-0.257,-0.41643,0.07719,0.23446,-0.17246,-0.54457,1.4343,0.20278,0.16239,0.1669,5.999,-0.39995,0.20648,1.095,-9.0133,0.25541,-1.7999,1.8462,3.1784
165.96,56.812,0.25574,1.7518,0.42709,-0.010155,1.1393,0.20942,0.21319,0.9399,1.2197,-0.01059,1.0435,0.17515,0.14983,0.20405,-0.10655,0.092592,0.34335,0.50482,6.0081,0.20887,4.6994,2.5695,2.714
