229.98,11.701,0.29621,2.5552,-0.66141,-5.0725e-06,-4.2155,0.0091727,0.83715,0.592,1.1247,-0.56885,0.41081,0.33575,0.25629,0.28676,44.002,-0.29996,0.24044,0.20202,14.013,-0.33936,11.2,-3.6401,43.187
130.09,31.215,0.41346,-8.6643,1.4655,0.099978,6.1742,0.28551,0.38763,0.57929,2.9605,1.1207,1.9423,0.055793,0.14982,0.31514,-34.991,2.5661e-05,0.56684,0.40322,17.349,0.96128,14.601,-2.4155,23.005
467.91,57.198,0.58818,4.469,1.1743,-0.099993,-7.6554,0.40216,0.24946,1.4232,2.1124,1.9806,0.20081,0.33443,0.20302,0.42691,-40.987,2.9486e-05,0.36931,0.40162,20.121,0.56408,19.399,1.1671,17.43
286.98,10.536,-0.058422,1.5165,-1.5293,-0.19997,1.3718,0.72253,0.41242,1.7019,-0.73197,-0.5797,-1.401,0.16667,0.053328,-0.092947,-53.993,0.39996,0.59215,1.9961e-05,12.008,-0.11345,9.9998,5.396,-3.6861
226.95,16.06,0.17556,-3.3012,0.15294,0.19997,-3.1361,0.18902,0.37227,-0.94296,0.14881,0.029669,0.30451,0.22185,0.10185,0.077384,-53.993,-0.19996,0.55559,0.19998,13.183,0.46158,13.897,7.5307,5.1898
-46.877,14.01,0.58405,16.509,0.7449,-7.825e-06,-1.0151,0.074317,0.22997,3.1286,3.3153,-1.1917,1.4167,0.22136,0.063891,0.32854,28.998,-0.19995,0.88758,-0.099736,11.014,0.20885,2.6043,7.7693,-6.7551
175.89,4.206,0.29034,-13.869,-0.2932,-1.2604e-06,-6.1571,-0.12752,0.5275,-0.38567,0.091027,-1.4601,0.00011888,0.22087,0.21989,0.24078,-29.999,-0.29995,0.091707,-0.099903,8.4744,0.056387,4.7007,5.202,5.0765
-9.9343,-2.3679,5.9609e-05,-0.28205,0.11202,0.099988,5.3316,-0.33271,0.53817,2.2149,0.50126,2.7485,0.19968,0.22038,0.11561,-0.015563,10.001,-0.59991,0.6741,-0.19992,12.456,0.52929,17.294,2.77,-4.4937
135.98,56.514,0.52108,5.943,1.678,-0.19997,-2.2057,0.40602,0.0033752,-0.083144,3.1892,1.1163,1.195,0.2199,0.24743,0.43362,18.002,0.09999,0.014344,0.60112,11.817,0.79956,5.5029,0.48429,8.2341
-13.949,-64.543,0.17282,-6.8957,-0.19812,9.3029e-06,2.7867,-0.28858,0.16138,-0.90499,-1.2905,0.21735,-0.39357,0.16457,0.14104,0.13636,6.9961,-0.49994,0.54726,-0.099577,4.1372,-0.043519,1.7993,1.2066,-2.4082
225.94,129.33,0.17252,1.7373,-0.37892,3.5504e-06,0.12878,0.024626,-0.066639,-0.13422,-0.59138,0.48439,-4.8718e-05,0.27381,0.17019,0.13379,36.995,-0.19997,0.5987,4.8771e-06,4.4076,0.08105,7.0955,1.7353,8.8075
141.96,-322.71,0.22962,-0.38684,-0.067723,2.1971e-06,-1.2251,-0.27046,0.11787,-1.047,-0.089728,-1.041,-0.69157,0.10924,0.069135,0.12884,-70.998,-0.49996,-0.097764,-0.19938,-6.3958,0.51249,-7.8028,2.2909,-1.7451
-25.941,648.95,0.57266,-6.1496,1.1531,0.29996,4.438,-0.68972,0.55414,-0.11065,1.0193,0.36505,-0.00014366,0.32731,0.32783,0.44431,155.98,-0.79992,0.17089,0.19974,-16.443,-0.0059634,-36.59,0.85264,10.404
71.936,-726.94,0.22778,1.8183,-0.041981,1.0561e-05,1.5619,-0.60886,0.20432,-0.16617,-4.4887,-0.10205,-0.59713,0.27188,0.15288,0.13402,-43.001,-0.69995,-0.52478,-0.099725,-18.836,0.14316,-29.397,-0.12292,1.3071
-25.047,-94.983,0.056824,1.072,-0.83605,0.1,-2.1542,-0.2406,0.31192,-1.9148,1.3852,1.7708,-1.6013,0.16269,0.097886,0.0035666,2.9987,-0.49998,-0.46634,-0.19962,-15.22,-0.10683,-20.8,-1.1303,11.414
-280.88,337.95,0.17036,-5.6848,1.568,0.10001,3.7104,-0.24805,-0.22517,-1.9284,-2.6567,1.7311,-0.50869,0.21656,0.16996,0.18594,6.9998,-0.39999,-0.13972,-0.10003,-9.0478,0.015695,-10.802,-0.16163,-0.2977
-38.051,-350.97,0.51014,3.4322,0.26201,-0.099969,-2.6682,-0.66105,-0.21026,0.58557,-2.7663,0.68309,0.20435,0.10806,0.034873,0.27189,-0.99806,-0.69993,-0.19483,-0.30026,-6.726,0.39308,-11.799,0.77359,4.8631
-130.98,-269.98,0.22558,-0.78726,-0.40516,0.2,1.9309,-0.61499,0.0077368,-2.545,-0.45952,0.89404,-0.40828,0.37774,0.23699,0.18862,-38.995,-0.69995,-0.75613,-0.20084,-8.4258,0.0083939,-7.0031,2.1362,-5.3878
-112.03,218.97,-0.16879,-3.5274,-0.31276,0.10001,2.0778,-0.56427,1.5005,-2.5892,-1.1047,-0.61445,-1.5366,0.21505,0.26077,-0.029412,-27.997,-0.59998,-0.69404,-0.40241,-13.288,0.19991,-12.602,1.4019,-0.31898
-157,-364.98,1.7095e-05,0.20867,0.67995,0.29998,-6.1673,-0.19002,1.7458,1.1518,-0.84667,-0.35346,-0.10423,0.16095,0.05897,-0.0035448,16.998,-0.30002,-0.12379,-0.20201,-8.0118,0.52453,-18.096,0.37697,-5.2842
-240.02,-158.97,0.39448,-3.7312,-1.8934,0.10001,-0.3187,-0.34381,-0.73074,-7.6611,-3.0813,-1.1862,-0.10459,0.21424,-0.54988,-0.32484,-49.995,-0.4,-0.54685,0.20228,-12.499,-0.95681,-8.2055,-1.2588,-1.6914
-324.95,-369.96,-0.28066,4.5126,6.7061,0.29998,-1.4071,-0.44202,-1.5593,0.66694,0.19685,1.0186,-2.2935,0.16035,0.71557,0.36368,1.0123,-0.50005,-1.5685,-0.70696,-14.741,2.3965,-23.594,-0.93803,-3.1102
-292.99,-217.98,-0.056325,-4.5,-2.5973,0.19999,4.0255,-0.5125,0.2384,0.1486,-0.90788,-0.23998,-1.4942,0.37351,0.20184,-0.067056,84.987,-0.49998,-1.1202,-0.50865,-21.507,-0.49224,-17.7,-0.29815,-2.1942
-170.03,-2.0347,-0.056324,0.91144,-1.1328,0.19999,-2.1235,0.05467,0.24973,-0.28092,-2.8929,0.68455,-0.97504,0.15949,0.021883,-0.10361,28.987,-0.10002,-0.6907,-0.20452,-9.7811,-0.16838,-10.999,1.1161,-1.4406
-137.96,373.95,0.16911,-1.6334,-0.045922,1.0627e-05,8.2892,0.56905,2.1248,1.4656,3.4949,1.055,0.21878,0.15924,0.034541,0.070742,-15.004,0.29996,-0.083604,-0.10241,1.4332,0.31618,10.496,1.7746,-4.4428
-133.97,-386.98,0.16884,5.2688,0.5235,1.2323e-05,7.7142,0.02027,0.1044,-0.050534,2.6704,0.42901,0.00020377,0.21197,0.18983,0.16727,121.99,-0.099988,-0.46544,-0.20505,13.298,0.41399,10.999,2.8129,-2.7531
-20.031,178.99,0.2809,-1.4639,-0.27993,2.8111e-06,-10.223,0.79087,-0.044693,0.91408,-0.66738,-2.0623,1.3098,0.052899,0.12632,0.2787,-95.993,0.49996,-0.3711,0.3083,13.821,-0.044516,12.299,3.7341,-6.6114
-78.936,-79.009,0.44815,1.5007,1.603,0.19997,-3.0444,0.42245,0.28323,2.4496,4.3392,1.6206,1.6162,0.26426,0.29703,0.43153,-21.995,0.29998,-0.1061,0.40984,20.178,0.51325,12.602,3.9046,-0.95066
-7.011,123.99,0.11156,0.90328,-1.3244,-0.099982,10.802,0.40829,0.21871,0.21221,0.37136,-0.85106,0.10613,0.15815,0.12921,0.080597,46.989,0.2,0.31143,3.3146e-05,12.919,-0.40332,10.101,3.1934,-3.0927
56.971,-230.98,0.055743,-3.9754,0.8446,7.8079e-06,-2.6641,0.95455,0.2172,1.2444,1.726,-0.48855,-0.31756,0.10527,0.16102,0.12719,41.994,0.69991,0.22599,5.3101e-05,8.9109,0.47755,20.394,2.224,3.2637
-84.947,45.996,0.22271,5.3872,1.0527,9.5176e-06,-3.6096,-0.23788,-0.30969,0.35659,-0.81162,0.041533,0.42497,0.15773,0.18698,0.20741,-19.995,-0.19997,0.55156,0.30609,-1.8651,0.58009,5.8996,1.9727,-0.68638
-14.017,78.989,0.27776,1.6319,0.74194,-0.099975,-1.3295,0.024806,-0.081614,0.46496,2.1243,-0.95851,0.31751,0.31494,0.19232,0.19187,-42.998,-2.4186e-06,0.11578,0.20346,8.2367,0.14134,-1.2965,2.146,3.4202
-58.95,-182,0.16621,-5.4674,-1.4175,1.3627e-05,10.47,0.14662,0.054129,-0.81242,0.082335,-0.81926,0.7382,0.10467,0.1522,0.17061,107.98,0.099996,0.71599,0.30452,6.3287,-0.47529,4.398,1.9626,-1.128
125.92,226.97,0.22122,-0.30103,0.4161,6.3748e-06,-8.6471,-0.34917,0.22489,-0.86509,-1.7306,0.90792,-8.0457e-05,0.10455,0.090736,0.18653,-4.0033,-0.29998,0.17866,-0.10118,-3.7977,0.39396,-7.5961,1.1229,2.3795
9.9978,-119.98,0.16557,1.9219,0.63559,0.19997,6.3711,0.522,0.22438,1.235,4.6629,0.59633,-0.942,0.20887,0.097454,0.099469,-27.999,0.39993,0.15669,0.1013,3.9695,0.30904,7.3973,0.32449,-1.5536
-156.91,-471.98,0.1653,-4.3983,0.80416,0.099992,1.9961,-0.48261,0.29041,-2.4368,1.3414,1.3287,0.63412,0.10423,0.076986,0.080888,124.99,-0.29998,0.59535,-0.20236,2.3817,0.62197,7.1975,0.25374,1.6909
91.924,880.91,0.44003,3.6477,0.50206,-0.19997,3.6354,0.55945,0.040032,1.3492,-1.1747,0.9269,1.7855,0.15617,0.028293,0.2632,-87.996,0.39995,0.08821,0.30426,8.1076,0.092934,5.5001,1.0812,-1.6655
-149.95,-442.97,0.54759,2.3022,-1.3938,0.099997,-12.088,0.30564,-0.20523,0.81473,-0.57604,-0.536,1.651,0.051984,0.12326,0.40985,45.995,0.29998,0.7816,0.60659,-3.5353,-0.48576,-1.5993,1.6643,1.6291
-208.93,-328.95,0.16339,0.11556,1.775,8.1487e-06,5.9547,-0.21911,0.35437,-0.24026,3.1049,-0.94165,0.60883,1.2071e-05,0.14682,0.24308,-96.99,-0.10001,0.033347,0.20101,6.464,0.46744,-3.8976,2.0896,-1.4698
-44.062,287.97,-0.38058,-2.1124,-0.23746,0.1,-4.8085,-0.71512,0.64421,-1.3937,-1.9994,0.97818,-3.1274,1.5188e-05,0.10939,-0.17155,45.998,-0.59997,0.085403,-0.10032,-14.481,0.61993,-6.7023,2.1356,1.7724
-8.0034,-107.02,-0.16373,0.98074,0.25453,0.099987,6.5726,0.016298,0.77687,0.91219,-0.37743,0.85578,-0.7292,0.20778,0.14194,-0.1157,31.996,0.099957,-0.4405,0.10037,15.655,0.21526,-0.59829,2.9053,-1.4639
9.0183,100.99,0.10936,1.6984,1.1023,0.19997,6.6241,0.15823,0.33778,2.9932,1.0588,1.6209,0.94416,0.051856,0.057381,0.10899,39.999,0.099977,-0.26945,-0.20052,25.126,0.58984,3.7038,3.7628,1.5887
24,-63.996,0.32768,-0.60745,1.0432,-0.099986,1.6075,0.40846,1.1245,0.87555,1.9975,1.1805,0.51978,0.20725,0.22373,0.27158,10.001,0.29996,-0.23955,-0.10046,19.33,0.51631,7.703,5.1616,-2.036
-41.961,13.014,0.43546,0.73562,1.6371,-0.09998,-3.3727,-0.18384,0.61988,-1.3186,-2.119,1.1866,-2.9617e-05,0.10342,0.090871,0.3154,80.995,-0.10001,-0.5915,2.5669e-05,15.542,0.90259,20.296,6.3215,0.73277
103.99,-208.97,0.32518,2.1738,-0.5941,7.8995e-07,5.7821,0.63553,-1.1549,2.3465,3.1285,1.081,-0.51683,0.051664,0.10536,0.28251,-5.0064,0.49996,0.37503,0.40238,20.373,-0.34195,20.7,6.8697,-2.6382
197.95,131,-0.10798,2.8832,-0.35667,-0.099987,1.4432,0.12153,0.42713,2.2855,1.2007,1.5513,0.10402,0.15487,0.13212,-0.031757,50.996,0.10002,0.52897,0.20046,36.776,0.24256,28.3,6.5722,0.70688
17.068,-47.994,0.054105,-0.42648,1.2227,-0.19997,5.8967,0.82469,0.73404,2.628,0.6867,0.027552,0.5192,1.7318e-05,0.1107,0.10342,-93.99,0.59993,0.17768,0.49996,33.969,0.6534,26.9,5.545,-1.6764
121.98,56.99,0.27026,-0.82916,-0.38511,-0.099986,-1.2476,-0.073042,0.16949,-0.38527,2.9709,2.4301,0.72317,0.1031,0.12844,0.22364,68.996,1.7929e-05,0.23062,0.29853,27.362,0.077547,26.5,4.7575,1.527
161.97,244.97,0.43124,-2.2668,0.60617,-5.3373e-06,-7.096,0.19194,0.10943,-0.11955,0.13419,-1.0187,1.5382,0.20597,0.22977,0.36244,-34.998,0.2,0.10894,0.6944,32.471,0.42617,36.096,3.6917,-0.97902
46.091,-56.991,0.21473,2.1892,0.71199,-0.1,-3.4004,0.59969,0.21052,4.2479,2.8239,-0.01805,0.40428,0.15417,0.18807,0.23588,13.997,0.39999,0.8758,0.68964,36.977,0.19621,27.803,2.889,1.2413
331.93,-21.994,0.21426,6.0047,1.7686,0.19996,8.2336,-0.47018,0.36259,2.8085,3.472,2.3745,0.80479,0.30784,0.18883,0.17341,99.99,-0.29993,0.81808,0.78275,32.663,0.4313,29.601,2.3205,-0.46824
249,248.97,0.16036,-3.8584,-1.0737,-0.19998,0.25015,0.4165,0.32805,-0.79227,0.16026,0.70918,0.19979,0.2046,0.24612,0.1731,3.9928,0.29999,0.65916,0.67956,38.997,0.081065,32.299,2.4842,2.0053
307.95,31.005,0.42688,-0.32203,1.7321,-5.9631e-06,-1.0975,0.83572,0.51154,1.572,1.5331,0.66109,1.4937,0.15314,0.15484,0.33997,79.994,0.69992,0.61352,0.38571,36.949,0.53305,29.002,3.0098,2.0007
76.006,-235.99,0.37191,1.0713,-1.2511,-9.349e-07,-7.7228,-0.84056,0.0029898,-2.4732,2.8375,0.91494,-0.19611,0.20387,0.20097,0.32314,-129.99,-0.5999,1.0282,-0.67227,27.052,-0.42131,30.597,2.9633,3.911
44.053,509.96,0.10591,0.79336,1.1306,-0.099988,9.5178,0.77598,0.15869,1.709,-1.1952,2.3442,0.39348,0.10174,0.16421,0.13266,91.996,0.59992,0.96998,0.48346,34.976,0.6713,34.698,3.1649,4.6667
120.98,-314.98,0.052909,-1.013,0.12967,-0.099986,1.099,0.071247,0.29293,0.4509,1.6636,0.75584,1.4688,0.050828,0.073724,0.082389,-55.993,5.4716e-06,0.79695,-0.48108,15.237,0.20523,25.098,2.9717,5.3231
164.01,123,0.31711,1.6179,1.7751,-7.5935e-06,-5.8783,0.086741,0.0020235,1.4116,-0.30609,-0.14131,0.48284,0.30471,0.1825,0.19465,-14.993,0.099983,0.043968,0.3868,28.365,0.75215,19.603,3.686,5.6443
345.92,50.028,0.52685,-1.3573,0.63859,0.099972,8.7667,0.94027,0.089432,1.5223,3.3176,0.32325,1.6328,0.20253,0.16791,0.38519,55.996,0.69994,0.63281,0.57803,24.541,0.14954,26.899,3.6049,3.9099
64.065,-553.93,0.47166,3.9668,0.35413,-0.099995,-13.995,0.18764,-0.23626,-0.24034,2.338,0.753,-0.28342,0.20212,0.15996,0.33615,-18,0.10001,1.1193,0.28736,15.313,0.145,19.201,3.7944,2.5515
129.98,411.98,4.0965e-05,-0.05492,1.2324,-2.1306e-06,14.589,0.72883,3.654,2.7385,-1.005,1.4146,-1.4213,0.15129,0.14001,0.065051,3.0019,0.5999,0.19497,0.095568,21.588,0.62209,25.496,3.5041,0.45164
134.02,19.976,-0.052111,0.2107,-0.8103,-0.099996,4.9934,0.45132,-3.3409,0.7823,1.1867,0.793,0.57672,0.20141,0.28836,0.067211,56.992,0.29998,0.93619,0.76325,15.551,-0.012789,13.403,3.9074,-0.5832
238.96,174.99,0.4175,1.0286,1.1118,0.099978,2.9388,0.68242,0.040799,0.78413,1.7031,1.9561,0.86055,0.20101,0.17971,0.29276,-24.996,0.39996,0.71029,0.094791,17.142,0.34647,21.098,4.2364,-0.99247
136.06,-14.015,0.36382,-4.1673,-0.099069,-0.19998,-15.539,-0.16697,0.31166,0.90311,-2.415,0.47764,2.1797,0.35103,0.2457,0.2985,-51.994,-0.19994,0.61939,0.66218,24.284,0.24644,15.103,4.3319,-1.3218
364.93,411.97,0.31071,4.2969,1.531,-8.0728e-06,10.568,0.14603,0.19494,1.9655,4.1643,0.88529,0.9277,0.049993,0.12689,0.28777,87.995,2.2793e-05,0.4456,0.46992,8.3044,0.79376,25.294,3.6659,0.34142
174.01,-358.97,-0.051597,5.7848,-0.90543,-0.099987,-1.747,0.16706,0.41377,-0.59309,-0.90562,1.1621,-0.82684,0.14985,0.24154,0.090561,-64.998,0.099981,0.067705,-0.18705,-4.9154,-0.49623,9.2968,2.7147,0.86882
247.01,137.99,0.051695,1.337,2.8342,-0.09999,2.1242,0.40126,0.28819,0.078332,1.2794,1.1281,1.2045,0.049888,0.063762,0.058897,92.996,0.19995,0.020862,2.2322e-05,7.8,1.0302,-1.2948,2.1048,2.6241
375.93,296.97,0.61946,-5.7856,0.77937,-6.1751e-06,-0.67631,-0.31383,0.25205,0.34343,0.10218,1.1617,1.1905,0.14955,0.14903,0.42375,24.998,-0.39995,-0.43117,0.093724,23.776,0.62857,8.1014,2.4598,2.0639
193.99,-245.98,0.61571,3.9207,-1.0856,-0.099995,1.9954,0.18674,0.15162,1.2356,0.99721,0.96575,1.4479,0.099558,0.099206,0.41441,15.991,0.10004,0.35028,-0.18717,23.717,-0.36058,11.199,3.0448,2.2792
68.045,164,1.3767,-0.32432,0.22201,0.099975,2.6725,-1.8987,-0.51176,-1.0293,3.2587,1.7024,2.0514,0.099464,0.22944,0.96677,43.994,-1.6997,0.59816,0.84418,16.92,-0.38896,7.1017,3.4039,1.9485
85.051,39.999,0.15095,2.7941,0.19754,-1.3035e-05,-3.9979,1.2809,0.48103,2.3416,2.7469,1.052,0.087453,0.34772,0.26652,0.14555,-92.993,0.8999,0.66298,0.74408,12.052,0.25761,4.8019,2.6631,1.847
336.89,-56.973,-0.50214,6.0608,0.77152,-7.6812e-06,3.9713,1.0331,0.68682,1.159,-1.0091,1.0109,-1.9208,0.24752,0.23688,-0.22751,48.002,0.69989,0.70043,-0.64616,18.009,0.54309,10.299,2.4061,2.8412
159.06,-155.97,2.9413e-05,-1.1448,0.11352,-0.099992,-7.1256,0.58062,0.53074,2.3683,1.6579,1.0281,-1.8189e-05,0.14815,0.12619,0.020377,-97.99,0.39996,1.0036,0.092963,22.898,0.41448,12.9,2.3035,2.3369
278.01,233.99,0.60568,-5.6145,2.9311,-0.19998,13.991,0.11974,1.3416,1.5748,2.3069,0.93617,1.2464,0.19724,0.17088,0.43999,92,1.8999e-05,0.72899,0.74274,17.502,0.37042,5.4053,3.6323,4.7152
315.94,-69.005,0.050213,4.8155,-0.84202,0.099982,-6.7742,0.073921,0.42667,0.51358,-1.7811,0.78288,-0.79129,0.19685,0.1418,0.043735,-70.992,-0.099979,0.32956,0.092185,20.89,0.33498,15.297,4.3507,3.7175
280.99,263.97,0.15048,4.598,0.4915,-0.099998,-7.0769,0.16554,0.18304,2.2652,1.3129,-0.0034997,-0.088378,0.34379,0.24167,0.16517,-22.992,0.10002,0.96882,0.18421,33.184,0.19926,14.702,4.8931,6.0893
182.99,186.98,0.5007,-5.8216,0.27019,-5.7129e-06,-7.5154,0.43494,-0.12873,0.33825,0.37061,-1.0097,2.1292,0.24474,0.25171,0.41589,-119.98,0.2,0.6476,0.73523,18.483,0.18555,14.2,3.7417,2.9875
23.05,-290.96,0.29896,0.73016,-0.25102,-0.099991,6.6442,-0.13884,-0.088142,1.6237,2.1639,-1.0185,1.8242,0.29296,0.19705,0.22353,-92.985,-0.19994,1.0855,0.72988,18.611,0.1105,13.799,2.4971,4.0685
82.015,-39.96,0.2484,2.4321,0.37586,-5.2935e-06,-7.2083,0.36111,0.22296,1.2057,0.048658,-0.73049,0.085636,0.24342,0.24001,0.23571,-37.99,0.10001,0.93443,0.72457,26.496,0.084823,11.701,1.2017,0.45897
206.95,-194.98,0.54504,-4.2406,0.4063,0.099978,-3.6059,-0.015882,-0.027432,-1.843,0.42798,-1.2191,0.76706,0.19427,0.11603,0.35323,-103.98,-0.099982,0.38427,0.35971,16.559,0.46776,4.0028,0.52327,2.0878
181.02,405.96,0.44352,-0.73001,0.35625,-4.8297e-06,-5.0081,0.32193,-0.017041,2.1016,2.0478,-1.0135,0.50744,0.24236,0.20545,0.31521,-40.991,0.10001,0.73577,0.44799,11.724,-0.2267,12.497,0.32377,-0.43132
157.95,-44.01,-0.49058,12.218,-0.56267,-0.19996,4.2426,-0.17026,0.61461,1.0141,-0.86594,-0.86423,-2.1882,0.19342,0.17243,-0.2461,-66.988,-0.29998,0.37966,-0.35676,14.948,0.51754,-0.79748,0.35721,2.2992
4.0452,-43.983,-0.44373,-8.0896,-0.0091386,-0.099976,-13.313,-0.030115,0.57508,1.6861,-2.0478,-1.1321,-2.4953,0.19305,0.148,-0.26563,-84.986,-0.2,0.30112,-0.26855,18.718,0.47431,2.2994,1.3628,1.0578
207.95,-130.97,0.049547,4.0951,0.22907,0.099984,5.2983,-0.088349,0.35375,1.4315,0.74963,-0.090608,0.44108,0.096347,0.03879,0.026344,-34.995,-0.19997,0.40392,0.35904,22.918,0.16343,4.5011,2.1073,5.251
171.04,-62.995,0.54449,1.5935,1.404,-0.099999,5.0321,1.0569,0.26114,0.87249,2.2196,1.122,1.1421,0.14437,0.19067,0.40942,102.99,0.59992,0.051873,0.62609,20.077,0.49357,-1.794,3.1674,3.9967
239.92,351.96,0.16595,-4.7179,-0.23,0.19997,-14.553,-0.48803,0.088368,1.1839,-1.2695,0.3134,-1.2159,0.24026,0.38269,0.31028,-12.003,-0.49992,0.37724,0.44442,7.345,0.073168,7.4955,2.3608,8.822
90.056,-165,0.38782,1.2684,0.17275,-0.099991,5.0389,1.0229,0.26113,-1.2912,-0.45615,0.0299,0.35181,0.25646,0.23854,0.33023,-27.998,0.59994,0.42608,0.7964,24.493,0.065125,3.5029,1.6016,6.2911
188.97,200.98,0.51998,3.3474,0.9953,-0.099989,1.0132,0.17098,0.30217,3.6867,4.3089,0.70286,1.5774,0.13533,0.081067,0.34893,-1.9939,2.4498e-05,0.17863,0.70235,13.401,0.076113,2.8024,0.24813,9.7744
79.021,157.98,0.30008,2.1179,-0.44843,0.099989,-0.33421,0.71618,-0.021244,-0.50693,-1.0042,0.33842,1.3804,0.1571,0.095538,0.19411,-125.99,0.39997,0.51834,0.4359,3.9425,0.20903,2.9996,0.95378,3.6048
142.97,-273.97,0.41327,-2.5035,1.3171,-0.099988,-5.0329,0.04389,-0.04896,2.0571,0.77654,0.95488,0.93624,0.14828,0.10686,0.28074,23.004,-0.099968,0.66143,0.26044,9.9114,0.11481,3.7018,1.8944,3.9339
77.991,58.007,0.23168,0.9273,-0.79634,0.19997,2.3323,0.0036642,-0.11373,1.0437,0.84545,0.11291,1.1804,0.159,0.15648,0.20558,-85.991,-0.19994,0.52781,0.43286,24.338,-0.055809,17.296,3.0963,-2.6725
-32.978,-118,0.17805,3.8081,0.41828,0.099992,-6.4908,-0.030881,0.22591,0.71001,0.69558,-0.67986,1.2497,0.18109,0.14692,0.14846,-45.991,-0.099976,0.12294,0.086233,26.177,0.22343,6.8011,3.2366,-1.894
-23.984,64.988,0.030869,-2.2555,0.40858,-0.099977,-1.7712,0.19188,0.060053,2.1231,0.0062623,0.3246,-0.32892,0.16416,0.1684,0.086497,-39.992,0.099989,0.41123,0.17226,22.866,0.33439,-0.49583,3.0575,-5.6331
87.98,-31.995,0.42372,-3.1846,0.58097,0.099995,-11.051,0.32882,0.2548,0.56297,0.80021,-0.038415,0.57806,0.20604,0.27331,0.3867,-59.99,0.2,0.55792,0.34395,14.694,-0.0098868,7.4986,2.7173,-3.1975
84.995,-222.96,0.30835,1.5369,0.51175,4.7715e-06,6.8469,-0.4763,-0.1823,2.4496,1.1072,-0.4578,1.4778,0.24721,0.24582,0.28894,-68.991,-0.39991,0.33817,0.77115,25.816,-0.12294,7.7999,2.4732,-3.1638
115.02,-143.97,0.78581,1.3807,0.88592,-3.3413e-06,-5.2994,0.54156,-0.096849,1.1304,2.3928,-1.6724,3.1547,0.27489,0.16314,0.50056,31.999,0.4,0.64464,0.93533,25.877,0.25529,6.7008,2.0766,2.0155
96.947,-33.007,0.28981,4.4937,-0.79863,0.29996,-13.365,-0.0031673,0.42474,0.61212,-0.80918,-1.6587,-0.15638,0.23888,0.24379,0.26938,-74.995,2.7e-05,0.676,0.50547,8.6005,-0.078274,-5.4009,1.4349,2.6248
19.019,136.98,0.34476,-2.3074,-0.012248,8.4304e-06,4.5315,-0.30133,0.28777,1.9676,3.367,-0.33318,1.4922,0.28286,0.2054,0.25954,-54.993,-0.19993,1.0429,1.1734,7.0967,-0.10309,-18.394,-0.12111,7.436
-85.994,-217.99,0.24178,-1.4594,-0.97031,-0.099968,1.752,-0.3347,0.17602,1.5088,2.5906,-1.1917,0.23258,0.078603,0.11728,0.21841,-79.992,-0.19995,0.43432,0.9113,-7.4005,-0.29178,-20.198,-1.7015,5.2551
-78.017,-41.006,0.35778,-1.2998,0.080803,0.19999,-8.8837,-0.24294,0.21052,-0.2257,-2.1342,0.47752,3.0882,0.22482,0.2251,0.30873,-46.994,-0.09997,-0.030459,1.6418,-14.555,0.17621,-14.702,-2.7009,8.2434
-209.95,96.975,0.23147,-0.35159,0.51507,-0.099979,0.79681,-0.74222,-0.37909,3.0681,3.8317,-0.13702,2.8463,0.065306,0.12196,0.23941,40.996,-0.59989,0.57366,0.48468,-3.0036,0.16399,-21.196,-1.6143,1.7032
-185,-137.99,0.59172,0.10847,0.5117,0.39995,-3.9483,-0.50614,4.8103,1.3029,0.30213,-0.039112,2.8403,0.17524,0.19083,0.4385,-13.006,-0.29994,0.1468,0.32157,-3.9916,0.045723,-16.099,0.20209,1.6607
-164.97,-192.99,1.0477,-0.24858,0.21124,0.19997,7.502,-0.16659,-2.6398,3.0285,1.5063,-1.0592,3.045,0.22704,0.19452,0.6943,184.98,-0.099946,0.7534,1.0416,-8.0775,-0.13775,-16.796,2,-3.5574
-208.96,53.981,0.71408,-2.5558,-0.48082,0.19998,-11.758,-0.54101,-1.5766,1.0815,3.5403,-0.23581,1.3743,0.25113,0.13651,0.4286,-258.98,-0.49991,0.68738,1.5064,-5.2285,-0.41106,-16.197,1.8178,-0.676
-266.06,-156,-0.1488,-3.31,-0.71609,0.3,-8.5583,-1.4965,-0.79955,-1.6453,-3.2104,-1.6489,-3.0504,0.19818,0.11915,-0.081979,-62.989,-1.1999,0.05923,-1.6404,-0.80531,-0.023921,-17.599,0.43941,0.85368
-451.96,-400.99,0.085411,-2.5411,-1.592,4.9868e-05,-2.8442,-4.3024,0.11229,-5.577,-4.7517,-0.86207,-3.6365,0.14788,0.12405,0.099794,-60.998,-3.3996,-0.56227,-0.79442,-8.0791,-0.66215,1.9868,-1.9053,2.4384
-473.05,27.963,-0.85981,-8.9155,-3.6228,0.40001,-5.2449,0.92134,0.49723,-1.4471,-1.1827,-0.30327,-5.9503,0.034618,-0.0090623,-0.54524,-61.004,0.59975,-1.0062,-2.0816,-25.846,-0.44582,-37.595,-4.1253,6.4055
-768.97,-336.03,-1.7704,-4.2021,-3.6716,0.30003,-16.087,-1.2322,0.69417,-5.9222,-11.548,-2.0238,-7.4069,0.073344,-0.0060436,-1.1312,-110,-0.90011,-1.402,-3.1887,-22.655,-0.19273,-40.9,-6.3794,2.6996
-695.07,-126.05,-0.82335,-5.4833,-2.3172,0.5,-14.109,-2.94,-0.36055,-7.0416,-6.5663,-3.4381,-4.5834,-0.010125,-0.027199,-0.54047,-71.997,-2.2999,-2.1125,-2.1959,-25.412,-0.54968,-37.602,-8.186,7.0761
-790.91,-63.06,0.25298,-11.839,1.4786,0.49997,-12.499,-2.3606,0.41849,-5.3468,-6.6907,-3.0599,-1.3103,0.19407,0.031244,0.061565,-8.9995,-1.6999,-1.1927,0.69049,-26.659,0.42775,-31.101,-8.7138,-4.1004
-703,23.949,0.36419,-5.0271,-0.35986,0.49997,18.773,-0.62491,-0.89953,1.6338,-4.92,-0.37489,-0.00016944,0.2052,0.099737,0.21798,12.997,-0.50004,-1.5384,-0.25731,-34.527,-0.38435,-39.396,-7.4731,-0.80509
-822.93,-300.01,-0.098707,-0.021607,-1.6517,0.39998,-13.23,-1.5755,0.0055302,-1.0559,0.032978,-0.72165,0.5307,0.21167,0.12278,-0.091637,-45.002,-1.1999,-1.4003,-0.68782,-33.428,-0.2447,-34.4,-5.4285,-12.305
-685.92,-134.02,0.10069,-0.9155,0.33137,0.29999,-5.3462,-0.88861,0.54773,-1.2763,-0.68728,-3.2404,1.0562,0.20755,0.25833,0.14817,7.9952,-0.59995,-1.2103,0.51933,-19.13,-0.15773,-25.199,-3.4711,-2.7391
-351.07,69.956,0.14718,4.438,0.89801,0.39996,12.969,-1.0483,1.556,1.4716,-1.6235,-1.4802,1.742,0.09054,0.10327,0.13491,34.995,-0.69992,-1.2542,0.43065,-6.2048,0.049069,-22.395,-2.1526,-8.5439
-469.88,0.97828,0.82985,-3.2255,1.5679,0.1,8.3316,-0.41379,-1.6971,2.115,2.4171,-0.71468,2.7392,0.095023,0.13422,0.59605,44.996,-0.29993,-1.1994,1.029,-9.5039,-0.10486,0.29602,-0.53869,2.1013
-329,-232,-0.029712,7.1318,0.222,2.1687e-05,1.5383,1.0391,-0.35123,1.5182,5.3958,-0.12235,-0.5827,0.068922,0.017021,-0.046901,-6.0001,0.69991,-1.096,-0.3394,0.058868,0.32849,-6.6969,0.40121,-3.7715
-211.98,109.97,0.33483,1.1433,1.8863,0.099997,-1.3463,1.108,-0.24811,0.45096,-0.56967,-1.3617,1.5084,0.10627,0.11902,0.26793,21,0.79989,-1.4314,0.59617,12.8,1.0179,8.7994,1.4436,3.0202
-218.99,171.95,0.19311,-0.40375,-2.4077,0.19998,-0.17061,0.774,0.13494,3.5784,4.8715,-1.2256,0.16537,0.19317,0.1808,0.16554,-7.0068,0.59997,-0.39027,-0.16926,20.93,-1.0317,14.897,1.3136,-2.99
-199.94,-78.007,0.3002,3.321,0.9557,0.19997,-8.7174,0.29108,-0.40795,3.128,2.1072,-1.792,0.82446,0.26417,0.28915,0.30859,-26.002,0.30002,0.56187,9.7019e-05,33.125,0.18925,12.603,2.3011,0.68598
-7.0505,-49.999,0.33486,-0.45607,0.97212,-0.099983,10.112,0.42151,0.23383,0.69025,2.4937,-1.5081,1.4717,0.074841,0.084519,0.23124,39.995,0.39999,0.65023,0.84812,25.558,-0.014165,15.502,2.6672,-5.0368
-278.89,56.973,0.052038,-1.4853,0.39061,1.6298e-05,-1.1909,0.28288,0.34624,2.3681,2.311,-1.7752,0.2419,0.097431,0.046703,0.054479,40.995,0.29996,-0.083271,0.67279,5.2056,0.4945,16.495,3.9277,-2.2975
27.944,228.96,0.064887,14.29,0.026337,-0.099979,5.679,1.1188,-0.17387,-0.48685,-0.83875,-2.8951,1.2055,-0.11225,0.093345,0.1801,-28.001,0.99988,0.13493,0.83532,14.8,-0.15255,12.901,3.3189,-6.1851
-68.941,-58.01,-0.09514,-3.3406,0.17985,2.5673e-06,-1.6288,0.33402,-0.176,0.72641,2.7189,-0.76209,-0.079243,0.044421,0.082345,0.013857,13.998,0.39995,0.55662,-0.33124,21.277,0.29953,14.1,2.7381,-2.5093
162.98,87.965,0.033159,2.3156,2.2054,0.099977,5.2975,0.6504,0.22503,2.8973,1.5772,0.84973,0.39759,0.023568,0.14174,0.11359,37.001,0.59993,0.65311,0.74808,19.932,0.49236,14.301,1.7417,-4.7608
243.03,553.94,0.023024,4.0084,0.69396,-4.1235e-06,8.0186,0.4149,0.74406,-0.97916,-0.19217,1.2372,1.1082,0.017676,0.02773,-0.013776,-49.991,0.39996,0.44946,1.0725,27.636,0.12652,16.202,2.4754,0.2005
521.8,-328.96,-0.051938,-0.56333,-0.74353,-0.29995,-15.136,1.5565,0.67124,3.1812,2.7401,-0.4078,-0.78273,0.063406,0.11974,0.042449,-61.994,1.2998,0.11799,0.48977,17.884,0.28672,22.197,3.3351,-0.52047
-132.86,-226.96,-0.041851,0.073086,-0.16917,-0.19996,-8.0599,0.19398,0.038846,-0.28389,2.472,0.11468,-1.1836,0.105,0.10477,0.054257,11.997,0.29996,0.84891,-0.73094,20.086,0.19892,15.099,3.9206,3.2178
-69.996,300.97,0.18691,1.6337,0.19952,3.0939e-06,1.8652,0.44401,0.083099,2.2126,-1.3988,-3.1443,-9.2884e-05,0.07641,0.056287,0.12026,-8.0017,0.49993,0.84402,-0.16361,5.3439,0.061852,7.4995,3.3546,0.96713
-33.991,-44.999,0.14615,1.3783,0.57092,0.099982,9.7057,0.37297,0.30865,0.37448,2.5989,0.18276,0.39931,0.065963,0.095722,0.14178,1.0026,0.39994,0.8279,0.81956,10.229,0.47268,3.6023,2.9761,0.85714
-51.935,-152.99,0.16154,4.248,0.80757,-2.069e-06,-0.83428,0.2826,-0.12143,0.56399,0.00013436,0.62842,0.00016685,0.091196,0.04536,0.092434,-16.996,0.29997,1.2214,0.56909,9.9002,0.12208,4.1006,2.7291,-0.21782
256.92,265.98,0.34817,-2.8063,1.2281,-0.1,-8.5839,-0.25357,0.24412,3.7179,0.89117,-0.56583,1.1137,0.053684,0.069971,0.23377,-4.9961,-0.099961,1.0229,0.8084,15.494,0.49267,0.20699,3.0972,-1.0354
123,-118.98,0.25339,1.0205,0.96102,0.39994,0.36944,0.066944,0.29203,1.0371,-0.26953,-0.078029,1.652,0.1438,0.10438,0.16268,1.9999,0.099997,0.69128,1.5234,-7.5495,0.3788,19.192,2.8728,2.049
88.032,-56.976,0.40165,-0.88408,0.52994,-0.49994,-1.1015,0.8314,0.70059,1.8185,2.9886,-1.4546,1.3933,0.087339,0.0019869,0.23873,71.992,0.69994,1.1988,0.71097,11.817,0.11009,15.402,2.5432,0.16199
42.039,81.998,0.3243,5.0159,0.74231,-0.19996,16.882,-0.069983,0.51956,0.91053,3.761,-4.0533,1.5266,0.20688,0.13869,0.22449,-55.995,3.5334e-05,0.75213,1.2548,8.961,0.14531,16.4,0.76397,7.0397
187.96,116.99,0.32145,-5.1166,0.79605,-0.099992,-17.935,-0.43254,0.2797,-0.88467,-2.2674,0.30581,1.7293,0.18402,0.17189,0.27365,-33.994,-0.29993,0.59295,1.3167,11.501,0.086308,29.094,-0.51329,3.3492
225.05,73.993,0.51735,9.0978,0.92502,-2.1815e-05,16.054,0.86405,-0.14649,4.7393,3.6449,1.4869,2.9562,0.10798,0.14513,0.37877,40.997,0.59998,1.3219,1.4525,12.676,0.29582,36.592,-1.535,11.017
345.91,157,0.4694,-5.1928,0.47878,0.099969,-7.6662,-0.42015,-0.26161,1.1888,0.38074,0.036453,2.584,0.12218,0.24771,0.4373,-2.0032,-0.29991,0.9144,0.82891,19.556,-0.048754,13.203,0.063411,1.9981
73.078,-172.98,0.31815,2.5826,0.029982,-0.099997,1.2633,0.19601,-0.050499,-0.0036502,2.2699,0.96852,0.14014,0.20024,0.23831,0.32365,36.992,0.10001,1.0619,0.37368,9.9083,-0.055628,6.2009,1.436,7.6255
234.92,109.99,4.474e-05,-3.0116,0.70532,0.099982,8.3765,0.24276,0.43183,-1.0366,0.16555,2.7367,-0.62872,0.23285,0.13544,0.03364,17.998,0.099972,0.55777,0.1489,-4.8073,0.18381,-0.29952,2.9428,-3.4996
70.046,250.98,0.26199,4.3559,-0.029974,-0.099994,2.4665,0.47446,0.40083,2.5679,0.341,-0.64556,0.14052,0.23186,0.17028,0.19293,-15.001,0.29996,0.31733,-0.37162,-6.0471,0.28198,6.7937,2.044,4.2228
107.02,-306.97,0.31543,3.2106,0.15011,-6.045e-06,-6.0994,0.49184,-0.067687,0.18535,-0.17115,1.6759,-0.35099,0.28593,0.20885,0.228,25.997,0.29996,0.5719,0.4477,-3.7023,-0.054455,-19.591,1.5368,-5.5288
245.95,326.98,0.21715,-3.2571,0.98336,-4.4651e-06,11.11,-0.049299,-0.28769,1.0766,0.12431,0.20423,-0.141,0.11335,0.070773,0.16154,-36.996,-0.10001,-0.29591,0.51988,-4.2309,0.25608,-11.197,0.84359,3.2806
201.99,-73.977,0.067544,0.13253,0.77156,-0.19997,-6.1543,0.67737,0.088286,-0.39176,0.41743,-0.53918,-0.35268,0.17159,0.13659,0.061094,60.992,0.39994,0.75567,-1.9951,-5.3661,0.28065,5.9946,2.2153,-7.2497
146.03,-267.95,0.18477,4.0351,0.30133,-0.19997,16.555,-0.13065,-0.10138,-1.1521,-0.0052261,0.45387,0.70799,0.17351,0.16252,0.14115,34.993,-0.29996,0.48149,0.075296,4.6199,-0.13063,3.8993,3.4291,1.2751
207,215.99,0.023805,4.5542,0.055469,-0.099989,-2.3918,0.39973,0.7652,0.51471,1.4736,1.0774,6.2504e-05,0.223,0.113,0.018127,-9.0014,0.19998,0.54579,-0.45203,11.767,-0.029997,2.4015,4.5818,-7.6978
337.96,294.97,0.28033,-1.0155,0.91519,-0.19999,4.1788,0.71418,0.6937,-0.24353,0.47126,1.0289,8.2935e-05,0.20404,0.27397,0.29231,18,0.39994,0.44613,0.30278,10.342,0.42869,7.4,4.0157,3.9986
257.01,-162.99,0.2269,-0.39684,1.2397,-1.2754e-05,-2.6272,0.28084,0.55497,1.4254,-2.0968,0.21721,0.00020916,0.085147,0.13566,0.22312,17.997,1.62e-05,0.85548,0.45282,16.619,0.42107,10.799,3.3703,-0.96662
238.98,350.99,0.22638,-0.9618,0.41209,-0.1,-1.2783,-0.70217,0.25952,2.0125,4.563,0.42479,1.4061,0.18723,0.19311,0.23114,63.993,-0.69988,0.44015,0.75125,16.119,-0.12783,9.2001,2.6783,8.927
75.04,-188.98,0.17124,-0.88684,-0.43164,-7.7338e-06,8.3442,0.89086,0.26748,-0.69009,-1.7962,0.75817,-0.069338,0.186,0.17165,0.13137,-50.001,0.49992,0.42317,0.44735,8.3327,0.14253,6.0981,2.7228,1.9507
114.98,43.007,-0.24592,-1.0235,-0.15784,-3.8455e-06,-5.9765,0.16481,0.10413,0.021592,-0.53487,1.724,-1.4572,0.14241,0.12158,-0.070766,59.991,-3.5098e-05,0.38592,-0.51965,13.516,0.0067567,-0.60006,2.4217,4.8716
86.986,85.995,-0.094443,0.85648,-0.93609,3.6378e-07,6.9198,0.027544,0.22095,0.11657,-0.99326,1.1658,-2.3236,0.19411,0.1243,-0.022671,-17.006,-0.10003,0.31251,-1.7161,2.7396,-0.095165,-12.398,1.8807,-0.10594
142.99,-97.978,-0.013526,2.4481,0.45297,-3.5817e-06,-2.246,0.28125,-0.26929,-0.51259,-0.45451,-0.22673,-0.7209,0.11756,0.10791,0.034031,49.993,-2.1648e-05,0.70954,0.37953,2.9376,0.30702,-13.096,0.99892,0.72218
189.99,-38.966,0.59912,-9.9467,1.1119,-0.099989,1.8913,-0.47274,-0.17885,-0.58087,-0.14647,0.03002,1.2343,0.10829,0.056292,0.33809,-8.0028,-0.49993,0.56262,0.90762,-2.4089,-0.1563,-2.8008,0.47517,2.428
181.01,-121.97,0.49728,6.374,0.93788,-0.29996,12.332,0.1212,0.47044,2.9366,0.58917,0.55974,1.0043,0.1794,0.11822,0.31815,88.991,8.9551e-06,0.62265,0.82451,-6.6966,0.36907,-0.70092,0.48011,1.06
132.01,180,0.28917,1.9736,-0.026819,-1.4219e-06,8.0269,0.25476,0.59083,-2.9993,-1.1725,0.92803,0.28402,0.17128,0.24472,0.29084,-26.001,-1.0483e-05,0.13389,0.07435,-3.8696,-0.16652,-1.5019,0.49793,8.9828
149,-156.97,-0.16269,-0.63956,0.42622,-0.099998,-8.9618,0.54923,1.3264,1.5076,2.8245,-0.40287,-0.70807,0.12337,0.1007,-0.11035,34.995,0.29994,0.39225,-0.59424,-1.1328,0.26278,-10.896,0.39075,4.2784
242.96,20.012,-0.0025805,5.4576,0.52559,0.19995,17.165,0.27097,2.6091,2.0691,-2.0448,-0.12975,-0.57045,0.17423,0.061691,-0.0093483,7.9994,0.099963,0.24594,-0.14945,-5.5885,0.23149,2.0963,0.09152,13.153
190.03,135.98,0.15957,-5.1831,0.66868,0.09997,-9.0164,-0.075976,-6.4234,-0.44294,0.93702,-0.96089,0.50204,0.23435,0.23709,0.15362,-10.002,-0.099975,0.89477,0.37422,-9.305,0.25192,-1.2012,0.46659,-0.45873
310.97,259.98,0.58876,5.5296,1.1101,-0.29997,9.2333,0.51172,0.17191,0.89918,1.424,1.6517,0.8565,0.17611,0.12584,0.38435,42.998,0.29995,0.044642,0.74561,7.6173,0.13617,-4.6944,1.2884,5.0993
135.01,-70.993,-0.29692,-7.9455,-1.0241,-0.19997,2.9894,0.14984,0.17758,-1.155,-3.8047,-0.65726,-0.070896,0.068779,0.10867,-0.082891,-39.003,-2.6861e-05,-0.11502,-0.51806,6.4484,0.10742,3.2969,1.9089,-9.0681
191.99,61.011,-0.19669,4.4127,0.21259,0.099983,-17.316,-0.046945,0.088202,0.65706,1.8797,1.3805,-0.70808,0.017623,0.064195,-0.10813,82.987,-0.10001,0.21236,-0.59518,5.1189,-0.0037835,1.5003,1.826,2.2543
217.97,-75.98,0.016826,4.6224,0.19739,-0.099996,11.38,0.018779,0.49206,-0.55254,1.254,0.55759,-0.5706,0.09749,0.10849,0.10828,0.99889,-0.10001,-0.18923,-0.52389,-2.1969,0.24786,0.60128,1.2591,-4.7571
146.02,27.015,0.19922,3.625,0.43016,-4.3821e-06,-7.391,0.217,0.19622,1.4645,-1.7785,1.1957,-0.43031,0.1493,0.15736,0.21911,-64.993,0.099975,-0.017117,-0.075252,6.2195,0.19231,12.797,1.1175,6.2062
140.02,2.0143,0.16871,-9.7321,0.47425,-0.19998,4.5771,-0.56739,-0.018173,-0.30536,0.49361,1.8207,0.07199,0.17778,0.086562,0.10049,34.999,-0.39996,0.3159,-0.1506,4.8922,0.076627,14.696,1.619,-0.55228
268.95,6.0143,0.21482,2.026,-0.20592,-1.1246e-05,0.78537,0.73921,0.27646,0.055271,0.22691,0.56032,0.35992,0.19201,0.12126,0.14128,-39.001,0.49993,0.49309,-0.52777,10.338,-0.024547,7.5031,2.3372,4.1158
185.03,64.004,0.16849,3.8698,0.13946,-1.6717e-05,-4.2312,0.48223,0.25238,0.037851,1.4448,1.0662,0.28689,0.14128,0.11173,0.11046,67.992,0.29995,0.46612,0.37897,7.6721,0.45357,19.895,2.9796,-0.47547
189.01,119.01,0.067218,-1.9153,0.47991,-0.099994,7.0913,-0.054632,-0.34737,1.8609,0.015241,1.4735,-0.64364,0.10826,0.17818,0.13165,15.997,-0.099996,0.6403,-0.60407,4.7107,0.19755,12.698,3.5845,0.37818
290.93,-225.94,0.1758,5.3965,0.32652,-0.29996,19.867,0.33628,0.31059,0.76558,-0.6294,1.1587,-0.86368,0.1703,0.14791,0.065761,11.001,0.29994,0.60535,0.15195,1.7714,0.48349,3.5023,3.9684,-0.031429
45.072,-135.96,0.27196,-3.3364,0.43575,-0.19997,-8.5139,0.17327,0.067271,-0.6325,-0.55298,1.3854,0.072489,0.17511,0.082266,0.16932,-28.999,0.099977,0.51468,0.3793,3.3004,0.1411,3.0016,3.8215,-1.1373
186.96,142,0.25079,-3.1528,-0.87394,-0.099999,-10.691,-0.47508,0.37573,0.085005,1.8241,1.2118,0.36286,0.14086,0.1345,0.15426,-12.003,-0.49992,0.51382,0.30235,10.518,-0.51589,15.895,1.8613,4.3817
168.02,213.98,0.078601,3.4067,1.3028,0.099962,5.0998,0.80975,0.50227,-0.47576,0.4554,1.1939,1.0844,0.11271,0.076493,0.065508,30.996,0.59991,0.43431,0.75351,4.4109,0.65554,3.6041,0.14292,3.0725
272,103.98,0.11716,2.2373,1.1891,-1.915e-05,2.6368,0.77219,0.34258,2.1518,1.7902,0.42797,0.50075,0.15278,0.19572,0.19909,45.997,0.49993,0.35145,0.89739,5.1619,0.44164,14.999,-0.92489,9.3517
309.97,372.97,0.25348,0.95774,0.78535,-0.49994,6.6798,0.14535,0.11155,-0.27106,1.1002,0.34541,-0.56911,0.19184,0.18232,0.18306,2.0027,2.3672e-06,0.41575,-1.0375,4.6735,0.23286,18.297,0.96379,2.3024
213.04,27.998,0.13025,-2.1794,0.2491,-8.7437e-06,-4.9125,0.39636,0.15818,1.1668,-0.26552,-0.21926,0.28625,0.20792,0.16342,0.21853,-72.991,0.29996,0.41326,0.14973,16.229,0.081443,19.299,2.8262,4.0721
305.95,87.01,0.089955,2.0589,0.32852,-0.10001,-5.9773,0.44731,0.36172,-0.54297,-0.58881,-0.68937,0.2854,0.12921,0.12515,0.13927,8.0006,0.19996,0.076874,-0.52344,18.129,0.43738,14.302,4.5681,-3.5435
232.01,-9.9955,0.10253,23.029,-0.036131,0.099965,16.916,0.080841,0.087158,0.54258,-0.15643,0.11015,-0.28462,0.11476,0.13147,0.11986,37.996,-0.099998,0.38814,0.075137,20.419,0.07458,19,4.6575,-0.54565
217.99,272,-0.040438,-18.435,0.72778,-1.5057e-05,-9.3081,-0.0080128,0.37871,0.16422,-0.21669,0.1915,-0.78512,0.083559,0.051789,-0.021912,-7.9999,-0.2,0.25201,-0.52585,17.213,0.63845,21.398,4.6531,-3.2671
285.97,-293.96,0.1463,-1.2175,-0.15173,-0.19998,1.5243,0.35745,0.092646,-1.0563,0.4744,0.55461,-0.79133,0.13634,0.12014,0.078607,16.996,0.099968,0.11739,-0.37763,29.163,0.094151,21.301,4.2748,0.12636
200.03,238.01,0.059361,-0.79056,0.43324,-0.29997,9.5086,0.065396,0.3744,1.1424,0.66703,2.3807,-1.3777,0.18014,0.095079,0.018268,60.995,-0.10003,0.22841,-0.90967,7.8551,0.43289,17.101,3.7029,1.1049
330.96,-174.97,-0.16408,-1.7269,0.3674,0.099978,-9.1405,0.98682,0.59677,-0.83343,-1.2655,0.0077496,-1.8381,0.074863,0.07286,-0.14425,-49.996,0.59988,0.26796,-0.91804,11.47,0.42553,33.593,2.9143,3.8358
291.97,94.004,-0.3359,-1.4499,-0.78111,-0.19998,8.7511,-0.15808,0.53491,-0.55992,1.2582,1.5333,-2.5467,0.080656,0.014757,-0.22769,-3.0001,-0.30002,0.15651,-0.92662,-2.6027,0.16478,20.496,2.0721,5.7256
220.96,156.98,-0.63849,1.8123,-0.48278,0.099989,1.8499,-0.49533,0.37543,-2.7785,-2.9768,0.15765,-3.1511,0.17244,0.04976,-0.46646,2.9943,-0.59999,-0.097315,-1.7145,9.6852,0.06147,14.098,1.2575,4.9337
264.96,158.98,0.19616,-3.3655,-0.52812,-0.19999,-18.89,-0.12548,0.17176,-1.102,-3.3767,0.41285,-0.39705,0.16214,0.13169,0.16756,40.993,-0.29998,0.33182,-0.15866,7.7117,0.033436,13,0.64959,4.9818
84.082,48.985,0.1886,6.1468,1.5716,-1.1927e-05,7.9495,-0.32362,-0.24064,0.3139,5.5342,1.4816,-0.15935,0.20515,0.20232,0.2197,-42.997,-0.39997,0.093452,-3.1732e-05,6.2201,0.29719,10.701,0.64295,2.6346
250.96,399.97,0.14332,-1.5332,-0.0086696,-0.10001,23.648,-0.22915,0.51561,0.64419,-2.5464,3.0449,-0.15947,0.24709,0.15695,0.064236,106.99,-0.39997,0.34951,-0.63528,0.57235,0.27649,10.799,1.6263,3.0828
272.98,-193.96,0.28745,-3.4439,0.90031,0.099971,-10.822,-0.2349,0.23512,-0.68536,-0.8721,2.0837,1.1188,0.116,0.12005,0.30524,87.986,-0.29998,0.074542,0.47948,2.2196,0.5514,8.1001,2.9989,1.0834
228.02,-217.97,0.23092,4.9908,0.12849,-0.19999,14.11,-0.15803,0.24603,-0.0072201,1.2098,0.52864,0.079086,0.17255,0.14828,0.2303,67.995,-0.19998,0.74183,-0.31814,-2.0469,0.076818,8.0984,3.9208,1.9615
276.96,619.96,0.13099,0.82241,0.59978,-5.5556e-06,-5.4411,0.58696,0.26015,-0.12649,-1.4203,0.11608,-0.94777,0.1549,0.087744,0.095744,-191.98,0.29993,-0.10315,-0.39905,0.93693,0.21595,0.70197,3.7816,0.14954
150,-479.95,-0.013037,-2.8666,-0.13161,-0.19998,-1.3077,0.097395,0.31741,-1.8335,0.54458,0.64502,-1.7542,0.1192,0.0831,-0.020034,24.004,-5.3205e-05,-0.031071,-1.4421,-12.786,0.31965,3.3955,2.9264,1.6187
149.02,52.03,-0.089997,-2.6769,0.053013,-1.9867e-06,5.0349,-0.25678,0.21555,0.49826,-1.1403,0.17692,-1.0552,0.19402,0.17426,-0.056472,-36.999,-0.3,0.3076,-0.5691,-12.859,0.24408,-3.6005,1.9834,0.36083
294.96,62.016,0.19367,4.8362,-0.031476,-0.099995,-9.7554,-0.13514,0.3133,-1.0465,-0.62804,-0.10169,-0.32825,0.19611,0.060119,0.075663,45.991,-0.10002,-0.21551,-0.24533,-11.409,0.076174,-5.8996,1.43,3.0182
279.98,-223.96,0.14833,-0.8555,0.31047,-7.4389e-06,9.1325,-0.64446,0.1853,-1.0834,-1.0951,-0.51529,-0.57619,0.17973,0.14564,0.12478,110.99,-0.59996,-0.15741,-0.73765,-10.059,0.27431,-5.7007,1.291,2.7971
270.96,82.996,-0.10949,-3.9158,0.44454,-6.8765e-06,-0.93976,-0.42291,0.38845,-0.27338,-0.061077,0.79603,-1.2416,0.15442,0.068173,-0.083672,-84.993,-0.3,0.016141,-1.0734,-6.2138,0.23119,-10.197,1.3864,5.3818
168.03,322.96,0.02771,3.7391,-0.53435,-0.099993,-2.759,0.53879,0.44566,-1.804,-1.1054,-0.34451,-1.2572,0.29281,0.26975,0.11016,-12.997,0.39991,-0.0635,-0.91811,-19.365,-0.021133,-3.5025,1.3844,4.6185
232.96,3.9927,-0.16795,-3.3116,0.26449,-1.0206e-05,7.5347,-0.18107,0.19623,1.3282,1.8497,1.4164,-0.50933,0.28258,0.17392,-0.090927,-25.994,-0.20001,-0.094626,-0.42122,-16.636,0.25537,-2.8009,1.2469,5.6009
185.98,62,0.089609,1.9713,-0.29357,0.09997,-8.2434,-0.97605,0.28616,-1.0896,-4.6317,1.5161,0.42646,0.069141,0.062403,0.063736,-84.99,-0.7999,0.34165,-0.084591,0.61988,-0.06587,12.393,1.0728,4.5212
123.02,118,0.40766,3.2696,1.2711,-1.2958e-05,4.8519,0.56919,0.19052,1.4552,2.0969,-1.8341,0.6798,0.19464,0.1708,0.30659,52.999,0.49992,0.14458,0.50803,9.5546,0.81994,-1.5953,1.3114,4.3627
38.038,58.742,0.21768,-2.2331,0.4504,-0.29997,-0.25696,-0.41644,0.077193,0.18552,-0.26851,-0.4184,1.4343,0.20278,0.16239,0.1669,5.9995,-0.39995,0.14508,1.095,-9.0132,0.25541,-1.7999,1.7729,3.3675
131.27,90.384,0.24395,1.7158,0.48919,-0.053039,1.5125,0.19946,0.22367,0.86194,1.1236,-0.0024424,0.98891,0.17519,0.14893,0.1959,2.8467,0.080807,0.33429,0.49311,6.0079,0.23366,4.6996,2.3585,2.9041
