0.71416,0.27718,1.7542,0.96323,0.70105,-0.49627,0.47819,-0.33459,0.3034,-0.35206,0.69668,0.32962,-0.4045,0.023734,-0.40013,-1.5188,-0.45694,-0.86333,-0.7803,-0.97694,-1.3396,-1.7111,-1.5712,-1.0337,-0.89391,-0.87643,-0.37828,-0.6361,-0.32148,-0.041812,-0.66232,-0.35206,-0.5487,0.2597,-0.24719,-0.97694,0.11113,-0.94635,-1.2042,-0.48316,-0.32585,-0.25156,-0.18601,-0.47442,0.16357,0.57432,-0.2166,0.24222,0.41701,-0.089879,1.1599,0.79718,1.055,0.041213,-0.098619,0.23785,0.42575,1.221,-0.011224,0.27718,0.29466,0.75348,0.3034,1.3041,0.46945,0.78844,1.3521,0.55684,0.0062552,0.080541,1.1817,0.4039,0.9239,1.09,0.93701,0.50878,-0.19038,0.067432,0.61365,0.50004,0.39953,-0.27341,0.61802,0.45634,0.75785,0.10239,0.535,0.054322,0.33399,0.049953,-0.43509,-0.39576,0.09365,0.080541,0.21163,0.13298,-0.20786,-0.66669,-0.63173,-1.2085,-1.0993,-1.0119,-1.2042,-1.4532,-2.266,-2.3578,-3.6512,-3.3279,-3.7474,-3.3628,-3.8872,-3.2885,-1.8247,-2.3447,-1.7285,-1.2173,-1.2479,-1.1648,-0.32148,-1.51,-0.16853,-0.5924,0.42138,0.77096,1.9901,-0.87207,-0.59677,-0.43946,-0.51812,0.83214,0.24659,0.09365,-0.10736,0.53063,0.69231,1.221,0.028104,0.736,0.014995,0.17668,0.78407,0.5918,0.3471,0.61365,1.1861,0.83214,0.75348,0.036843,0.21163,0.08928,0.33399,0.53937,0.50004,0.28592,0.36021,0.77096,0.53937,1.0681,0.29903,0.5481,0.66172,0.3471,0.32088,0.88458,0.51752,0.535,0.98071,-0.094249,0.52626,0.44323,0.89768,1.0637,0.63987,1.0463,0.72289,0.66172,0.95886,0.58306,1.1555,0.98508,0.67483,0.8671,0.076171,0.80592,0.90205,0.70542,0.91953,0.36457,0.36021,0.99819,0.93264,0.89332,0.44323,0.72726,0.52189,0.24659,-0.12484,NaN
NaN,NaN,NaN,NaN,NaN,NaN,NaN,NaN,NaN,NaN,NaN,NaN,2.7362,-3.1166,-0.4284,1.4134,-1.5173,-1.1728,0.90719,-1.5768,-0.70062,-1.5981,-0.95157,-0.032826,1.5665,-1.6704,0.73705,-0.36034,0.50311,-1.0069,0.17134,0.31171,-0.79845,0.94122,-0.53473,-2.032,3.723,-1.9086,-1.4237,1.2007,-0.47944,0.40528,-0.29654,0.030976,-0.91329,0.53289,-0.22849,0.21813,1.0178,-0.26677,-0.1179,1.0348,0.10754,-1.0281,2.1449,-1.3642,0.49886,0.18835,-2.3807,1.7281,0.060751,0.72004,-0.083867,1.7281,-1.5513,0.56266,1.239,-1.0707,0.67325,0.14582,-0.26677,-0.68786,0.97099,-0.31781,1.0986,0.77108,-1.2621,-0.19446,-0.85375,1.7026,-0.21147,-0.21147,-0.58152,-0.29229,1.4729,-0.72614,0.83063,0.64773,-1.1898,0.22238,-0.52623,0.25216,-0.16043,-0.97284,-0.63682,-0.16468,0.55841,-0.95157,-0.19871,0.38827,-0.6113,-0.84524,0.20537,-0.68786,-1.73,0.094778,-1.4535,-0.56026,-0.29229,0.077764,-1.3004,-0.59428,0.27342,-0.020065,-1.0111,0.44356,0.70728,-0.35609,-0.23699,0.21813,0.94973,-0.27102,0.34999,2.3321,-1.4237,-0.98986,1.256,-0.21572,-0.6751,1.1071,-0.53048,-0.26677,0.32447,0.47334,0.29044,0.64348,-0.76017,0.44356,1.0433,-1.3301,1.3666,-0.33908,-1.1642,0.89443,1.2305,-0.71763,1.4686,-0.82822,0.15858,0.34148,-0.44116,-0.1902,-0.54324,0.74131,-0.69211,0.060751,0.55415,1.0816,-0.32631,0.23514,-0.34758,0.090525,-0.015812,0.0012021,0.2479,0.48184,-0.9856,-0.60279,0.57967,0.88592,0.41804,1.5622,0.094778,0.34573,-0.066853,1.1326,-1.2748,0.98801,-0.76868,0.37551,0.64348,0.65198,0.1841,1.6771,-0.84949,-0.95157,2.6128,-2.066,0.19686,0.2394,-0.9771,0.32872,1.3496,-0.0073049,0.2394,0.47759,NaN,NaN
0.37809,0.75326,1.3124,-0.75673,-0.0079827,1.2992,0.35938,-0.56963,1.0977,-0.016718,-0.017672,0.16505,1.2628,0.15919,-0.38784,-0.024567,1.0628,0.1522,-1.1098,-0.56963,0.69286,-1.4679,-0.74978,-0.74988,-0.028561,-0.029475,0.32911,0.86432,-0.21274,-0.39138,0.14296,0.31912,-0.037854,0.13823,-0.039908,-0.040784,0.83829,1.1826,-0.046833,-1.7875,-1.0936,-0.21976,0.47882,0.82373,0.47086,-0.91533,-0.39659,0.2951,0.81021,0.11733,0.11586,-0.056612,0.79622,0.62041,-0.23088,-0.40043,0.44501,1.1161,0.93957,-0.56963,-0.73653,0.76628,0.59443,0.42452,-0.7348,-0.40436,1.4125,1.4003,3.8356,-0.086805,-2.1766,-0.56963,1.3685,-0.40909,-0.088258,1.0325,0.38688,0.22508,1.1744,0.84957,-2.1395,-1.9895,-0.41116,1.1727,-0.03874,0.67125,1.0942,0.39043,0.75272,0.17162,7.4751e-05,-0.47099,0.78618,0.41685,1.9448,0.35759,0.53347,0.20396,0.57516,0.17086,1.3237,2.7829,1.7153,-1.0459,-0.29604,-3.3207,-6.2345,-3.2039,0.24009,0.59584,-0.88551,-0.24741,-0.098822,2.0858,-0.66496,0.50171,0.04816,0.39084,0.50175,-0.4032,-0.36206,-0.87415,-0.46361,-0.49603,-0.73593,-0.70362,0.028441,-0.10206,-0.052828,0.54439,0.24108,0.71548,0.46798,0.45884,1.0856,0.93225,0.44836,-0.56963,0.26865,0.43964,0.12516,-0.35359,0.021593,-0.49357,0.32733,0.15632,0.15468,-0.021686,-1.3566,-0.87178,-0.61303,1.3475,1.0215,0.35565,-1.0903,-0.57793,-0.059139,1.3144,-1.5198,-1.199,-0.51581,0.067803,-0.029852,0.1177,-0.030545,-0.35463,-0.0071803,0.30057,0.23281,-0.31822,-0.19485,0.24145,-0.15294,-0.28184,-0.2416,-0.69909,-0.1015,-0.37969,-1.0947,-1.6444,-2.6127,0.058143,0.033809,-0.11112,0.35014,0.16921,-0.15052,-0.61135,-0.85767,0.050094,-0.094977,-0.92005,-0.48092,-1.1071,-0.28293,0.73481,0.12682,NaN
0.50599,-1.8949,0.91562,0.28388,-0.74697,3.4922,-3.0087,-0.10115,1.2311,-1.5163,0.33107,-0.12348,-1.3567,0.34849,0.18878,-1.2572,0.69386,-0.20908,-0.79551,0.0039879,-0.83906,0.92505,-1.0036,0.15436,-0.39017,1.0869,-0.35394,0.28044,0.15257,-0.89142,1.1122,0.30856,-1.2107,-0.10513,0.37057,-0.98191,0.73995,0.45207,-0.015925,-0.49271,0.16923,0.32279,-0.17069,0.11674,0.42455,0.57635,-0.13197,-0.21821,-0.52584,0.42782,1.2443,-0.86641,-0.10967,0.18859,0.12908,-0.25747,0.3055,-0.33115,0.80821,-0.052419,0.0043898,0.17936,-0.93253,0.8789,1.1974,0.24545,-1.2788,0.79832,-0.11004,0.55734,1.2564,-0.28573,-1.2423,0.98988,0.94332,-1.2866,0.11552,0.47978,-0.94821,-0.19682,2.574,-1.7717,0.83565,0.30032,-1.0504,0.23072,0.67571,0.41256,-0.57646,0.15778,0.77428,-0.5234,-0.72226,0.28818,0.25483,0.92101,-0.53447,-0.35306,-0.31888,-0.11596,-0.017493,-0.093924,-0.58765,-0.74898,-0.58442,-1.9485,-0.93978,-1.214,-2.5742,-1.1165,-0.045218,-0.23646,0.90909,-0.73087,1.4856,0.20404,-0.12709,0.66999,-0.13834,-0.35844,3.0175,-0.75546,0.45485,0.81713,-0.16124,-0.025046,0.30896,0.25434,0.8684,-0.64124,0.17762,-0.22987,1.0327,-1.1356,1.9062,-1.1519,0.51191,-0.68513,0.89155,0.64644,-0.7377,-0.012307,0.82294,0.93402,-0.25799,-0.12566,-0.24655,-0.23049,-0.25967,0.1427,0.48317,-2.1693,1.3233,0.38178,-0.17745,1.1273,-1.1498,1.1426,-1.741,0.90371,0.9487,0.73508,-2.1234,0.39285,0.78751,-0.45048,1.1142,-0.75467,-0.71542,0.68838,0.43815,0.16426,-0.50709,0.40022,4.8877,-3.9857,-0.30146,-0.20988,-0.41024,-0.35089,0.34722,-0.76079,1.2748,-0.36875,-0.77767,1.0274,0.13539,-0.65413,-0.61349,0.99436,-0.2237,-0.87861,0.75951,-0.7493,0.38122,0.65906,-0.51855,NaN
-0.8724,1.1158,0.84343,-1.6841,-0.11134,0.44223,-0.52831,-0.14957,1.3144,-0.43939,-0.60851,-0.31749,0.82389,-0.29335,-1.0357,1.2119,-0.0091373,-0.63297,-0.5465,0.38158,-2.0239,6.0154,-2.6823,-1.3135,-0.2973,0.23503,-0.51582,1.2444,-1.4924,0.53534,0.73005,0.43946,-1.5794,0.13475,0.34002,0.49758,0.21512,-1.5571,1.4052,-0.4762,-0.016376,0.77619,0.72097,1.2762,-0.80969,-0.58781,0.88876,-0.61435,0.31244,0.4115,1.3991,-1.2581,1.3651,-1.4238,0.80268,-0.13294,1.4053,0.34281,0.076921,0.89778,-1.0118,0.78515,-0.34682,1.177,-1.1006,2.3955,0.4743,-1.2692,-0.04672,-0.06948,0.46703,-0.14802,2.486,-1.0414,0.20531,-0.0015376,-0.4888,0.097288,0.12576,0.078941,-0.78025,-0.26275,-0.040034,1.0583,-0.46916,-0.092631,0.67628,-0.67333,0.97717,-0.99865,0.13685,0.12789,0.2891,0.22434,0.57407,-1.0007,-0.2656,-1.1612,-0.17869,0.22736,0.22414,-0.056638,-0.70342,-0.92333,-1.7424,-3.641,-3.6864,-2.4201,1.1286,-0.59034,-1.7981,0.055822,0.5855,1.2117,-0.04656,1.5091,-2.5051,0.6393,0.65465,0.11091,-0.22958,-0.086001,1.8076,0.39455,-0.94941,-0.41238,-0.067629,0.2795,0.50088,0.89402,0.64425,0.24129,0.4399,0.49006,0.61056,0.19339,-0.22612,0.40516,-0.2822,-0.11379,0.66516,0.46724,0.027506,-0.20233,0.6014,0.90485,0.13104,-0.65775,-0.4018,-1.1293,0.16939,0.78546,0.62262,-0.27926,0.14433,0.23719,0.37113,0.78355,-1.2116,-0.055413,-0.069628,0.14801,0.18921,-0.4467,-0.12393,0.19435,0.050996,0.15323,-1.0711,0.96382,0.85747,0.48003,-0.021252,0.052879,-0.28805,0.42616,-0.39608,0.15077,0.089303,-0.98447,-0.70552,-0.74781,1.2151,-0.26242,0.58731,-0.13401,0.30664,-0.37716,-0.20458,-0.28361,0.036071,0.16149,-0.75364,-0.0069124,-0.5286,0.93417,0.16687,NaN
-0.021275,0.57746,-0.62001,-1.2187,1.1762,-0.021275,-0.021275,0.57746,-1.2187,-0.021275,-0.021275,-0.021275,1.7749,-0.021275,0.57746,0.57746,-0.62001,1.1762,0.57746,1.7749,0.57746,1.7749,1.1762,1.1762,-0.021275,-0.021275,-0.021275,1.1762,-0.62001,-0.021275,-0.021275,-0.62001,-0.021275,-0.021275,1.1762,0.57746,-1.2187,0.57746,-0.021275,0.57746,0.57746,1.1762,-0.62001,-0.62001,-0.021275,-0.62001,-1.2187,-0.62001,-0.021275,-0.62001,1.1762,-1.2187,-0.021275,-0.021275,-0.62001,-0.62001,-0.021275,0.57746,-0.62001,-0.021275,-0.62001,0.57746,-1.2187,-0.021275,-0.62001,-0.62001,-0.021275,-0.62001,0.57746,-0.021275,-0.021275,-0.62001,-1.2187,0.57746,-0.62001,-0.021275,-0.62001,-0.021275,0.57746,-0.021275,-1.2187,-0.62001,0.57746,-0.62001,1.1762,-0.62001,-0.62001,0.57746,-0.62001,1.1762,0.57746,-0.62001,0.57746,-0.021275,-0.021275,1.7749,-0.021275,-0.62001,1.1762,-0.62001,2.3737,1.1762,1.1762,1.7749,-0.021275,2.3737,1.7749,2.9724,2.9724,2.9724,2.3737,1.7749,2.3737,0.57746,-0.021275,0.57746,1.1762,1.1762,-0.62001,-0.021275,-0.62001,-0.021275,0.57746,-0.021275,-1.8175,-1.2187,-0.021275,0.57746,-0.021275,-0.62001,2.3737,-3.0149,-1.2187,-0.62001,-0.021275,0.57746,-0.62001,0.57746,-0.62001,-0.021275,-0.021275,-1.2187,-1.2187,-0.62001,-1.2187,-0.021275,-0.62001,-0.021275,-0.021275,-0.021275,-0.021275,-0.62001,-1.8175,-0.021275,-0.62001,1.1762,0.57746,-1.8175,-1.2187,0.57746,-0.62001,-0.021275,-1.2187,-0.021275,-0.021275,-0.62001,-1.8175,-1.2187,-0.62001,0.57746,-0.021275,-3.0149,-0.021275,-0.62001,0.57746,-0.021275,-1.2187,-1.8175,0.57746,-1.2187,0.57746,-1.2187,-0.021275,-0.62001,0.57746,-1.2187,-0.021275,-1.2187,-0.021275,-0.62001,-0.021275,-0.021275,-0.62001,-0.021275,0.57746,-0.021275,-1.8175,NaN
-0.53979,0.75146,-0.96753,0.15462,-0.40569,-0.14212,-0.78121,0.6468,-0.29008,0.33054,0.00019223,-0.16811,0.53582,0.17835,-0.28356,0.44535,-0.3475,0.22421,0.24245,-0.78243,-0.055514,-0.19091,0.48453,-0.27964,1.0146,0.94304,-1.2866,-0.39433,1.327,-0.34701,-0.46466,-0.18107,1.2857,-1.0906,0.77604,0.2323,0.43598,-1.5183,0.72424,-0.61354,0.80114,0.80754,0.18386,-0.43518,0.7029,0.16362,0.71712,-0.17099,-0.89803,-0.43861,1.0076,0.015248,-0.15237,-0.97579,1.1672,0.12073,-0.74661,1.0737,-1.7554,1.7976,0.60499,0.34936,-1.9475,1.2977,-0.23296,0.24807,-0.099998,0.23224,0.31638,-0.51278,0.47769,-0.90157,1.7232,-0.85794,-0.89568,-0.95008,0.81001,-0.91187,-0.46418,-0.63838,0.51144,-1.6706,0.64269,0.60955,-1.8248,0.61045,0.11011,-0.057424,-0.64148,0.27401,-0.82271,-0.23616,-1.3896,0.83516,-0.67467,-1.6772,0.54746,0.202,-1.1202,0.083082,-0.50664,0.91664,-1.4774,-1.0797,-0.36929,-0.66762,-2.0154,-1.7696,-1.5695,2.3178,-1.6602,-0.68038,1.5963,1.0199,0.17536,-0.18325,-0.037065,-1.0994,1.241,-0.16382,0.69009,-0.21828,0.64263,0.98081,-1.8974,-1.0179,0.21603,1.1906,-0.1196,-1.083,0.029923,-0.15269,2.0825,-2.2452,1.9795,-0.96875,0.14119,1.0254,0.29078,-0.77396,1.3651,-0.78072,2.0421,-0.31303,0.50351,-0.34248,-0.17475,1.0214,-0.75862,0.84434,-0.29497,0.21929,1.5172,0.98199,-1.1297,2.1178,-1.1365,1.1319,0.35573,-2.1682,1.3986,-0.93452,0.55308,0.081791,-0.5418,0.86574,2.4537,-1.0741,-1.3449,0.618,0.31191,0.81445,-0.62653,-0.75883,2.0869,-1.1728,0.17361,1.1661,-1.152,1.072,0.2141,-2.3639,0.97234,2.9238,-1.3609,1.738,-0.69212,-0.1784,0.60999,-1.2284,1.1193,-0.13261,-0.35872,0.92073,-1.0405,0.58717,-0.047807,NaN
-0.054589,0.35272,0.52465,0.99692,0.21052,0.041403,-0.25609,-0.55855,0.5304,-0.49346,-0.031799,-0.46672,-1.0847,-0.9655,-0.42266,-0.43365,-1.0425,-0.97454,-0.89974,-0.3481,-0.57479,-0.71945,-0.82346,0.012539,0.77069,-0.038222,1.0976,0.55455,0.53369,1.3389,-0.41875,-0.031543,0.14799,-0.58277,0.70137,-0.77947,0.75653,0.38238,-0.39106,-1.1221,-0.044039,0.16514,0.53399,-0.33907,0.86863,0.11098,1.1475,-0.17582,0.21476,0.81579,-0.76124,0.54578,1.1637,-1.3072,1.0757,0.0369,0.059752,1.3178,0.20844,1.0062,0.59713,0.93778,-0.31428,0.1471,0.17816,0.52341,-0.5307,0.20706,-2.867,1.82,1.4548,0.78773,0.10836,0.040845,0.17585,0.57295,-0.27282,0.46416,-0.091522,0.40639,-0.31904,-0.11245,-0.19834,1.4899,-0.7875,1.4397,0.18389,0.98755,-0.0034401,-0.062762,-0.11364,0.21472,0.41654,-0.77026,0.73009,-0.072829,-0.51237,-0.56153,-0.42626,-1.1622,-0.81422,-0.31375,-0.86563,-2.2739,-6.4099,1.2903,-1.884,-4.4014,-3.5476,-0.98907,-2.3904,-1.3779,-1.6133,-0.67811,1.4636,1.5651,1.0727,0.36085,0.55311,0.34886,1.5811,0.42423,0.89057,0.54344,2.2262,0.21781,0.58637,0.48166,0.34843,-0.44193,0.030541,1.1573,-0.17134,-0.70576,1.2054,-0.68752,0.22077,0.28976,0.63127,0.6569,-0.14073,0.93039,-0.26069,0.52112,0.98464,0.34583,-1.1032,1.2451,0.1749,-0.027413,0.34652,-0.76495,0.11053,0.30745,0.74153,0.33136,-0.18012,0.6862,0.15282,-0.13726,-0.040377,0.25177,-0.90444,1.0215,0.64273,-0.14862,0.42761,0.18732,-0.76843,1.1255,1.0701,0.14614,0.51613,0.59128,0.051084,-0.079857,0.45883,0.028376,1.3866,-0.30101,-0.79811,-0.25303,-0.54509,-0.40584,-0.41432,-0.30104,0.79716,0.075557,-0.44654,-0.26725,-1.018,-0.69142,0.72617,-0.33495,-1.5068,0.77092,-0.68195,NaN
0.75133,0.22732,0.066217,0.25624,0.20941,0.043515,0.3904,0.40282,-0.22071,-0.036484,-0.30233,-0.087213,0.42142,0.013583,0.13902,-0.48719,-0.46981,-0.2156,1.5249,1.8108,-1.0766,-2.0428,0.053272,0.066599,2.2527,-0.10288,-0.27672,0.10559,0.030386,0.028595,-0.58572,-0.3198,-0.16151,0.037557,0.036969,0.11394,-0.17796,-0.46388,0.18852,0.52645,0.68112,0.1692,1.0865,0.49804,-1.5711,0.27335,0.6312,-0.027006,-0.097033,0.020822,0.1981,0.15786,0.37178,-0.22112,-0.039628,0.11689,-0.22229,-0.12037,-0.5,4.0355,-4.1197,-0.17714,0.13874,0.0026446,0.25779,0.11134,0.069215,-0.047844,-0.82127,0.33622,0.57615,0.39421,1.3396,0.27286,-0.011208,-0.37471,-0.32738,0.03532,-0.25661,-0.24448,0.49196,0.44588,0.18782,0.079819,-0.12159,0.079842,0.12768,-0.24939,-0.28172,-0.35722,0.038755,-0.15461,0.072445,-0.43717,-0.33753,0.2706,0.11093,-0.019376,0.020811,-0.6665,5.3836,-3.3023,-2.0629,-1.1569,-0.093726,0.35513,0.58471,-0.64501,0.26321,-1.2734,-0.2182,0.41399,1.5894,-2.2033,-0.63419,-0.51393,-0.067278,-0.70023,0.047987,0.17905,-0.42734,-0.42983,0.037726,0.64289,0.55801,-0.17931,-0.12773,0.13521,-0.3662,0.05998,0.11586,0.59221,0.38115,0.10147,-0.39542,-0.52964,-0.2835,0.27883,0.2427,-0.30355,-0.56008,-0.12172,-0.34282,0.66753,0.58417,0.42242,0.077957,0.087233,-0.10321,0.03296,-0.53861,-0.43317,0.32385,0.46425,1.3219,2.8172,-7.7136,-0.024375,-0.01758,-0.12179,0.34906,0.0041396,-0.24582,0.097696,0.069603,-0.62964,0.13746,-0.14618,0.21346,0.36096,0.17478,-0.09458,-0.040194,0.19709,-0.12301,0.21689,-0.11661,0.21187,0.47115,0.39903,0.21309,-0.024384,-0.50521,0.37648,0.049477,0.06222,0.078683,0.14544,0.026681,0.14063,-0.0085999,0.22826,0.29498,0.0041526,0.10901,-0.0025222,-0.13464,NaN
0.10243,0.095327,0.56276,0.71713,-0.74762,1.5073,-0.43889,1.0013,-0.2715,-0.72668,-0.2998,-0.80526,-0.28661,-0.31732,-1.2858,-1.2934,0.098914,-1.6349,-1.6593,0.4124,-4.4684,0.14396,-0.14289,-0.38085,0.58626,-0.25344,0.28079,1.1312,-0.1079,0.46375,-0.027936,0.03205,-0.67543,-0.70455,0.45849,-1.5751,0.52171,0.22581,-0.35849,-0.9972,0.27991,1.4324,0.25948,-0.95573,1.0741,1.0405,1.2301,-0.43889,-0.2917,2.1273,1.3301,-0.66427,0.64499,-1.5953,0.72098,0.024319,0.55633,0.61758,-0.35857,1.2913,0.20785,0.20879,0.27472,0.86307,-0.5539,-0.1821,-0.035252,0.45879,-0.79555,1.0714,0.41653,1.0863,0.64674,0.059063,1.0291,-0.038087,0.67383,0.44227,-1.2462,0.93851,0.33644,0.7086,0.5675,0.2578,0.43023,-0.94056,1.8163,-0.50613,0.91385,0.35263,0.16787,0.95047,0.086424,1.1312,0.40056,0.11361,0.86433,0.61024,-0.35034,1.4739,0.49634,1.452,0.37371,-1.1365,-3.3139,-1.0265,-3.5048,-4.125,-3.1863,0.67978,-0.80982,-0.93208,0.58975,0.94602,0.61542,0.024323,1.7565,1.507,0.15682,1.0861,-0.49514,0.17684,1.3791,-0.76777,1.5363,-0.3826,0.99999,-0.018023,0.086975,1.8337,0.34904,0.78166,0.27874,-0.71543,2.3993,0.43299,-0.22755,-0.79956,1.1968,-0.12269,0.37087,-0.44244,-0.86361,0.059544,-0.36035,0.56403,0.88918,-0.60759,-0.2134,-0.16074,-0.50929,-0.54711,1.4009,-1.8865,0.60956,0.92062,-0.47072,0.2725,-0.86506,0.13851,-0.53135,0.58571,-0.39451,-0.19487,-0.20446,0.80528,0.19862,-0.57573,-0.17841,-0.48895,0.96626,-0.37556,0.42076,-0.52613,0.075086,-0.13444,-0.81043,0.40734,-0.68694,-0.53548,-1.7642,-0.83576,-0.051529,0.1314,-0.60499,-0.22944,-0.29548,-1.2408,0.05059,-0.80496,-0.82542,-0.3768,-1.2245,0.51022,-0.8288,0.58049,NaN,NaN
0.32665,1.126,0.75659,-0.48186,-0.098295,1.2804,-0.12335,0.055248,1.2255,-0.72493,-0.42061,-0.20202,0.28077,-2.1173,0.44007,-1.3198,-1.3676,-0.36306,-0.64385,-0.53162,-1.5045,-0.07719,-0.55825,-1.4225,1.3587,0.99971,-0.45361,1.7261,-0.0013328,0.58832,-0.51644,0.76182,-0.12725,-0.91644,1.8673,0.42111,-0.67468,-0.41393,1.1888,-1.0335,-0.32742,0.29795,0.70654,-1.0857,1.1989,0.35964,0.13588,1.1304,-0.10467,1.0664,1.3486,-0.093334,0.50439,1.0723,-0.6835,0.5611,-0.29635,1.2813,0.85485,-0.60071,0.35349,0.57824,-1.2147,1.6499,-0.55728,0.39393,-0.11861,0.27112,1.2558,1.0329,-0.6025,0.55866,0.84121,-0.93866,0.40836,-0.0017646,0.77901,-0.14192,0.023255,0.72851,-0.54012,-1.0547,0.16327,0.80324,-0.71594,-0.36177,1.7129,-0.60032,0.17489,0.20497,0.13973,-0.1604,0.18524,0.31893,0.87859,-0.51538,1.3029,0.96491,-1.0922,1.5052,-0.03143,0.49286,1.3785,-1.5606,-2.2316,-0.67771,-5.1906,-3.0218,-3.076,-2.3051,-0.14845,-0.46213,-0.86988,0.88943,2.1864,-0.41099,1.9579,0.7544,0.92261,0.84305,-0.52832,1.0206,0.52354,-0.24688,1.0299,0.91319,-0.77212,0.96836,-0.16305,0.22476,-0.28051,1.1381,1.4744,-1.1504,1.4236,0.002651,0.82519,-0.090966,-0.014675,-0.23765,-0.10897,0.018644,-0.16535,0.47852,0.041962,-1.0761,1.8236,-0.94506,-0.396,-0.59547,-0.36097,-0.2269,0.093321,-0.67354,1.0667,-1.0533,0.24482,0.45681,-1.8196,0.65539,0.38299,-0.93742,0.05178,-0.064265,0.46597,-0.15648,-0.43721,-0.40385,0.63112,0.035246,0.61632,0.31593,-0.27878,-0.41954,-0.23123,-0.25738,0.043551,0.1274,-0.71393,0.38485,-1.4591,-1.6332,2.2465,-1.2716,-0.54286,0.36362,-0.78138,0.074108,-0.65945,-0.43648,-0.63979,-0.18959,-0.6442,0.64222,-2.1797,0.74976,NaN,NaN
-0.63047,0.76916,1.4816,-0.63948,-0.13462,-1.1465,-1.369,2.1179,0.76539,0.020835,0.24213,-1.0217,0.14324,-0.24384,1.3079,1.2748,0.40661,0.5815,-0.6683,-0.45201,-1.1419,0.68448,-0.358,0.40794,0.71479,0.19619,-1.8679,1.1835,-0.86429,-0.56399,-0.12478,-0.95334,-0.8379,0.59297,0.33473,0.94149,0.60865,-0.6032,-0.93946,0.65122,0.54968,1.1836,0.81871,0.82366,0.73636,1.126,-0.13658,1.8541,-1.0033,-0.17422,1.8079,0.42826,0.38835,0.59878,1.7828,0.46693,-0.2764,0.10854,0.46461,1.0126,0.4977,1.4613,0.23641,0.57409,0.80361,0.7752,0.80313,0.64087,1.2511,0.71225,0.6782,0.6925,0.61621,0.48938,-0.1621,-0.99576,-1.003,-0.76434,-1.1692,-0.99883,-0.87516,-1.0971,-0.23429,0.77023,0.10042,-0.13448,0.42302,0.12113,0.63184,-0.065656,-0.72251,0.10973,-0.19103,-0.53846,-1.5448,-1.5333,-0.43516,-1.1465,0.23642,-0.27275,-0.19162,-1.0368,-0.35445,-1.5252,-0.87337,-0.41025,-1.8357,-3.0074,-2.6942,-0.46967,-0.75689,-2.8437,-1.3854,-0.75131,-0.26048,-1.2875,-1.1744,-1.6438,-1.4086,-1.6298,-2.5577,-0.79053,0.54469,0.86579,-0.49711,-0.064066,-2.7642,-0.0077636,0.36145,-0.62806,-0.22382,-1.3642,-3.5173,0.094219,1.0726,-0.12913,0.64312,2.108,-0.69423,1.2293,0.0098791,-0.60594,0.21675,0.73336,0.69315,0.020668,0.19265,0.46886,1.269,0.80663,-0.34711,-0.13438,0.30445,0.60964,-0.493,-0.26672,-0.95531,1.2092,-0.70381,0.98454,0.30263,0.83133,1.3492,0.30492,0.72403,1.0614,0.80058,0.98846,0.84474,0.82982,0.19524,0.12693,-0.34084,-0.73037,-0.067953,-0.00060541,0.30018,1.8132,-0.15294,1.1111,-0.028654,0.18279,1.0681,2.3633,1.5669,0.27869,-0.063094,0.37516,-0.012653,-0.24346,-0.58619,0.50031,-0.4447,1.0142,1.0969,-1.6788,NaN,NaN
0.20386,1.2683,0.057905,-1.0551,0.13014,0.903,-0.081463,0.05721,0.74892,-0.35499,-0.081463,-0.56202,-0.081463,-0.49624,-1.1942,-0.43485,0.060613,-0.36504,-1.1492,-0.15376,-0.15383,-1.6753,-1.1195,-0.7589,0.070561,-0.081463,0.82869,1.0415,-0.0077887,-0.30225,0.21386,0.13909,0.43154,-0.081463,-0.7362,0.35918,1.1592,1.0657,0.34174,-2.2548,-0.58805,0.57465,0.27963,-0.081463,-0.44069,-0.0092438,0.27926,0.42094,0.98739,0.19924,0.47769,0.05721,0.95651,-0.21782,0.19179,0.93923,0.25384,1.0531,-0.27846,-1.0693,0.31935,0.51632,1.4332,0.56302,-0.65617,0.75559,0.74562,0.92451,1.344,-0.020733,-1.4164,-0.081463,0.78466,-0.6314,-0.14305,1.398,1.1861,-0.022184,0.45159,0.2712,-1.602,-1.8154,0.22513,0.71219,-0.92651,0.16295,1.0146,0.87764,0.56894,0.73865,0.78698,-0.31019,0.32013,0.94526,2.1107,-0.19044,0.95548,0.079857,2.0645,1.8961,1.892,2.0343,0.87352,-2.201,-2.6078,-4.2157,-5.2278,-3.2657,-0.99162,-0.081463,0.28743,0.65243,1.1289,1.822,-0.48673,0.96678,0.033277,0.49129,0.94107,0.086486,0.75626,-0.13665,0.19467,0.68865,-0.62551,-0.90398,-0.081463,0.19599,-0.081463,0.69233,1.0664,0.88646,0.97923,1.12,1.9725,1.714,0.015773,-0.51841,0.016251,-0.32541,-0.17938,-0.32661,0.41057,-0.081463,-0.081463,-0.081463,0.89568,-0.12964,-1.0939,-1.696,-0.58237,0.77625,0.61628,0.11591,-0.5735,-0.4779,0.26741,0.51361,-0.13063,-0.5735,-0.4779,-0.3805,-0.031409,0.16863,0.11789,-0.52873,-0.68168,-0.031009,0.17062,0.67206,0.26641,-0.47705,0.11746,0.1169,-0.27926,-0.62695,-0.63127,-1.0387,-1.3586,-1.8509,-2.2709,-0.35716,-0.19218,-0.19236,0.69604,-0.026542,-0.74,-1.3003,-0.81456,-0.30944,-0.48173,-0.94415,-0.955,-0.43533,0.21493,0.39076,0.91523,NaN
2.1292,-1.3543,2.1129,0.025415,0.71203,0.70592,0.69984,0.69378,0.68775,-0.00074728,1.3586,-0.68921,2.0244,1.3346,-0.024065,0.64627,-0.70389,2.6519,0.62744,-0.045783,0.61741,-0.053275,2.5992,-0.063881,-0.06704,0.58916,-1.3903,1.2398,-0.080617,-0.73856,-0.08579,1.8705,-0.7461,-0.74746,0.55059,-0.75153,-0.1052,-1.4016,-2.0482,-2.0482,0.53709,-1.4032,0.5304,-0.76158,-1.4056,-0.12125,-2.0482,-0.76556,0.51446,-0.13016,1.782,0.49742,-0.14289,0.48834,-0.78253,-1.416,1.7431,0.47164,0.46655,-0.16595,0.45769,0.45265,2.3195,-1.4264,-0.18381,-1.4277,-0.18753,-0.80962,-0.81085,2.2783,1.0314,-0.20499,0.40579,0.40096,2.2294,0.99677,1.5968,0.98046,0.36884,0.96725,0.35832,0.35368,-0.84959,-0.252,0.94117,1.1428,-0.3646,-0.093587,-0.20343,-0.069927,0.20487,-0.0058019,0.51535,1.0276,1.372,0.92387,1.4713,-1.0704,0.74908,-1.2359,0.13211,0.77663,1.0763,0.4175,-0.20834,-1.6176,-1.1357,-2.1744,0.36644,0.50488,0.58534,0.53417,-0.92184,-0.86602,-1.1908,-0.72609,0.35516,1.2387,-1.1172,-0.83599,-3.4452,-1.4956,-1.7551,-1.8285,-1.2594,-0.74189,-1.0976,-1.2276,-0.91362,-1.3804,-0.25904,-0.9617,0.52584,0.24131,-0.7049,-0.52817,0.44318,0.84891,0.83664,1.5095,-0.63802,0.086693,0.1105,0.72639,0.49042,-0.98897,0.28125,0.266,-0.27637,0.36697,-0.58567,-0.701,0.18391,0.0828,-0.51328,0.11957,0.86757,0.14288,-1.1926,-1.8291,-0.83532,-0.19061,0.16374,0.34071,-0.29049,-0.70129,0.070635,0.13049,-0.29563,-0.64601,-0.14737,0.33868,0.53876,-0.4406,-0.62049,-1.0087,-0.35191,0.19308,-1.1169,-1.0448,0.09726,-0.030896,0.5043,1.0261,-0.60505,0.098589,-0.12096,-0.56525,0.3658,0.39181,0.18793,-0.12695,1.595,1.4677,-1.1882,0.37346,0.47472,NaN
1.1949,0.077775,0.63594,-0.93464,-0.42555,-0.82381,0.81303,-0.28115,1.102,-0.014245,0.29152,-0.76872,1.9457,0.11001,-0.46705,0.28921,-1.1282,0.99252,1.242,-0.87547,-7.2638,6.014,0.62379,-1.2646,-1.1318,0.49762,-0.16878,1.6224,-0.13838,0.19535,0.46777,0.5238,0.10284,-0.54212,-0.47166,-0.68643,-1.1973,-0.20086,0.046388,-0.34632,-0.0048271,-0.89211,0.85328,-0.54072,-0.38873,-0.10798,-0.33269,-0.14649,0.91671,0.47918,0.48713,1.0883,0.13044,0.61452,0.22874,-0.72063,0.42074,0.26757,0.18416,-0.025091,1.5314,0.39144,1.0839,-0.16273,1.0402,-0.82515,0.069455,-0.45326,0.91319,1.3023,0.99126,-0.17017,0.29876,-0.0063107,1.0416,1.1469,0.57338,1.0241,-0.27669,0.66147,0.31509,0.058691,-1.0872,0.50645,2.5213,1.0087,-0.6436,-0.49177,-0.37301,0.14765,0.047392,0.27275,1.3735,1.0851,0.2176,1.0639,0.66095,-0.26361,0.86775,-0.21449,0.50813,0.54684,-0.06183,-0.24389,-0.19247,-1.5891,-1.5574,-1.7794,-1.1663,-0.44761,-0.20579,1.2164,-0.41055,-0.085909,-1.3156,-0.24542,0.40285,1.5397,-0.6074,-1.0042,-0.5148,-0.6302,-0.0069728,-1.2033,-0.23788,-0.39491,-0.90361,-0.48985,-1.0183,-0.76005,-0.39899,-1.4734,-0.038977,0.30938,0.028527,1.1049,1.0063,-0.073047,0.29256,0.69718,-0.75158,-0.061007,0.21107,-0.30847,1.3805,-0.070796,0.53208,0.30684,-0.2185,-0.18996,-0.3619,-0.90355,-0.25373,1.0736,-0.43761,-0.84687,0.99348,-0.1738,-0.35391,-0.8206,-0.35588,0.15697,-0.58592,-0.22181,-0.32185,0.37542,0.0578,-0.63099,-0.082953,-0.69158,0.55945,0.41881,0.2205,-0.18105,-0.1147,-0.95078,-0.23357,-0.49656,-0.7297,-1.3393,-0.97203,-0.11241,0.62875,0.15262,-0.23454,0.06164,-0.57351,-0.62222,0.33428,-0.86335,0.033959,-0.77882,1.3362,0.33072,-0.83939,0.29797,0.20973,NaN
0.63173,0.76453,1.2877,-1.1452,-0.34803,0.82736,0.4167,-0.78311,1.3192,-0.072015,-0.084062,-0.10723,1.3693,-0.082915,-0.69342,0.16008,0.5623,0.17266,-0.84772,-0.72658,-2.2304,0.99206,-1.0239,-1.1949,-0.37911,0.072628,0.59407,1.3093,-0.33305,-0.11498,0.26048,0.18774,0.088264,0.1628,-0.24467,-0.33163,0.52152,1.2079,0.42742,-1.5129,-1.2516,-0.20011,0.56075,0.76586,0.61196,-0.85889,-0.22617,0.33638,0.98595,0.39365,0.10129,0.099883,0.88077,0.80212,-0.089398,-0.32461,0.20072,1.0924,0.86295,-0.40579,-0.39568,0.6599,0.68671,0.63648,-0.28632,-0.43462,1.2729,1.229,3.8143,-0.029141,-1.7749,-0.61485,1.349,-0.50555,0.062728,1.2361,0.33584,0.39286,0.94289,0.76498,-1.8619,-1.9532,-0.58689,1.2059,0.74187,0.83518,0.9227,0.19819,0.60362,0.2519,-0.015392,-0.30543,1.0995,0.6419,1.6323,0.55043,0.50435,0.31195,0.73463,0.41013,1.3418,2.539,1.2956,-1.0937,-0.24276,-3.2614,-6.0034,-3.2389,-0.42176,0.31016,-1.1389,-0.016619,-0.078879,2.0794,-0.92983,0.54371,0.064458,0.73393,0.37193,-0.45524,0.13269,-0.64534,-0.17858,-0.77468,-0.51153,-0.45623,-0.14734,-0.046661,-0.27762,0.38382,0.051123,0.40697,0.34037,0.57041,1.0623,1.3363,0.80447,-0.5528,0.19273,0.35686,0.04582,-0.42427,-0.049576,-0.62538,0.65781,0.33396,0.37153,-0.095327,-1.0413,-0.81613,-0.5509,0.87206,0.77864,0.65099,-1.2266,-0.75388,0.0087535,1.0886,-1.098,-1.2162,-0.20338,0.31528,-0.23987,-0.048975,-0.19323,-0.094019,-0.40244,0.082285,0.011787,-0.40364,0.22154,0.14651,0.31251,-0.058412,-0.14922,-0.81268,-0.34223,-0.62458,-1.3852,-1.7755,-2.893,0.07416,0.31804,-0.4096,0.71834,0.3676,-0.26206,-0.80383,-0.97438,-0.35599,-0.12608,-1.1017,-0.1945,-1.1357,-0.41185,0.72465,0.07089,NaN
0.7681,-0.52913,-0.62765,-0.84112,-0.84112,0.52179,-0.44703,0.2098,0.34117,0.16054,0.65316,-1.1203,2.6072,-0.66049,0.094856,0.16054,0.029174,-0.59481,-0.41418,0.32475,-0.77544,0.062015,1.4414,0.52179,-0.20072,2.0489,-1.5308,-0.31566,0.81737,0.73526,-0.28282,-0.66049,1.819,-0.020088,-0.41418,2.0982,-1.3994,0.80094,-1.5472,0.80094,0.57106,0.70242,0.2098,1.3757,-0.036509,0.88305,-1.4979,1.1786,-0.52913,0.27548,1.6877,0.11128,1.3592,-2.0891,1.5563,-0.87396,-0.20072,0.96515,-0.24998,0.094856,0.98157,-0.36492,-0.80828,1.4906,-1.0217,1.5727,0.45611,0.30833,0.7681,-1.4815,0.83379,-1.5636,1.5563,-1.1203,-0.33208,-1.9249,-1.4815,-0.57839,-1.6622,-0.62765,-1.0546,-1.3502,-0.52913,1.7369,-0.15145,-0.41418,0.012753,-2.0234,0.42327,-1.3666,-0.70976,-0.61123,-0.93965,-1.0874,0.57106,-1.186,-0.85754,-1.2681,-0.72618,0.71884,-0.16787,3.0834,-4.2074,-0.98891,-0.95607,-0.95607,-1.7607,-1.1367,-0.10219,0.25906,-0.69334,0.17696,0.62032,0.78452,-0.05293,0.39043,-0.06935,-0.38134,0.70242,0.71884,-0.41418,0.27548,0.65316,-0.77544,-0.97249,0.24264,-0.085771,0.062015,-0.23356,-0.036509,0.078436,1.2279,-0.87396,-0.51271,0.71884,0.012753,0.65316,0.34117,-0.20072,0.47253,-0.56197,1.0473,0.62032,-0.10219,0.34117,0.34117,1.0965,-0.77544,1.0308,-0.23356,0.86663,-0.085771,1.507,-0.38134,0.62032,0.17696,-0.11861,0.75168,-0.59481,1.4085,0.062015,-1.0217,0.62032,-0.59481,1.1622,0.30833,0.22622,-0.4306,-0.15145,0.55463,0.80094,0.078436,-1.1531,0.17696,0.66958,-0.085771,0.32475,1.0473,-0.77544,-0.0036676,0.094856,0.71884,-0.66049,1.8026,1.4906,1.1622,-3.1072,0.43969,-0.56197,0.80094,1.8683,-1.3502,-0.16787,-0.38134,-1.3502,0.91589,0.14412,NaN
-0.49184,0.069313,0.069313,0.81751,-0.30479,-0.30479,-0.49184,-1.053,0.25636,-0.86594,-0.30479,-0.86594,-1.4271,-1.24,-0.86594,-0.67889,-1.24,-1.24,-1.053,-0.49184,-0.67889,-0.86594,-0.86594,-0.11774,0.63046,-0.11774,1.0046,0.63046,0.44341,1.3787,-0.30479,0.069313,0.25636,-0.49184,0.81751,-0.49184,0.81751,0.63046,-0.11774,-1.053,0.25636,0.25636,0.63046,-0.11774,1.0046,0.25636,1.1916,0.069313,0.44341,0.81751,-0.49184,0.63046,1.3787,-1.053,1.1916,0.069313,0.25636,1.3787,0.25636,1.1916,0.63046,0.81751,-0.30479,0.069313,0.25636,0.44341,-0.67889,0.25636,-3.1105,1.7528,1.3787,0.81751,0.069313,-0.11774,0.25636,0.44341,-0.30479,0.25636,-0.11774,0.25636,-0.49184,-0.30479,-0.30479,1.1916,-0.86594,1.1916,0.069313,0.81751,-0.11774,-0.30479,-0.11774,0.25636,0.44341,-0.67889,0.81751,0.069313,-0.30479,-0.30479,-0.11774,-1.053,-0.49184,-0.11774,-0.86594,-2.1753,-6.2904,1.1916,-1.6141,-4.2328,-3.1105,-0.86594,-2.1753,-1.053,-1.24,-0.49184,1.3787,1.5657,1.1916,0.63046,0.81751,0.63046,1.9398,0.81751,1.1916,0.81751,2.501,0.63046,1.0046,0.81751,0.63046,-0.11774,0.25636,1.3787,0.069313,-0.49184,1.1916,-0.49184,0.25636,0.25636,0.63046,0.63046,-0.11774,0.81751,-0.49184,0.44341,0.81751,0.069313,-1.24,1.0046,0.069313,-0.11774,0.069313,-0.86594,0.069313,0.069313,0.63046,0.25636,-0.11774,0.63046,0.069313,-0.11774,-0.11774,0.25636,-0.67889,1.0046,0.63046,-0.11774,0.63046,0.25636,-0.86594,1.1916,1.0046,0.069313,0.63046,0.44341,-0.11774,-0.30479,0.25636,-0.11774,1.1916,-0.49184,-1.053,-0.49184,-0.67889,-0.67889,-0.49184,-0.30479,0.63046,0.069313,-0.49184,-0.11774,-1.053,-0.49184,0.81751,-0.30479,-1.4271,1.0046,-0.67889,NaN
0.0035972,0.55806,0.22234,0.6009,0.5388,1.1028,-0.24931,0.74047,-0.38065,0.52487,0.61214,-0.57087,-0.1141,-1.2959,-1.1966,-0.6417,-0.73536,-1.6888,-1.5832,-0.6145,-1.3333,-3.068,-2.3071,-1.5775,-0.54641,-1.195,-1.035,-0.5848,0.12424,-0.02098,0.53225,-0.20829,0.81139,-0.10127,-0.13876,0.60675,-0.25524,0.9228,-0.34816,-0.25924,-1.1529,-0.86217,-0.81137,-1.4092,0.23222,0.49375,-0.10302,-0.012943,-0.21996,1.0827,0.98468,0.71457,0.63707,1.3415,1.2426,0.9488,-0.33023,0.66981,1.4964,-0.073823,1.1852,0.80152,0.64711,0.35211,-0.28982,-0.36895,-1.1371,0.19018,0.61117,0.72109,0.78482,1.2997,0.83333,0.15475,1.2407,0.6948,1.4388,1.1822,0.24772,0.84479,0.24011,0.10676,0.28131,-0.31674,0.23609,0.3189,-0.10148,0.47558,0.71871,0.49161,-0.19603,0.29379,0.54279,0.16951,0.68997,0.74324,1.3665,0.33282,-0.45663,0.56977,-0.15555,0.87478,0.76255,-0.30386,-1.3593,-2.1134,-2.7849,-3.9921,-2.4296,-3.0172,-2.7824,-2.4599,-2.5342,-2.4416,-2.2656,-2.8356,-1.0676,0.54973,0.69968,-0.54613,-0.17575,0.54072,0.70456,0.35864,-0.20478,1.0372,1.0286,1.0012,1.6696,1.3324,0.76908,1.6312,0.87246,0.60209,1.8403,1.1479,1.3988,0.54259,0.13401,0.56677,-0.90757,0.87894,0.41292,0.52217,0.35282,1.0483,0.34263,0.31392,0.25076,0.126,0.80043,0.55067,0.65281,-0.17749,0.26155,0.012898,1.1151,-0.32903,-0.60006,-0.04379,-0.72607,-0.4338,0.13195,0.43264,0.38682,0.68276,0.62337,0.46938,0.46777,0.33298,0.19207,0.30141,0.29712,-0.27423,0.25457,0.023426,-0.20547,-0.016605,0.050324,-0.13877,-0.56985,0.15888,-0.24605,0.18905,-0.27825,0.85544,-0.58011,-0.45736,0.11796,-0.77078,-0.67188,-0.37708,-0.51256,-0.56536,0.17571,-0.1592,NaN,NaN
0.14638,0.43542,0.4331,-0.14382,0.14348,-0.28719,-0.28733,-0.43113,0.71982,-0.28691,-0.14382,-0.43027,0.1432,-0.28705,-0.43056,-0.28748,-0.57522,-0.43229,-0.72191,-0.43403,0.14697,-1.1596,-0.87451,-0.43759,-0.29101,-0.4385,0.29909,0.44492,-0.14382,-0.14382,0.29593,0.14845,0.2937,-0.28922,0.0017209,-0.43462,0.29325,0.72768,0.14493,-0.28791,0.00040573,-0.432,-0.2882,-0.14382,0.43426,0.14406,0.57444,0.28499,0.85377,0.84689,0.98066,0.83246,0.41029,-1.1098,0.55082,-0.83513,0.41189,0.68654,0.26897,-0.0066198,0.95277,-0.0077892,0.80752,0.53124,-0.41259,-0.14382,-0.0091916,-0.41284,1.069,0.92522,-1.0723,-0.010318,0.92324,-0.011425,0.12073,0.91245,0.90474,0.89714,0.37291,0.49978,-0.65641,-0.52964,0.37199,0.75562,0.49463,1.0003,0.86515,0.48239,0.23027,0.47805,-0.019985,0.10364,0.35025,0.96404,1.1999,0.58231,1.542,1.1654,2.215,0.5524,0.31808,1.3526,2.0207,-2.5006,-1.2848,-3.1342,-4.7248,-3.2984,0.8486,-0.51343,-1.132,0.60243,0.47484,1.3346,-0.63161,0.71271,-0.3871,-0.14382,1.0746,0.82272,1.0563,-0.61989,0.93089,1.397,0.55978,-1.1941,-0.37894,1.0337,0.67372,1.0175,2.045,0.87741,1.6589,1.7478,1.9429,1.047,0.393,0.070105,-0.67785,0.4994,0.60326,-3.0105,-0.035489,-0.79335,0.29116,0.50668,0.93546,0.49892,-0.89035,-2.6095,0.40156,1.1601,1.0407,-0.037019,-0.99763,-0.35855,0.3938,0.92742,-0.88814,-0.9989,-0.8965,-0.25192,-0.36017,-0.90218,0.40073,-1.0118,0.074494,0.40114,0.2905,0.93872,1.1455,-1.6347,0.071386,-0.89594,-0.035815,-0.89933,-0.68632,-1.4508,-1.4628,-1.475,-2.6071,-0.37167,-0.14382,-1.0566,0.54516,-0.60096,-0.71706,-2.2157,-0.96136,-0.4962,-1.2036,-1.6859,-1.4628,-0.74894,-0.26536,0.586,1.4295,NaN
NaN,NaN,NaN,NaN,NaN,NaN,NaN,NaN,NaN,NaN,NaN,NaN,NaN,NaN,NaN,NaN,NaN,NaN,-1.4456,-1.0862,-1.3918,-1.5443,-2.0052,-1.2067,-0.44353,0.36454,0.39994,0.83291,0.33867,0.065683,-0.66819,0.020071,-0.10996,-0.79957,-0.27062,-0.37886,0.011221,-0.78187,-0.10042,-1.5273,0.5252,1.1699,0.77504,0.51703,0.84584,1.963,1.7717,1.3217,1.6696,1.9766,1.6825,2.1141,1.9746,1.3006,1.8404,0.49593,1.3905,1.1297,0.50137,0.9289,0.51771,0.62596,1.1127,0.024156,-0.87582,-0.0098825,1.078,1.0739,0.61098,0.27944,0.68518,1.0181,0.65046,0.88124,1.7186,0.71718,0.72603,1.2632,0.58647,0.25698,0.47687,0.73352,1.0194,0.8261,-0.041198,1.127,0.37135,-0.27266,0.13376,1.1161,1.2414,1.016,0.45917,1.2169,1.2209,0.044579,-0.057536,-1.0447,-1.5321,-0.74511,-0.81251,-1.0909,-0.89692,-0.59534,-1.0909,-2.3007,-2.0828,-2.2707,-2.3558,-2.8916,-2.8167,-1.8432,-0.96296,-1.1883,-0.5368,0.3305,0.88397,1.7145,1.1992,-0.18688,0.46666,0.90779,0.81589,1.3408,0.67633,0.82678,-0.17735,0.15554,0.13308,0.51431,-1.0555,0.26379,0.069087,0.242,0.32165,0.7907,0.13376,-0.86833,-0.95275,-0.79277,-0.82885,-0.90645,-0.22637,0.26038,0.16303,0.59056,0.55652,0.026198,0.37952,-0.35435,-0.34074,-0.70495,-0.997,-0.80434,-0.61781,-0.92143,-1.1747,-0.022136,-0.10179,-0.19233,-0.69065,-0.11744,-0.20799,0.16303,-0.018732,-0.22024,-0.42039,-0.31623,0.17529,-0.24066,-0.18961,-0.22296,0.56401,0.69335,0.84925,0.63072,1.4449,-0.0064786,0.23996,-0.71856,0.11878,-0.016009,-0.11744,-0.50208,-0.38975,-0.68044,-0.47689,-1.4116,-1.4163,-1.3176,-1.2257,-0.96364,-1.8595,-1.6737,-0.49867,0.10993,-1.1549,-0.13174
-1.4122,2.0972,1.0254,-0.80269,0.74887,0.066891,-0.34448,0.93162,1.6608,-0.61411,-0.27796,0.88621,-0.51288,-0.11049,-0.78505,-0.45448,0.56393,-0.47404,0.042821,0.91866,-3.0784,5.9698,-1.8248,-0.9511,0.35648,0.62034,-0.61674,0.88813,-1.585,0.79189,1.0687,-0.1154,-1.7792,0.5663,0.33726,1.1816,-0.24601,-1.8075,0.76463,1.1762,0.084161,1.0949,0.89652,1.9387,-1.4194,0.15783,1.2665,-0.28741,0.6533,0.032755,0.66695,-0.27794,0.94158,-1.6335,1.3147,0.057181,1.5328,-0.093205,-0.1054,1.1819,-0.53117,0.43819,0.16838,1.6451,-1.8357,2.2832,1.1994,-1.4698,-1.5465,0.19843,0.96885,0.62177,0.5027,0.40723,0.041094,0.0040616,-0.19844,-0.26772,0.76554,-1.1084,0.89998,0.78338,-0.055657,0.83505,-0.29923,-0.321,-0.2914,0.067358,-0.18696,-0.64729,0.10622,0.40564,-0.52342,-0.82857,0.19211,-0.70784,-0.77488,-1.284,-0.021252,-0.054262,-0.37352,-0.86856,-1.6059,-0.56122,-2.2834,-1.6994,-1.0164,-1.9797,0.65745,-1.5339,-1.157,-0.92243,-0.36459,-0.7799,0.38975,2.2499,-3.2807,0.013816,-0.535,0.83757,-0.90831,0.31153,0.83178,-0.15534,0.2771,0.040189,-0.32973,0.77873,-0.16726,0.8327,0.52542,-0.19967,-0.10465,-0.26391,0.3014,-0.62839,-0.64691,-0.00079953,0.26419,-0.64367,0.19417,0.26053,-0.84936,-0.57775,0.66001,0.63944,-0.84176,-0.11213,-0.47849,-0.75348,0.3317,-0.91862,0.49899,-0.94614,0.21235,0.1279,0.18311,-0.12938,-0.20682,-0.5069,0.17209,0.022193,-0.29002,-0.56293,0.72718,0.036358,0.80792,-0.11599,-1.8888,1.2721,0.69497,0.13158,-0.27691,0.68352,-0.29543,1.2261,-0.24259,0.67142,0.65166,-0.051979,-0.33078,-0.40646,0.3051,0.24927,0.99108,-0.28942,0.086053,0.36591,0.16198,-0.29118,0.24344,0.12713,-0.55366,0.19235,-0.67439,1.7158,0.19251,NaN
0.41604,0.64025,0.95678,0.33691,0.59409,-0.15107,-0.012589,0.8183,0.040165,-0.20382,0.14567,-0.83688,-2.736,-2.2613,-1.6941,-1.0347,-1.1007,-0.78413,-1.1534,-1.5161,-0.86326,-1.8788,-1.4897,-1.0479,0.36988,0.40285,0.48858,0.50836,0.3435,1.0227,0.066543,-0.40825,-0.032372,-0.82369,0.16546,0.15227,0.040165,-0.42803,-0.5797,-0.76434,-0.36209,-0.078532,0.18524,1.0161,1.0425,1.5437,1.4514,1.425,2.058,1.5107,1.6294,1.8074,1.5898,1.6953,1.9657,1.3327,0.96997,1.4514,0.94359,1.359,0.56112,1.0689,0.67322,1.3458,0.29075,-0.40825,0.21162,0.41604,0.14567,-0.0059948,0.35669,0.52815,0.033571,0.68641,0.64684,0.61387,0.58749,0.44901,-0.058749,0.50177,-0.37528,-0.17085,-0.025778,-0.44122,0.17205,-0.091721,-0.13788,-0.12469,-0.078532,0.8183,0.12589,-0.35549,0.17205,0.19183,0.1193,-0.67862,-1.5359,-1.6546,-1.2919,-1.7205,-1.3842,-1.4304,-1.3908,-1.4831,-0.19064,-2.802,-3.0196,-2.802,-2.3734,-2.9207,-2.591,-1.9843,-1.7997,-0.30274,-0.76434,0.25778,0.66003,0.50836,0.6996,0.76554,0.52815,0.60728,0.62047,0.74576,1.1414,0.67322,0.17205,-0.085127,-0.052155,-0.30933,0.94359,0.693,0.75895,1.5964,2.091,0.54793,0.086326,-0.34231,0.12589,-1.615,-1.0611,0.073137,-0.065344,-0.16426,0.16546,0.38966,0.28416,0.079731,-0.36209,-1.1402,-1.1864,-0.50716,-0.36868,-0.42144,-1.0413,-0.18404,-0.40165,-0.63246,-0.10491,-0.22361,-0.28296,0.52155,0.64684,0.17205,0.98975,0.51496,-0.091721,-0.12469,0.72598,-0.085127,0.66663,0.88424,0.95018,0.62047,0.9304,1.0887,1.0821,0.80511,1.8932,1.0293,0.60728,0.53474,0.38307,0.38966,0.21162,0.21162,-0.27636,-0.098315,-0.55992,-0.71159,-0.6984,-0.99514,-0.55332,-0.50716,0.49517,-0.42803,-0.44122,-0.012589
NaN,NaN,-0.27264,NaN,NaN,2.3687,NaN,NaN,-0.54599,NaN,NaN,0.17692,NaN,NaN,-1.1918,NaN,NaN,0.11515,NaN,NaN,-1.2431,NaN,NaN,-0.29312,NaN,NaN,0.75436,NaN,NaN,0.15004,NaN,NaN,0.045556,NaN,NaN,-0.63811,NaN,NaN,0.096348,NaN,NaN,0.7657,NaN,NaN,2.0086,NaN,NaN,1.1636,NaN,NaN,0.18859,NaN,NaN,0.44582,NaN,NaN,0.73496,NaN,NaN,0.66211,NaN,NaN,0.99341,NaN,NaN,0.1023,NaN,NaN,0.62209,NaN,NaN,0.18189,NaN,NaN,1.2178,NaN,NaN,-0.25885,NaN,NaN,-0.59671,NaN,NaN,0.52765,NaN,NaN,-0.64045,NaN,NaN,0.49912,NaN,NaN,0.34751,NaN,NaN,-0.16555,NaN,NaN,-1.8201,NaN,NaN,0.060553,NaN,NaN,-1.5017,NaN,NaN,-4.0139,NaN,NaN,-2.9109,NaN,NaN,-0.95495,NaN,NaN,-0.2142,NaN,NaN,0.83173,NaN,NaN,-0.042919,NaN,NaN,0.82882,NaN,NaN,0.3522,NaN,NaN,0.27777,NaN,NaN,-1.3539,NaN,NaN,0.43768,NaN,NaN,-0.40218,NaN,NaN,1.0934,NaN,NaN,0.33177,NaN,NaN,0.012862,NaN,NaN,-0.54749,NaN,NaN,-0.70305,NaN,NaN,0.024088,NaN,NaN,-0.29252,NaN,NaN,0.45241,NaN,NaN,0.78924,NaN,NaN,-1.1097,NaN,NaN,1.0879,NaN,NaN,0.97059,NaN,NaN,0.089331,NaN,NaN,-0.48229,NaN,NaN,0.8289,NaN,NaN,0.053918,NaN,NaN,-0.1849,NaN,NaN,-0.31034,NaN,NaN,NaN
NaN,NaN,2.9498,NaN,NaN,-1.5225,NaN,NaN,1.2493,NaN,NaN,-0.59594,NaN,NaN,1.8375,NaN,NaN,-1.2696,NaN,NaN,-0.58613,NaN,NaN,-0.53969,NaN,NaN,-1.496,NaN,NaN,0.33022,NaN,NaN,-0.48188,NaN,NaN,0.039342,NaN,NaN,-0.54509,NaN,NaN,0.020459,NaN,NaN,-0.76119,NaN,NaN,0.0090294,NaN,NaN,-0.35993,NaN,NaN,0.44992,NaN,NaN,0.77051,NaN,NaN,-0.18984,NaN,NaN,-0.51782,NaN,NaN,0.21194,NaN,NaN,0.086988,NaN,NaN,0.15884,NaN,NaN,0.85276,NaN,NaN,-0.18845,NaN,NaN,0.15181,NaN,NaN,0.46584,NaN,NaN,1.5343,NaN,NaN,-0.76756,NaN,NaN,-0.86471,NaN,NaN,0.21216,NaN,NaN,1.2512,NaN,NaN,-0.93122,NaN,NaN,0.1777,NaN,NaN,1.0354,NaN,NaN,-2.5488,NaN,NaN,0.11529,NaN,NaN,-0.82615,NaN,NaN,-0.69826,NaN,NaN,-1.1537,NaN,NaN,0.32174,NaN,NaN,-0.31365,NaN,NaN,-0.24334,NaN,NaN,1.7641,NaN,NaN,-0.92045,NaN,NaN,0.33323,NaN,NaN,-1.6969,NaN,NaN,1.3775,NaN,NaN,-0.29295,NaN,NaN,-0.077277,NaN,NaN,2.159,NaN,NaN,-1.9503,NaN,NaN,0.87433,NaN,NaN,-0.36126,NaN,NaN,-0.48371,NaN,NaN,1.4561,NaN,NaN,-0.92868,NaN,NaN,-0.25005,NaN,NaN,0.78553,NaN,NaN,0.21388,NaN,NaN,0.08934,NaN,NaN,-0.20663,NaN,NaN,0.72193,NaN,NaN,0.56279,NaN,NaN,NaN
