0.77538,0.91055,-0.096195,-0.06864,-0.048978,0.3284,0.37909,0.22336,0.1316,0.077535,0.47782,-3.0944,-1.4701,0.080225,-0.004378,-0.11655,-0.11969,1.7651,0.59969,0.20374,0.5879,0.0012959,0.18427,0.40097,-1.2818,0.04377,-0.75615,-0.17311,0.68231,-0.098598,0.14417,-0.86979,-0.015145,2.1004,1.097,0.42007,0.50522,-0.60184,-0.07733,-0.055866,-3.4557e-05,-1.7684,-0.030971,0.0099233,-0.1987,-0.4143,-0.04143,-0.004143,0.99406,-0.84517,2.5498,0.25498,0.025498
1.711,0.77538,0.91055,-0.096195,-0.06864,0.31864,0.3284,0.37909,0.22336,0.1316,0.62224,0.47782,-3.0944,-1.4701,0.080225,-0.12456,-0.11655,-0.11969,1.7651,0.59969,-0.07948,-0.00076942,0.32551,-2.1178,0.43006,0.81188,0.39665,0.023931,0.14138,-0.36156,0.69678,0.36801,0.78447,-1.4175,-0.13809,0.29745,-0.93817,-0.247,0.26955,-0.010893,-2.3028e-05,1.5382,-0.043999,0.12493,0.0099233,-0.1987,-0.4143,-0.04143,-0.97524,0.99406,-0.84517,2.5498,0.25498
2.3178,1.711,0.77538,0.91055,-0.096195,0.37427,0.31864,0.3284,0.37909,0.22336,0.81758,0.62224,0.47782,-3.0944,-1.4701,-0.0022614,-0.12456,-0.11655,-0.11969,1.7651,1.1715,0.00082918,0.73283,0.61382,-0.072632,-0.18808,-1.4409,0.075323,-0.046276,-0.057058,0.1739,0.94557,-0.59687,2.0268,0.34351,0.65484,-1.1717,-0.36349,-0.17453,-0.17145,-2.0621e-05,0.28174,0.072472,0.14576,0.12493,0.0099233,-0.1987,-0.4143,0.96763,-0.97524,0.99406,-0.84517,2.5498
0.18799,2.3178,1.711,0.77538,0.91055,0.34376,0.37427,0.31864,0.3284,0.37909,-1.5967,0.81758,0.62224,0.47782,-3.0944,0.010074,-0.0022614,-0.12456,-0.11655,-0.11969,0.90982,-0.0015208,-0.80354,0.29332,-0.92021,-1.1765,0.5878,0.70173,0.50256,0.61553,-0.63072,-0.19386,-1.1079,0.018511,-0.95825,-1.1963,-0.22724,0.49968,0.14679,-0.19283,-2.6381e-05,0.011219,0.031939,0.50726,0.14576,0.12493,0.0099233,-0.1987,-1.1598,0.96763,-0.97524,0.99406,-0.84517
0.64018,0.18799,2.3178,1.711,0.77538,0.29449,0.34376,0.37427,0.31864,0.3284,0.16603,-1.5967,0.81758,0.62224,0.47782,-0.047188,0.010074,-0.0022614,-0.12456,-0.11655,0.56758,0.0033712,-0.16798,-0.82919,-0.3341,1.2634,-0.51948,0.077102,0.1875,-0.92058,-0.26285,-0.26507,-0.050795,0.68824,-0.50624,-0.52272,-0.96768,-0.43444,0.41397,-0.023535,-4.2591e-05,0.57479,0.20746,0.069214,0.50726,0.14576,0.12493,0.0099233,0.99789,-1.1598,0.96763,-0.97524,0.99406
0.9273,0.64018,0.18799,2.3178,1.711,-0.033763,0.29449,0.34376,0.37427,0.31864,-0.34793,0.16603,-1.5967,0.81758,0.62224,-0.10576,-0.047188,0.010074,-0.0022614,-0.12456,-0.66656,-0.0077904,1.0672,3.3849,0.4157,0.07956,-0.14007,-0.2433,0.10219,1.2384,1.0058,-1.1623,0.64077,0.67151,-0.94069,0.57411,0.57105,-0.59259,0.77245,-0.52898,-7.5671e-05,0.12423,-0.36799,0.11191,0.069214,0.50726,0.14576,0.12493,-1.0449,0.99789,-1.1598,0.96763,-0.97524
-0.17286,0.9273,0.64018,0.18799,2.3178,0.11873,-0.033763,0.29449,0.34376,0.37427,-0.40187,-0.34793,0.16603,-1.5967,0.81758,-0.01953,-0.10576,-0.047188,0.010074,-0.0022614,0.53283,0.018146,0.40254,-2.979,-0.28815,-0.067,-0.64914,-0.27554,0.4511,-0.40322,-0.10083,-1.2285,-0.032537,0.7062,0.83476,0.46378,-0.27156,-0.5174,-0.30576,-0.24225,-0.00013872,-0.10985,-0.05573,-0.30705,0.11191,0.069214,0.50726,0.14576,1.0866,-1.0449,0.99789,-1.1598,0.96763
0.29045,-0.17286,0.9273,0.64018,0.18799,0.35145,0.11873,-0.033763,0.29449,0.34376,0.39321,-0.40187,-0.34793,0.16603,-1.5967,-0.046291,-0.01953,-0.10576,-0.047188,0.010074,-0.38001,-0.042328,-0.64205,-0.14477,-0.41072,0.59996,0.50502,-0.56954,0.34402,0.93246,-5.3941e-05,1.9649,-0.024807,0.68297,-0.31778,-0.86216,0.02659,-1.0576,0.76404,-0.50678,-0.00025672,0.68538,0.48047,0.0043616,-0.30705,0.11191,0.069214,0.50726,-0.98823,1.0866,-1.0449,0.99789,-1.1598
1.1701,0.29045,-0.17286,0.9273,0.64018,-0.042166,0.35145,0.11873,-0.033763,0.29449,1.5175,0.39321,-0.40187,-0.34793,0.16603,0.015876,-0.046291,-0.01953,-0.10576,-0.047188,-0.00073361,0.098764,0.80506,1.0561,0.29528,-0.98889,-0.84233,0.47533,-0.44719,-0.55025,0.99878,0.17007,0.41815,0.64433,0.95428,0.99953,-0.37063,0.22561,-0.3004,0.41451,-0.00047641,0.70445,-0.23403,-0.089074,0.0043616,-0.30705,0.11191,0.069214,1.048,-0.98823,1.0866,-1.0449,0.99789
-0.75161,1.1701,0.29045,-0.17286,0.9273,-0.10572,-0.042166,0.35145,0.11873,-0.033763,-0.28396,1.5175,0.39321,-0.40187,-0.34793,0.0063011,0.015876,-0.046291,-0.01953,-0.10576,-0.16632,-0.23046,0.1712,-1.4179,-0.13277,-0.15745,0.4894,-0.35063,0.0029004,-0.5261,-0.53707,0.20015,-0.14252,0.027157,0.080551,0.13318,0.34443,-0.72866,0.64863,-0.09082,-0.0008848,-0.36306,0.071226,0.14922,-0.089074,0.0043616,-0.30705,0.11191,-0.98876,1.048,-0.98823,1.0866,-1.0449
-0.27912,-0.75161,1.1701,0.29045,-0.17286,-0.25364,-0.10572,-0.042166,0.35145,0.11873,-0.3223,-0.28396,1.5175,0.39321,-0.40187,0.034218,0.0063011,0.015876,-0.046291,-0.01953,0.74642,0.53776,0.052137,0.37201,-0.38525,-0.049986,0.12065,-0.012497,-0.25436,-0.23195,-0.36403,0.37239,-0.0026279,1.3688,0.32671,-0.0078444,0.80718,-0.29065,0.60302,-0.071012,-0.0016437,-0.070765,0.40708,-0.077913,0.14922,-0.089074,0.0043616,-0.30705,1.0661,-0.98876,1.048,-0.98823,1.0866
-1.4509,-0.27912,-0.75161,1.1701,0.29045,-0.91425,-0.25364,-0.10572,-0.042166,0.35145,0.4516,-0.3223,-0.28396,1.5175,0.39321,-0.011784,0.034218,0.0063011,0.015876,-0.046291,0.70175,-1.2548,0.52776,0.045821,-0.2293,-0.30066,-0.14487,-0.035622,-0.16479,-0.38749,0.22157,-0.96935,-0.15197,-0.63527,-0.58565,0.28888,-1.1606,-0.43116,-0.077691,-0.051785,-0.0030536,0.84503,0.22249,-0.015911,-0.077913,0.14922,-0.089074,0.0043616,-0.86163,1.0661,-0.98876,1.048,-0.98823
-1.5216,-1.4509,-0.27912,-0.75161,1.1701,-1.9076,-0.91425,-0.25364,-0.10572,-0.042166,0.94715,0.4516,-0.3223,-0.28396,1.5175,-0.11443,-0.011784,0.034218,0.0063011,0.015876,0.046693,2.928,1.643,-1.1887,0.67757,1.4117,0.42585,-0.55889,0.26727,0.16598,0.75398,0.058636,0.34838,2.0806,2.1374,1.7843,2.3772,-0.89058,0.52265,0.53999,-0.005673,-0.80474,-0.9181,-0.24701,-0.015911,-0.077913,0.14922,-0.089074,1.1396,-0.86163,1.0661,-0.98876,1.048
-2.5411,-1.5216,-1.4509,-0.27912,-0.75161,-1.763,-1.9076,-0.91425,-0.25364,-0.10572,0.45406,0.94715,0.4516,-0.3223,-0.28396,-0.14096,-0.11443,-0.011784,0.034218,0.0063011,0.74684,-2.8167,0.79441,0.65175,0.030721,-0.59307,0.31452,-0.26283,-0.07056,0.40376,-1.3957,-0.053321,0.22171,1.4286,0.43053,0.61074,-0.59802,-0.53586,-0.51785,0.37575,-0.010539,-0.0051745,-0.28494,0.0016928,-0.24701,-0.015911,-0.077913,0.14922,-0.78921,1.1396,-0.86163,1.0661,-0.98876
-2.6549,-2.5411,-1.5216,-1.4509,-0.27912,-1.3385,-1.763,-1.9076,-0.91425,-0.25364,0.030948,0.45406,0.94715,0.4516,-0.3223,-0.21131,-0.14096,-0.11443,-0.011784,0.034218,0.39336,-0.088271,0.27588,0.51467,-0.47364,-0.063885,-0.015508,0.24241,0.11923,-0.54594,1.1665,1.637,-0.44384,0.074382,-0.13211,0.031363,0.33556,-0.20567,-0.4963,0.26191,-0.01958,-0.44184,-0.0041981,-0.041154,0.0016928,-0.24701,-0.015911,-0.077913,0.77671,-0.78921,1.1396,-0.86163,1.0661
-1.9663,-2.6549,-2.5411,-1.5216,-1.4509,-0.94192,-1.3385,-1.763,-1.9076,-0.91425,1.0002,0.030948,0.45406,0.94715,0.4516,-0.32821,-0.21131,-0.14096,-0.11443,-0.011784,-0.82869,1.7374,0.46701,-1.0356,1.1355,-0.015277,0.36676,0.21092,-0.65189,-0.71523,-0.72166,1.2313,0.12073,0.71906,0.53723,0.69677,-0.047776,-0.023782,0.12464,0.22538,-0.036377,-0.71398,0.18,0.20106,-0.041154,0.0016928,-0.24701,-0.015911,-0.76546,0.77671,-0.78921,1.1396,-0.86163
-1.5847,-1.9663,-2.6549,-2.5411,-1.5216,-0.80129,-0.94192,-1.3385,-1.763,-1.9076,0.64718,1.0002,0.030948,0.45406,0.94715,-0.36059,-0.32821,-0.21131,-0.14096,-0.11443,0.15553,-1.2153,1.4587,0.8755,0.009506,-1.1634,-0.36573,-0.54759,-0.57812,0.55985,-0.89513,0.41835,0.5083,-0.64499,-0.92822,0.99479,-0.075824,-0.73896,-0.158,-0.1618,-0.067583,0.43815,-0.090103,-0.013019,0.20106,-0.041154,0.0016928,-0.24701,0.45708,-0.76546,0.77671,-0.78921,1.1396
-2.5242,-1.5847,-1.9663,-2.6549,-2.5411,-0.53659,-0.80129,-0.94192,-1.3385,-1.763,0.35756,0.64718,1.0002,0.030948,0.45406,-0.4755,-0.36059,-0.32821,-0.21131,-0.14096,0.05407,-0.73357,0.78314,0.094085,-0.26385,0.37808,0.38598,-0.29109,-0.28481,-0.92123,0.34779,0.79802,0.34812,2.7451,1.3108,0.86159,-0.49567,-0.55644,-0.9396,0.22607,-0.12556,-0.32035,0.27465,0.016126,-0.013019,0.20106,-0.041154,0.0016928,-0.44074,0.45708,-0.76546,0.77671,-0.78921
-3.1599,-2.5242,-1.5847,-1.9663,-2.6549,-0.63319,-0.53659,-0.80129,-0.94192,-1.3385,0.57187,0.35756,0.64718,1.0002,0.030948,-0.54746,-0.4755,-0.36059,-0.32821,-0.21131,0.3396,1.4366,-0.31972,-0.41843,-0.14714,-0.38883,0.40977,-0.024897,1.4189,-0.76222,0.25357,-0.43355,-0.25616,0.74455,1.6405,0.014911,-0.33928,-0.1762,-0.61401,0.10232,-0.23326,0.16975,0.14349,-0.13652,0.016126,-0.013019,0.20106,-0.041154,0.16698,-0.44074,0.45708,-0.76546,0.77671
-2.5187,-3.1599,-2.5242,-1.5847,-1.9663,-0.75128,-0.63319,-0.53659,-0.80129,-0.94192,0.44361,0.57187,0.35756,0.64718,1.0002,-0.68221,-0.54746,-0.4755,-0.36059,-0.32821,0.061506,-1.051,0.06008,0.30476,0.70593,0.83599,-0.64551,0.34726,1.7282,1.127,0.18302,-0.26137,0.55781,0.047603,-0.55758,-0.039088,0.3892,0.2049,0.15454,0.22295,0.044713,1.0262,-0.29853,-0.055473,-0.13652,0.016126,-0.013019,0.20106,-0.13698,0.16698,-0.44074,0.45708,-0.76546
-3.1542,-2.5187,-3.1599,-2.5242,-1.5847,-0.65643,-0.75128,-0.63319,-0.53659,-0.80129,-0.93064,0.44361,0.57187,0.35756,0.64718,-0.76361,-0.68221,-0.54746,-0.4755,-0.36059,-0.093029,-0.080373,1.481,-0.43206,-0.86896,-0.53597,0.53736,0.064933,-0.95136,-3.6187,-0.70042,-0.46609,0.73712,0.73424,-6.8652,-1.369,-0.10665,-0.05891,-0.74674,0.96949,-0.16546,-2.162,0.44918,-0.054551,-0.055473,-0.13652,0.016126,-0.013019,-0.070256,-0.13698,0.16698,-0.44074,0.45708
-2.0774,-3.1542,-2.5187,-3.1599,-2.5242,-1.1319,-0.65643,-0.75128,-0.63319,-0.53659,5.6507,-0.93064,0.44361,0.57187,0.35756,-0.85372,-0.76361,-0.68221,-0.54746,-0.4755,-0.68187,-1.0416,-0.94825,1.0651,3.6197,0.80089,-1.5764,0.67593,-2.9223,0.89621,0.83549,-0.71222,-1.0879,0.023807,6.2755,1.5588,-1.9753,0.6069,-1.0927,-0.61751,-0.26922,3.2798,-0.49311,-0.077116,-0.054551,-0.055473,-0.13652,0.016126,0.16162,-0.070256,-0.13698,0.16698,-0.44074
-2.7474,-2.0774,-3.1542,-2.5187,-3.1599,-1.0289,-1.1319,-0.65643,-0.75128,-0.63319,-0.43003,5.6507,-0.93064,0.44361,0.57187,-0.81945,-0.85372,-0.76361,-0.68221,-0.54746,-0.39387,-0.34628,-0.063015,-0.65683,-1.8677,0.10045,0.89292,-0.20701,0.10383,0.60821,0.16534,0.11868,-0.34326,2.7007,0.97021,-0.27384,1.873,-0.2612,-1.6995,-0.15789,-0.63139,-1.2268,-0.0060649,0.042065,-0.077116,-0.054551,-0.055473,-0.13652,-0.30979,0.16162,-0.070256,-0.13698,0.16698
-1.7501,-2.7474,-2.0774,-3.1542,-2.5187,-0.63825,-1.0289,-1.1319,-0.65643,-0.75128,-0.86539,-0.43003,5.6507,-0.93064,0.44361,-0.74728,-0.81945,-0.85372,-0.76361,-0.68221,-0.15041,0.44754,-0.31231,0.38733,-0.49634,0.33642,0.14812,0.31318,0.18957,0.079438,-0.99765,0.88543,-0.26435,0.0010517,-1.0436,-0.71708,1.0307,0.16692,-1.3406,0.018876,-0.3432,-0.25915,-0.11545,0.037841,0.042065,-0.077116,-0.054551,-0.055473,0.24758,-0.30979,0.16162,-0.070256,-0.13698
0.72967,-1.7501,-2.7474,-2.0774,-3.1542,-0.20503,-0.63825,-1.0289,-1.1319,-0.65643,-0.020929,-0.86539,-0.43003,5.6507,-0.93064,-0.71446,-0.74728,-0.81945,-0.85372,-0.76361,-0.65416,1.7985,-0.21097,-0.4795,-0.44527,-0.37469,0.94425,0.58587,2.2598,0.3825,1.158,0.62787,-0.13565,-0.094062,-1.2237,-0.57823,-0.26203,0.44682,-0.74217,-0.48128,-0.48855,0.26867,0.33152,0.21562,0.037841,0.042065,-0.077116,-0.054551,-0.56365,0.24758,-0.30979,0.16162,-0.070256
0.86251,0.72967,-1.7501,-2.7474,-2.0774,0.12672,-0.20503,-0.63825,-1.0289,-1.1319,0.80657,-0.020929,-0.86539,-0.43003,5.6507,-0.69272,-0.71446,-0.74728,-0.81945,-0.85372,-0.68302,-1.4598,-0.24506,0.96419,-0.35878,-0.33493,0.62428,-0.12729,-0.22194,-0.46852,0.8134,-0.15096,-0.32504,0.55709,0.38879,-0.16281,1.6475,-0.19342,-1.2153,-0.66337,0.064304,0.07955,0.083091,0.039332,0.21562,0.037841,0.042065,-0.077116,0.3526,-0.56365,0.24758,-0.30979,0.16162
1.2258,0.86251,0.72967,-1.7501,-2.7474,0.13803,0.12672,-0.20503,-0.63825,-1.0289,-1.3704,0.80657,-0.020929,-0.86539,-0.43003,-0.63972,-0.69272,-0.71446,-0.74728,-0.81945,-0.30803,0.89087,0.022668,-0.47673,-0.092132,-0.23071,-1.0257,0.57954,-0.05924,-0.10254,-0.87203,-1.6209,0.48219,-1.4355,-0.32341,0.25943,-1.1053,0.46917,-1.7021,-0.020678,0.0016398,-0.062248,0.065462,0.05974,0.039332,0.21562,0.037841,0.042065,-0.47317,0.3526,-0.56365,0.24758,-0.30979
2.1093,1.2258,0.86251,0.72967,-1.7501,0.15999,0.13803,0.12672,-0.20503,-0.63825,0.43861,-1.3704,0.80657,-0.020929,-0.86539,-0.63069,-0.63972,-0.69272,-0.71446,-0.74728,-0.79324,-0.29385,0.33693,0.012032,0.56442,1.138,-0.73858,0.098141,0.050136,0.55763,1.177,0.78537,0.4454,1.1614,1.3561,0.73333,-0.69007,0.1846,-1.0236,-0.10527,0.19911,0.37206,-0.16181,-0.081805,0.05974,0.039332,0.21562,0.037841,0.48187,-0.47317,0.3526,-0.56365,0.24758
0.8957,2.1093,1.2258,0.86251,0.72967,0.20885,0.15999,0.13803,0.12672,-0.20503,-1.4722,0.43861,-1.3704,0.80657,-0.020929,-0.51552,-0.63069,-0.63972,-0.69272,-0.71446,-0.2416,0.63578,-0.43659,0.072497,-0.94536,-0.80591,1.6508,0.081934,0.26161,-0.40248,-0.33596,-0.54548,-0.26082,-0.11379,-0.25137,-0.57743,1.3143,-0.027795,-0.48287,-0.37741,-0.024609,-0.93207,-0.045952,0.0048305,-0.081805,0.05974,0.039332,0.21562,-0.40749,0.48187,-0.47317,0.3526,-0.56365
1.1583,0.8957,2.1093,1.2258,0.86251,0.28272,0.20885,0.15999,0.13803,0.12672,0.27793,-1.4722,0.43861,-1.3704,0.80657,-0.44976,-0.51552,-0.63069,-0.63972,-0.69272,-0.067097,-0.92663,-0.68084,-1.0395,0.14334,-0.11305,-0.54658,1.0939,-0.0075377,0.14999,0.28918,-0.7933,-0.62937,-0.78141,0.04922,-0.43111,0.51485,1.14,-0.25242,-0.44587,-0.41243,0.48892,0.50924,-0.033957,0.0048305,-0.081805,0.05974,0.039332,0.39348,-0.40749,0.48187,-0.47317,0.3526
0.65375,1.1583,0.8957,2.1093,1.2258,-0.19514,0.28272,0.20885,0.15999,0.13803,0.53221,0.27793,-1.4722,0.43861,-1.3704,-0.41352,-0.44976,-0.51552,-0.63069,-0.63972,-0.58168,0.28388,-0.020497,1.0208,0.31955,-0.18253,-0.68359,-0.49851,-0.6637,-0.19343,-0.66225,-0.36465,0.029062,-0.10998,0.38524,0.081986,-0.55557,-0.37557,0.49648,0.12536,-0.70073,0.70019,0.040891,0.028116,-0.033957,0.0048305,-0.081805,0.05974,-0.36535,0.39348,-0.40749,0.48187,-0.47317
0.18136,0.65375,1.1583,0.8957,2.1093,-0.20664,-0.19514,0.28272,0.20885,0.15999,0.13324,0.53221,0.27793,-1.4722,0.43861,-0.33988,-0.41352,-0.44976,-0.51552,-0.63069,-0.19642,0.43782,0.27373,0.28349,0.33282,-0.81901,-0.23779,-0.055916,-0.33919,-0.014259,0.72036,-1.0155,0.08788,1.8635,0.50086,0.13821,-0.73046,0.04721,-0.2215,0.10115,0.11263,-0.20991,-0.30163,-0.048989,0.028116,-0.033957,0.0048305,-0.081805,0.32681,-0.36535,0.39348,-0.40749,0.48187
-0.21505,0.18136,0.65375,1.1583,0.8957,-0.16457,-0.20664,-0.19514,0.28272,0.20885,-1.4826,0.13324,0.53221,0.27793,-1.4722,-0.33579,-0.33988,-0.41352,-0.44976,-0.51552,-0.29538,-0.63653,0.015934,-1.1539,-0.78547,-0.29167,1.7283,-0.029082,0.065046,-0.6611,-0.15923,-0.3745,0.49217,-0.73802,0.12995,0.14696,2.4257,0.057428,0.49114,0.34972,0.053628,-0.97051,0.14617,-0.035299,-0.048989,0.028116,-0.033957,0.0048305,-0.32965,0.32681,-0.36535,0.39348,-0.40749
-0.55547,-0.21505,0.18136,0.65375,1.1583,-0.47977,-0.16457,-0.20664,-0.19514,0.28272,0.40022,-1.4826,0.13324,0.53221,0.27793,-0.29958,-0.33579,-0.33988,-0.41352,-0.44976,0.57673,1.1199,0.27703,-0.044918,0.054033,-0.33055,-1.1462,-0.38232,-0.027071,-0.53751,-0.7403,0.546,0.075436,-0.72679,-0.47199,0.31437,-0.12555,-0.28674,0.14514,-0.14429,-0.34012,0.43104,-0.32123,-0.12063,-0.035299,-0.048989,0.028116,-0.033957,0.27892,-0.32965,0.32681,-0.36535,0.39348
0.11485,-0.55547,-0.21505,0.18136,0.65375,-0.12831,-0.47977,-0.16457,-0.20664,-0.19514,0.43834,0.40022,-1.4826,0.13324,0.53221,-0.37869,-0.29958,-0.33579,-0.33988,-0.41352,-0.051738,-0.38582,-0.068594,0.3475,0.094168,0.93783,0.63974,0.74087,-0.029718,0.44008,1.8623,0.19123,-0.76837,0.54624,-0.48608,-0.27597,-0.59852,0.86355,-0.057304,-0.02826,-0.2136,0.091164,0.23075,-0.03698,-0.12063,-0.035299,-0.048989,0.028116,-0.31157,0.27892,-0.32965,0.32681,-0.36535
0.069272,0.11485,-0.55547,-0.21505,0.18136,-0.13166,-0.12831,-0.47977,-0.16457,-0.20664,0.91051,0.43834,0.40022,-1.4826,0.13324,-0.39726,-0.37869,-0.29958,-0.33579,-0.33988,-0.75863,-1.8709,-0.058059,-1.0089,0.023791,0.31795,-0.033162,-0.65501,-0.025541,-1.566,0.45771,0.66485,0.33952,-0.754,-0.69506,-0.35047,1.7312,-0.35413,0.81923,-0.4526,-0.30807,0.6934,0.23198,-0.034309,-0.03698,-0.12063,-0.035299,-0.048989,0.27004,-0.31157,0.27892,-0.32965,0.32681
0.84665,0.069272,0.11485,-0.55547,-0.21505,-0.24298,-0.13166,-0.12831,-0.47977,-0.16457,0.019008,0.91051,0.43834,0.40022,-1.4826,-0.29414,-0.39726,-0.37869,-0.29958,-0.33579,0.07189,3.7666,0.62658,0.63535,0.021391,-1.2619,0.3423,0.54884,-0.17607,0.28671,-0.90438,0.49508,0.9198,-0.13662,-1.304,0.29038,-1.4875,0.61177,-0.4708,0.072408,-0.038034,-0.37049,-0.00026299,0.011824,-0.034309,-0.03698,-0.12063,-0.035299,-0.30981,0.27004,-0.31157,0.27892,-0.32965
0.32563,0.84665,0.069272,0.11485,-0.55547,-0.60143,-0.24298,-0.13166,-0.12831,-0.47977,-2.0946,0.019008,0.91051,0.43834,0.40022,-0.39258,-0.29414,-0.39726,-0.37869,-0.29958,-0.79551,-1.7737,1.101,0.45467,-0.57259,0.36913,-0.95823,-0.024366,-0.14021,0.070626,-0.63087,-0.028797,0.97354,-1.4135,-0.24189,1.1188,1.5985,0.19408,0.30627,0.64263,-0.46102,-0.75016,-0.065502,0.024913,0.011824,-0.034309,-0.03698,-0.12063,0.27732,-0.30981,0.27004,-0.31157,0.27892
-0.24224,0.32563,0.84665,0.069272,0.11485,-0.41557,-0.60143,-0.24298,-0.13166,-0.12831,0.92659,-2.0946,0.019008,0.91051,0.43834,-0.40741,-0.39258,-0.29414,-0.39726,-0.37869,-0.90145,-1.2288,0.013713,-0.005054,0.99093,-0.3459,0.48678,-0.18667,0.04479,-0.26245,1.3114,-1.1808,0.40997,-2.0391,0.076945,0.49346,-1.8905,0.099498,-0.049754,0.20811,0.23734,0.3102,-0.20697,0.056414,0.024913,0.011824,-0.034309,-0.03698,-0.3105,0.27732,-0.30981,0.27004,-0.31157
-1.9645,-0.24224,0.32563,0.84665,0.069272,-0.58658,-0.41557,-0.60143,-0.24298,-0.13166,0.86749,0.92659,-2.0946,0.019008,0.91051,-0.32173,-0.40741,-0.39258,-0.29414,-0.39726,0.20188,1.5219,-1.2962,-0.26873,-0.48573,-0.010538,-0.65461,-0.49854,0.382,-0.42368,-0.44413,0.64643,-1.6991,-1.9752,-0.09847,-0.97648,0.64492,-0.42082,0.47279,0.2245,-0.64414,0.98579,0.18544,0.072656,0.056414,0.024913,0.011824,-0.034309,0.30096,-0.3105,0.27732,-0.30981,0.27004
-0.4972,-1.9645,-0.24224,0.32563,0.84665,-0.10135,-0.58658,-0.41557,-0.60143,-0.24298,0.8193,0.86749,0.92659,-2.0946,0.019008,-0.32994,-0.32173,-0.40741,-0.39258,-0.29414,-0.005166,-0.29339,-0.96918,0.21363,-0.32079,0.25815,0.62059,0.20701,0.55236,0.44338,-0.1415,0.37215,-0.44759,0.55538,0.057908,-1.1157,0.29424,0.5182,-0.8151,0.13005,0.71674,-0.2793,-0.15661,0.11052,0.072656,0.056414,0.024913,0.011824,-0.32789,0.30096,-0.3105,0.27732,-0.30981
0.94312,-0.4972,-1.9645,-0.24224,0.32563,0.035731,-0.10135,-0.58658,-0.41557,-0.60143,1.1379,0.8193,0.86749,0.92659,-2.0946,-0.33096,-0.32994,-0.32173,-0.40741,-0.39258,-0.29286,0.45564,-0.4555,0.18352,-0.0021965,1.1254,0.38644,0.10751,-0.00030859,1.2048,0.11009,0.72867,0.308,-1.438,-1.011,-0.45752,0.16238,0.21704,-0.81943,-0.67789,0.91021,0.36893,-0.35134,0.11871,0.11052,0.072656,0.056414,0.024913,0.25973,-0.32789,0.30096,-0.3105,0.27732
1.1565,0.94312,-0.4972,-1.9645,-0.24224,0.19223,0.035731,-0.10135,-0.58658,-0.41557,0.96111,1.1379,0.8193,0.86749,0.92659,-0.26537,-0.33096,-0.32994,-0.32173,-0.40741,-0.31998,-0.29396,0.18968,-0.33253,-0.014823,-0.58563,-0.2092,0.39577,0.94524,-0.032733,0.44967,0.38865,-0.04712,0.48742,0.70733,0.24501,-0.2806,0.50843,-0.86913,-0.58979,0.35777,0.23458,-0.25984,0.18312,0.11871,0.11052,0.072656,0.056414,-0.36222,0.25973,-0.32789,0.30096,-0.3105
0.65307,1.1565,0.94312,-0.4972,-1.9645,0.67113,0.19223,0.035731,-0.10135,-0.58658,1.9556,0.96111,1.1379,0.8193,0.86749,-0.21831,-0.26537,-0.33096,-0.32994,-0.32173,-0.50934,0.061352,0.66036,-0.0035187,0.14888,-0.64746,-1.0577,-0.19733,0.20128,-1.077,-1.1441,0.16538,-0.26602,-0.78572,-0.62304,0.58749,0.53971,0.053515,-1.0832,-0.31413,-0.094382,0.82209,0.34573,0.1297,0.18312,0.11871,0.11052,0.072656,0.23534,-0.36222,0.25973,-0.32789,0.30096
1.3728,0.65307,1.1565,0.94312,-0.4972,0.88922,0.67113,0.19223,0.035731,-0.10135,-1.3474,1.9556,0.96111,1.1379,0.8193,-0.15192,-0.21831,-0.26537,-0.33096,-0.32994,-0.092113,-0.97888,0.1276,0.28312,-0.42936,0.13127,0.9417,0.31761,-1.3562,0.65046,0.74169,0.95747,-0.82843,-1.4563,-0.56184,0.23712,0.36561,0.43681,-0.46762,0.076127,-0.090994,-0.89673,0.02198,0.11248,0.1297,0.18312,0.11871,0.11052,-0.30408,0.23534,-0.36222,0.25973,-0.32789
1.8424,1.3728,0.65307,1.1565,0.94312,1.3795,0.88922,0.67113,0.19223,0.035731,-0.3352,-1.3474,1.9556,0.96111,1.1379,-0.06937,-0.15192,-0.21831,-0.26537,-0.33096,0.15131,0.38799,-1.3757,0.3565,-0.81951,-0.32296,0.066437,-0.39933,0.33526,0.51723,-0.16378,0.98955,-0.52979,-0.1896,-0.34037,-1.3616,0.84004,-0.25511,-0.071897,-0.33644,0.58087,0.084662,0.035569,0.11814,0.11248,0.1297,0.18312,0.11871,0.22677,-0.30408,0.23534,-0.36222,0.25973
1.5529,1.8424,1.3728,0.65307,1.1565,1.4543,1.3795,0.88922,0.67113,0.19223,0.17666,-0.3352,-1.3474,1.9556,0.96111,-0.05465,-0.06937,-0.15192,-0.21831,-0.26537,-0.57495,-0.35221,-0.78474,-0.32656,0.46193,-0.96563,0.50501,0.78862,0.61277,0.80319,-0.27719,-0.38631,-0.15954,-2.1056,-0.52854,-0.65004,-1.7156,0.8384,-0.46307,0.16932,0.41202,0.9632,-0.036758,0.027564,0.11814,0.11248,0.1297,0.18312,-0.26084,0.22677,-0.30408,0.23534,-0.36222
1.2543,1.5529,1.8424,1.3728,0.65307,1.4681,1.4543,1.3795,0.88922,0.67113,-0.10826,0.17666,-0.3352,-1.3474,1.9556,-0.01329,-0.05465,-0.06937,-0.15192,-0.21831,-0.065821,0.10512,-0.018486,-0.37017,-0.83248,-0.39448,-0.27103,-0.50454,-0.003285,-0.79111,0.78125,1.7257,0.066537,-0.812,-0.30471,-0.0060248,1.1019,-0.2585,-0.36758,-0.042146,0.02761,-0.40028,0.0046396,0.014814,0.027564,0.11814,0.11248,0.1297,0.16986,-0.26084,0.22677,-0.30408,0.23534
1.774,1.2543,1.5529,1.8424,1.3728,1.6875,1.4681,1.4543,1.3795,0.88922,-0.2925,-0.10826,0.17666,-0.3352,-1.3474,-0.021907,-0.01329,-0.05465,-0.06937,-0.15192,-0.016811,0.85922,0.36664,-0.73796,0.073895,0.29541,-0.99987,-0.27189,-0.042051,-0.79425,-0.60675,-1.1432,0.48594,0.44863,0.69284,0.50158,-0.58242,-0.04394,-0.75645,0.39098,0.099,0.56687,0.3383,-0.10587,0.014814,0.027564,0.11814,0.11248,-0.23039,0.16986,-0.26084,0.22677,-0.30408
2.1723,1.774,1.2543,1.5529,1.8424,1.5621,1.6875,1.4681,1.4543,1.3795,-0.48944,-0.2925,-0.10826,0.17666,-0.3352,-0.06783,-0.021907,-0.01329,-0.05465,-0.06937,-0.59627,-0.44347,-0.42565,0.17056,0.18537,-0.26031,-0.52624,0.19938,0.1083,1.5073,0.44341,-0.30717,-0.41439,-0.2106,0.2051,-0.1993,0.26207,0.19839,0.39188,0.28025,0.39017,-0.0039655,-0.21931,-0.021221,-0.10587,0.014814,0.027564,0.11814,0.12453,-0.23039,0.16986,-0.26084,0.22677
2.3625,2.1723,1.774,1.2543,1.5529,1.4899,1.5621,1.6875,1.4681,1.4543,1.086,-0.48944,-0.2925,-0.10826,0.17666,-0.006519,-0.06783,-0.021907,-0.01329,-0.05465,0.56855,-0.33844,-0.4747,0.93145,0.33801,1.6133,0.45319,-1.1797,0.044622,0.7059,0.77,1.1872,-0.18988,1.6942,0.18905,-0.54354,1.0328,-0.88996,0.64393,0.3644,0.097174,-0.22365,-0.09668,-0.029852,-0.021221,-0.10587,0.014814,0.027564,-0.086007,0.12453,-0.23039,0.16986,-0.26084
1.3817,2.3625,2.1723,1.774,1.2543,1.8271,1.4899,1.5621,1.6875,1.4681,-0.72715,1.086,-0.48944,-0.2925,-0.10826,0.051271,-0.006519,-0.06783,-0.021907,-0.01329,0.41889,0.88245,-0.40197,-1.0214,-1.1921,-0.92509,0.077329,0.089028,0.27736,-1.071,-0.51494,0.46593,-0.33309,0.44619,0.91383,-0.27726,0.26717,0.16596,0.16987,0.47197,0.54799,-0.082673,0.086548,0.0008991,-0.029852,-0.021221,-0.10587,0.014814,0.08706,-0.086007,0.12453,-0.23039,0.16986
1.7927,1.3817,2.3625,2.1723,1.774,1.7555,1.8271,1.4899,1.5621,1.6875,0.43537,-0.72715,1.086,-0.48944,-0.2925,0.062407,0.051271,-0.006519,-0.06783,-0.021907,0.56642,-0.08821,0.34801,-0.33898,0.75564,0.35672,-0.46267,0.78549,0.315,0.15967,0.041649,0.031854,0.44976,-0.20929,-0.095729,0.39135,1.0161,1.0102,0.28011,-0.057341,0.35376,0.47002,-0.18498,0.021617,0.0008991,-0.029852,-0.021221,-0.10587,0.053035,0.08706,-0.086007,0.12453,-0.23039
0.14631,1.7927,1.3817,2.3625,2.1723,1.8711,1.7555,1.8271,1.4899,1.5621,-1.5213,0.43537,-0.72715,1.086,-0.48944,0.036037,0.062407,0.051271,-0.006519,-0.06783,-0.016952,-1.0571,0.58371,0.20165,-0.68903,0.030792,-0.5596,-1.5799,0.013428,-1.6825,0.93917,1.0274,-0.25905,0.48284,0.596,0.76203,-1.5011,-1.3475,0.91725,-1.1477,0.013962,-0.85341,0.26444,0.02456,0.021617,0.0008991,-0.029852,-0.021221,0.031469,0.053035,0.08706,-0.086007,0.12453
1.3912,0.14631,1.7927,1.3817,2.3625,1.8899,1.8711,1.7555,1.8271,1.4899,0.79591,-1.5213,0.43537,-0.72715,1.086,0.023553,0.036037,0.062407,0.051271,-0.006519,-0.46266,2.0033,-0.57857,-0.058292,0.099097,-0.34362,0.79634,0.85335,-0.15401,0.35839,-1.0144,1.3713,-0.2012,-0.83402,0.053218,-0.46908,1.1088,0.98352,1.0816,0.18778,0.22995,0.70783,0.19556,0.084168,0.02456,0.021617,0.0008991,-0.029852,0.1919,0.031469,0.053035,0.08706,-0.086007
0.72984,1.3912,0.14631,1.7927,1.3817,1.3116,1.8899,1.8711,1.7555,1.8271,-0.12432,0.79591,-1.5213,0.43537,-0.72715,0.013037,0.023553,0.036037,0.062407,0.051271,0.046271,-1.4386,-0.5828,-0.34466,-0.22909,-0.4745,0.079877,-0.16394,0.14011,-0.18261,0.35432,0.41041,0.73274,-1.4429,-0.81262,-0.52377,-0.89421,-0.13186,0.72677,-1.0253,-0.56231,0.023638,0.16566,0.012893,0.084168,0.02456,0.021617,0.0008991,-0.026655,0.1919,0.031469,0.053035,0.08706
1.1698,0.72984,1.3912,0.14631,1.7927,1.2316,1.3116,1.8899,1.8711,1.7555,1.1583,-0.12432,0.79591,-1.5213,0.43537,-0.02988,0.013037,0.023553,0.036037,0.062407,0.14895,0.4009,0.15254,0.13798,0.56707,0.17695,-1.1969,-0.051043,-0.39358,0.26645,-0.54473,-0.76601,-0.076551,1.6995,0.27314,-0.1186,-0.77031,0.16461,-0.34116,0.10669,0.27507,0.76541,-0.25207,0.03471,0.012893,0.084168,0.02456,0.021617,0.070637,-0.026655,0.1919,0.031469,0.053035
2.567,1.1698,0.72984,1.3912,0.14631,0.99396,1.2316,1.3116,1.8899,1.8711,-0.11363,1.1583,-0.12432,0.79591,-1.5213,-0.044065,-0.02988,0.013037,0.023553,0.036037,0.60045,-0.035601,0.47431,-0.64456,-0.15844,1.0271,0.83828,0.66161,-0.088359,-0.10023,0.57354,-0.18528,0.32756,0.3765,-0.056279,0.39155,0.76544,0.72594,-0.028334,0.016954,-0.17545,-0.38087,0.04075,-0.056812,0.03471,0.012893,0.084168,0.02456,-0.089178,0.070637,-0.026655,0.1919,0.031469
1.4983,2.567,1.1698,0.72984,1.3912,0.81192,0.99396,1.2316,1.3116,1.8899,-0.82836,-0.11363,1.1583,-0.12432,0.79591,-0.068274,-0.044065,-0.02988,0.013037,0.023553,-0.34775,-2.4933,0.56489,0.64077,0.16824,-0.38661,-1.6766,-0.293,-0.36429,-0.80093,0.39511,0.51714,-0.70172,0.41097,-0.0048583,0.45385,-0.065031,-0.25404,0.89521,-0.12183,-0.41512,0.12728,-0.052139,0.055913,-0.056812,0.03471,0.012893,0.084168,-0.047048,-0.089178,0.070637,-0.026655,0.1919
1.0632,1.4983,2.567,1.1698,0.72984,1.0281,0.81192,0.99396,1.2316,1.3116,1.4304,-0.82836,-0.11363,1.1583,-0.12432,0.021735,-0.068274,-0.044065,-0.02988,0.013037,-0.0034867,1.6183,-0.83528,-0.21241,-0.054058,0.19243,1.2809,0.96413,3.8214,1.0393,-0.80322,0.4564,-1.3693,-0.20531,-0.15922,-0.6959,-0.5723,1.1723,0.012077,-0.28386,-0.023739,0.28591,0.3158,0.026297,0.055913,-0.056812,0.03471,0.012893,-0.024227,-0.047048,-0.089178,0.070637,-0.026655
1.255,1.0632,1.4983,2.567,1.1698,0.63042,1.0281,0.81192,0.99396,1.2316,-0.99925,1.4304,-0.82836,-0.11363,1.1583,0.081728,0.021735,-0.068274,-0.044065,-0.02988,-0.069678,-0.09244,-1.0501,-0.12955,-0.7812,-0.32926,0.75724,0.12957,-3.9587,-0.17219,-0.050146,0.63153,-0.03539,0.41113,1.3729,-0.73814,1.2572,0.15098,0.60431,0.62526,-0.21687,-0.17569,-0.23581,0.16586,0.026297,0.055913,-0.056812,0.03471,-0.16446,-0.024227,-0.047048,-0.089178,0.070637
1.538,1.255,1.0632,1.4983,2.567,0.68001,0.63042,1.0281,0.81192,0.99396,0.10671,-0.99925,1.4304,-0.82836,-0.11363,0.14293,0.081728,0.021735,-0.068274,-0.044065,0.28135,0.51433,0.38168,-0.011936,0.39678,0.96295,0.15876,0.57178,-0.18473,-0.21586,0.16507,1.2337,0.081829,0.39566,0.19735,0.23999,-0.55363,0.45615,0.42749,-0.40882,-0.21238,0.17389,0.16075,0.0039321,0.16586,0.026297,0.055913,-0.056812,0.042994,-0.16446,-0.024227,-0.047048,-0.089178
1.383,1.538,1.255,1.0632,1.4983,0.72488,0.68001,0.63042,1.0281,0.81192,-0.39961,0.10671,-0.99925,1.4304,-0.82836,0.19018,0.14293,0.081728,0.021735,-0.068274,-0.15726,-0.29485,0.24867,-1.0944,-0.44631,-0.82961,-1.9781,-0.72028,0.20795,-0.12244,-1.6163,0.17766,1.0421,2.268,0.90928,0.30915,-0.78187,-0.71378,0.18511,0.44668,0.28256,0.19115,-0.22746,0.026132,0.0039321,0.16586,0.026297,0.055913,-0.11083,0.042994,-0.16446,-0.024227,-0.047048
1.8272,1.383,1.538,1.255,1.0632,0.49903,0.72488,0.68001,0.63042,1.0281,0.83349,-0.39961,0.10671,-0.99925,1.4304,0.26374,0.19018,0.14293,0.081728,0.021735,0.68743,1.4441,-0.032273,0.63701,0.3596,0.50121,0.87081,-0.17768,-0.11506,0.38025,1.2021,0.09611,0.046773,-1.494,-0.39322,0.13768,0.9867,-0.23975,0.08699,0.054637,-0.7653,0.95948,0.49659,-0.13323,0.026132,0.0039321,0.16586,0.026297,0.11525,-0.11083,0.042994,-0.16446,-0.024227
-0.27134,1.8272,1.383,1.538,1.255,0.10684,0.49903,0.72488,0.68001,0.63042,-0.69994,0.83349,-0.39961,0.10671,-0.99925,0.25966,0.26374,0.19018,0.14293,0.081728,0.38396,-1.635,-0.66688,1.2448,-0.68885,-0.49262,-0.0062174,0.13676,0.36376,-0.49986,-0.52605,1.0439,-0.57924,-0.17381,1.0743,-0.21223,-0.71896,0.20431,-0.39645,-0.34175,-0.87913,-1.4308,0.28194,-0.0004035,-0.13323,0.026132,0.0039321,0.16586,-0.062479,0.11525,-0.11083,0.042994,-0.16446
0.63588,-0.27134,1.8272,1.383,1.538,-0.16683,0.10684,0.49903,0.72488,0.68001,1.8834,-0.69994,0.83349,-0.39961,0.10671,0.2678,0.25966,0.26374,0.19018,0.14293,0.46968,0.38961,-0.56319,0.12876,1.308,-0.31739,-0.35219,0.65807,-0.17439,-0.30091,0.33559,0.14036,0.57572,-1.4511,-0.90529,-0.60805,0.76698,0.60655,-0.057226,-0.30966,-0.057212,1.2068,-0.44992,-0.028113,-0.0004035,-0.13323,0.026132,0.0039321,0.039193,-0.062479,0.11525,-0.11083,0.042994
0.92294,0.63588,-0.27134,1.8272,1.383,0.14542,-0.16683,0.10684,0.49903,0.72488,1.4488,1.8834,-0.69994,0.83349,-0.39961,0.2628,0.2678,0.25966,0.26374,0.19018,0.96371,1.0408,1.1816,-1.4218,-0.45631,0.33149,-0.60699,-0.53484,-0.14813,-0.24738,-0.28184,0.25945,0.48484,-0.22177,-0.046957,1.0208,-0.20503,-0.66023,-1.0099,-0.24993,0.75006,0.31269,-0.1377,0.073144,-0.028113,-0.0004035,-0.13323,0.026132,-0.018022,0.039193,-0.062479,0.11525,-0.11083
0.67273,0.92294,0.63588,-0.27134,1.8272,0.21296,0.14542,-0.16683,0.10684,0.49903,-1.6196,1.4488,1.8834,-0.69994,0.83349,0.17021,0.2628,0.2678,0.25966,0.26374,0.28656,-1.2059,1.2322,0.74861,-0.59936,-0.37746,0.62126,-0.21207,0.20478,0.22171,-0.011669,1.0313,0.73436,-0.83448,-0.53808,1.0454,0.88481,-0.18481,-0.39613,-0.58817,0.76341,-0.70911,0.081677,-0.0034029,0.073144,-0.028113,-0.0004035,-0.13323,-0.034647,-0.018022,0.039193,-0.062479,0.11525
1.4544,0.67273,0.92294,0.63588,-0.27134,-0.11548,0.21296,0.14542,-0.16683,0.10684,-0.43992,-1.6196,1.4488,1.8834,-0.69994,0.078721,0.17021,0.2628,0.2678,0.25966,-0.40641,0.50257,3.4714,-0.27999,-0.14142,0.90327,0.28938,-3.2966,-0.74539,-1.2136,0.83164,1.195,0.93278,-0.86462,0.72962,3.4166,0.80346,-3.5436,0.1202,0.6895,0.32493,-1.5117,-0.14836,0.027689,-0.0034029,0.073144,-0.028113,-0.0004035,0.087485,-0.034647,-0.018022,0.039193,-0.062479
1.2666,1.4544,0.67273,0.92294,0.63588,-0.22406,-0.11548,0.21296,0.14542,-0.16683,-0.79415,-0.43992,-1.6196,1.4488,1.8834,0.076612,0.078721,0.17021,0.2628,0.2678,-0.28356,-0.0062146,-0.40331,0.41763,0.055027,0.26804,-0.41965,1.3813,0.46534,0.69437,0.63843,0.78427,-0.3786,2.2311,1.1424,-0.37475,-1.2879,1.3051,0.18938,0.59469,0.11294,0.44446,-0.17013,-0.0458,0.027689,-0.0034029,0.073144,-0.028113,-0.11042,0.087485,-0.034647,-0.018022,0.039193
0.97078,1.2666,1.4544,0.67273,0.92294,0.04922,-0.22406,-0.11548,0.21296,0.14542,0.3887,-0.79415,-0.43992,-1.6196,1.4488,0.14998,0.076612,0.078721,0.17021,0.2628,0.84793,-0.42166,-2.4189,1.1289,0.060023,0.26307,0.26628,1.2736,0.52185,0.15824,-0.84356,0.44015,-1.6902,0.99539,0.86868,-2.0396,0.58755,1.205,0.63019,-1.3253,0.40977,0.63289,0.066311,0.047435,-0.0458,0.027689,-0.0034029,0.073144,0.19745,-0.11042,0.087485,-0.034647,-0.018022
1.6304,0.97078,1.2666,1.4544,0.67273,0.10771,0.04922,-0.22406,-0.11548,0.21296,-0.25872,0.3887,-0.79415,-0.43992,-1.6196,0.1359,0.14998,0.076612,0.078721,0.17021,-0.086916,-0.89916,-0.97713,-0.48092,-0.37241,-0.22187,-0.99816,0.34192,0.4431,0.62442,0.097802,0.56066,-0.54218,-0.26536,-0.37584,-1.0598,-1.6165,0.37123,0.80876,-0.43557,0.53875,0.53697,0.021872,0.028947,0.047435,-0.0458,0.027689,-0.0034029,-0.14553,0.19745,-0.11042,0.087485,-0.034647
2.2288,1.6304,0.97078,1.2666,1.4544,-0.13812,0.10771,0.04922,-0.22406,-0.11548,1.4552,-0.25872,0.3887,-0.79415,-0.43992,0.18855,0.1359,0.14998,0.076612,0.078721,0.251,0.68078,0.81107,-1.5459,1.2678,-0.67256,1.0781,-0.21962,1.1285,0.071305,0.32189,-0.095759,0.15469,0.32314,0.017589,0.74034,0.76824,-0.23317,0.62118,0.34179,0.18628,-0.5639,-0.44575,0.13683,0.028947,0.047435,-0.0458,0.027689,0.31647,-0.14553,0.19745,-0.11042,0.087485
0.36453,2.2288,1.6304,0.97078,1.2666,0.42467,-0.13812,0.10771,0.04922,-0.22406,-0.10837,1.4552,-0.25872,0.3887,-0.79415,0.21135,0.18855,0.1359,0.14998,0.076612,0.87265,-0.4414,-0.5001,0.94714,-1.0659,0.79045,-0.8651,-0.066657,0.29151,-0.045755,-1.0446,0.4747,-0.73421,0.38746,-0.052306,-0.60492,-1.112,-0.22605,0.03243,-0.10648,0.50644,0.41478,0.27488,0.024908,0.13683,0.028947,0.047435,-0.0458,-0.19184,0.31647,-0.14553,0.19745,-0.11042
1.274,0.36453,2.2288,1.6304,0.97078,0.6007,0.42467,-0.13812,0.10771,0.04922,-0.86201,-0.10837,1.4552,-0.25872,0.3887,0.19091,0.21135,0.18855,0.1359,0.14998,0.50304,0.89753,-0.40666,0.8041,0.36239,-0.25084,-0.78387,-0.27502,0.12842,0.64792,0.0079907,-0.071046,-0.50285,2.182,0.88072,-0.28498,-0.11233,-0.20441,0.68956,-0.21151,0.99863,0.32171,-0.13302,0.022078,0.024908,0.13683,0.028947,0.047435,0.24785,-0.19184,0.31647,-0.14553,0.19745
1.2997,1.274,0.36453,2.2288,1.6304,0.33834,0.6007,0.42467,-0.13812,0.10771,-0.69953,-0.86201,-0.10837,1.4552,-0.25872,0.12758,0.19091,0.21135,0.18855,0.1359,0.10586,0.59436,0.70745,-1.432,0.068055,0.30923,-0.88714,0.14089,-0.25985,-0.42132,-0.39929,-0.95565,1.0305,0.94858,0.98277,0.88115,-1.7717,0.0038723,0.17862,0.57333,0.16671,0.19581,0.02239,-0.047146,0.022078,0.024908,0.13683,0.028947,-0.25136,0.24785,-0.19184,0.31647,-0.14553
0.93985,1.2997,1.274,0.36453,2.2288,0.36489,0.33834,0.6007,0.42467,-0.13812,-1.0604,-0.69953,-0.86201,-0.10837,1.4552,0.053424,0.12758,0.19091,0.21135,0.18855,-0.45847,-1.3733,0.15193,0.021614,-0.15903,-0.40756,1.0126,-0.6714,-0.15912,0.37953,0.45753,-0.81091,0.92036,1.5619,0.45473,0.079323,-1.1513,-0.71678,0.92448,0.65952,0.24759,0.23177,0.070275,-0.051286,-0.047146,0.022078,0.024908,0.13683,0.1923,-0.25136,0.24785,-0.19184,0.31647
0.66396,0.93985,1.2997,1.274,0.36453,0.44517,0.36489,0.33834,0.6007,0.42467,-0.64885,-1.0604,-0.69953,-0.86201,-0.10837,0.051251,0.053424,0.12758,0.19091,0.21135,-0.13005,-0.27866,0.059158,0.41134,0.27963,0.138,-0.79703,0.19809,0.13876,0.23751,-0.3628,-0.65818,-0.20958,0.95579,0.94026,0.21162,-0.3848,-0.017709,0.84434,0.72386,0.79958,-0.01655,-0.055758,-0.041465,-0.051286,-0.047146,0.022078,0.024908,-0.21804,0.1923,-0.25136,0.24785,-0.19184
0.28786,0.66396,0.93985,1.2997,1.274,0.13571,0.44517,0.36489,0.33834,0.6007,-0.11536,-0.64885,-1.0604,-0.69953,-0.86201,0.1054,0.051251,0.053424,0.12758,0.19091,0.47849,-0.92532,1.1023,-0.98112,0.12114,0.70343,-0.46134,-0.18103,-0.23723,-1.3296,-0.062368,-1.1718,0.37012,0.35818,-0.31299,0.86418,-1.6437,-0.20833,0.14355,0.29782,0.42385,0.78709,-0.23479,-0.13335,-0.041465,-0.051286,-0.047146,0.022078,0.14864,-0.21804,0.1923,-0.25136,0.24785
0.91699,0.28786,0.66396,0.93985,1.2997,0.056268,0.13571,0.44517,0.36489,0.33834,-0.97559,-0.11536,-0.64885,-1.0604,-0.69953,0.15584,0.1054,0.051251,0.053424,0.12758,0.1769,1.55,0.62016,-0.28975,0.37085,0.25704,-0.4573,0.026601,-0.089401,0.65317,0.41844,-0.82882,0.011975,0.93317,0.54572,0.51453,-0.32893,-0.13565,0.35813,0.26054,-0.0093656,-0.71954,0.22007,0.027624,-0.13335,-0.041465,-0.051286,-0.047146,-0.19553,0.14864,-0.21804,0.1923,-0.25136
-0.84436,0.91699,0.28786,0.66396,0.93985,0.073347,0.056268,0.13571,0.44517,0.36489,0.0058613,-0.97559,-0.11536,-0.64885,-1.0604,0.20871,0.15584,0.1054,0.051251,0.053424,0.48827,-0.2197,-1.9282,2.6774,-0.59935,-1.2333,0.59785,-0.10811,0.48621,0.57137,-0.30918,-0.76921,-1.3631,0.38961,0.42155,-1.6311,-0.97626,-0.28249,0.46174,-0.43608,0.63859,1.0109,-0.20903,-0.0047099,0.027624,-0.13335,-0.041465,-0.051286,0.28244,-0.19553,0.14864,-0.21804,0.1923
-1.2254,-0.84436,0.91699,0.28786,0.66396,0.15158,0.073347,0.056268,0.13571,0.44517,-0.077409,0.0058613,-0.97559,-0.11536,-0.64885,0.13626,0.20871,0.15584,0.1054,0.051251,-0.045386,-0.15302,-1.683,-1.6193,0.042917,-0.75558,-1.5207,0.18027,0.45077,1.0469,-0.72477,-0.918,-1.4688,0.39904,0.21328,-1.6184,-1.2025,-0.015613,0.40663,-0.20997,0.93811,0.98962,0.036549,0.21723,-0.0047099,0.027624,-0.13335,-0.041465,-0.18448,0.28244,-0.19553,0.14864,-0.21804
0.58057,-1.2254,-0.84436,0.91699,0.28786,-0.0836,0.15158,0.073347,0.056268,0.13571,-0.030194,-0.077409,0.0058613,-0.97559,-0.11536,0.079978,0.13626,0.20871,0.15584,0.1054,0.42425,-0.66999,-0.55624,0.76482,-0.15111,0.74077,0.59069,-0.34739,0.19572,0.40486,0.0029715,-0.29941,0.060932,-0.87101,-1.1603,-0.74527,-0.57242,-0.45309,0.12219,0.22052,0.93017,-0.11842,-0.11521,-0.034595,0.21723,-0.0047099,0.027624,-0.13335,0.42939,-0.18448,0.28244,-0.19553,0.14864
1.4381,0.58057,-1.2254,-0.84436,0.91699,-0.40394,-0.0836,0.15158,0.073347,0.056268,0.9691,-0.030194,-0.077409,0.0058613,-0.97559,0.01926,0.079978,0.13626,0.20871,0.15584,0.082994,-0.43632,0.81297,0.10363,0.25713,-0.33787,0.18482,1.2827,-0.060921,-0.11255,0.46995,0.30189,0.30564,-0.30527,0.32497,0.81313,1.2164,1.0014,-0.44571,0.38046,0.73668,0.13092,-0.51603,0.0077744,-0.034595,0.21723,-0.0047099,0.027624,-0.23617,0.42939,-0.18448,0.28244,-0.19553
0.19412,1.4381,0.58057,-1.2254,-0.84436,-0.31952,-0.40394,-0.0836,0.15158,0.073347,-0.65612,0.9691,-0.030194,-0.077409,0.0058613,-0.0023309,0.01926,0.079978,0.13626,0.20871,0.71,1.4554,-0.087185,-1.0607,-0.18083,1.2107,-1.6588,-0.9377,-0.019691,0.356,-0.80885,0.26858,-0.98105,0.93388,2.4965,0.68881,0.089562,-1.0252,0.01889,0.44396,0.12416,0.019413,0.35881,-0.2479,0.0077744,-0.034595,0.21723,-0.0047099,0.59415,-0.23617,0.42939,-0.18448,0.28244
1.235,0.19412,1.4381,0.58057,-1.2254,-0.22292,-0.31952,-0.40394,-0.0836,0.15158,-0.83135,-0.65612,0.9691,-0.030194,-0.077409,-0.095463,-0.0023309,0.01926,0.079978,0.13626,-0.15177,-0.80263,0.36248,0.0958,0.057481,-0.45447,0.71738,1.0031,0.21453,-1.3097,-0.7496,-0.047418,-0.186,1.0969,0.85277,0.49802,-0.20294,0.74554,-0.21407,0.6781,0.96706,-0.051034,-0.24837,-0.01587,-0.2479,0.0077744,-0.034595,0.21723,-0.30868,0.59415,-0.23617,0.42939,-0.18448
1.7705,1.235,0.19412,1.4381,0.58057,-0.51579,-0.22292,-0.31952,-0.40394,-0.0836,0.048296,-0.83135,-0.65612,0.9691,-0.030194,-0.1487,-0.095463,-0.0023309,0.01926,0.079978,0.17716,0.72586,0.65144,0.45683,0.26669,-0.39081,-0.08826,-0.24893,0.13026,1.3249,1.2324,0.1831,0.51416,-0.43016,-0.86688,0.43931,-0.17496,-0.35924,-0.55076,0.40329,0.27385,-0.55632,-0.21658,-0.04427,-0.01587,-0.2479,0.0077744,-0.034595,0.36856,-0.30868,0.59415,-0.23617,0.42939
0.84906,1.7705,1.235,0.19412,1.4381,-0.49487,-0.51579,-0.22292,-0.31952,-0.40394,-0.97063,0.048296,-0.83135,-0.65612,0.9691,-0.26709,-0.1487,-0.095463,-0.0023309,0.01926,-0.0011237,0.68,0.17821,0.3279,-0.36905,0.55302,0.12929,0.62533,-0.095448,-0.77228,-0.89136,0.2983,0.63762,-0.12506,-0.5988,-0.033539,-1.7201,0.44301,0.0079007,0.26089,-0.15387,0.46267,0.02167,0.12285,-0.04427,-0.01587,-0.2479,0.0077744,-0.4032,0.36856,-0.30868,0.59415,-0.23617
1.0077,0.84906,1.7705,1.235,0.19412,-0.26987,-0.49487,-0.51579,-0.22292,-0.31952,-0.0025997,-0.97063,0.048296,-0.83135,-0.65612,-0.35568,-0.26709,-0.1487,-0.095463,-0.0023309,0.29087,-1.1349,0.50071,-0.70028,0.75909,-0.67539,-0.74575,-0.25444,-0.27558,0.63324,-0.10023,0.50408,0.28424,-0.24076,-0.50008,0.32847,0.32834,-0.36673,0.45506,-0.032553,0.062506,-0.32192,-0.14093,0.037462,0.12285,-0.04427,-0.01587,-0.2479,0.16315,-0.4032,0.36856,-0.30868,0.59415
0.85829,1.0077,0.84906,1.7705,1.235,0.29966,-0.26987,-0.49487,-0.51579,-0.22292,-1.0893,-0.0025997,-0.97063,0.048296,-0.83135,-0.46916,-0.35568,-0.26709,-0.1487,-0.095463,0.11178,0.3391,-0.042918,0.074421,-0.63647,1.0148,0.4934,-0.44557,-0.18498,0.080148,-0.095938,0.14522,0.49609,-0.10173,0.039374,0.017613,-1.0173,-0.70156,-0.0085425,0.25412,0.70138,-0.19071,0.3707,0.064029,0.037462,0.12285,-0.04427,-0.01587,-0.29641,0.16315,-0.4032,0.36856,-0.30868
0.37789,0.85829,1.0077,0.84906,1.7705,0.16897,0.29966,-0.26987,-0.49487,-0.51579,-0.21782,-1.0893,-0.0025997,-0.97063,0.048296,-0.53575,-0.46916,-0.35568,-0.26709,-0.1487,-0.2127,-0.33605,-0.094411,0.73216,0.16437,0.28069,-0.80024,-0.24146,0.074356,0.05593,0.023282,-0.70652,0.68,0.19084,-0.00028499,-0.11855,-0.65944,-0.24794,-0.34966,-0.11852,1.0339,0.16953,-0.098536,0.049398,0.064029,0.037462,0.12285,-0.04427,-0.027978,-0.29641,0.16315,-0.4032,0.36856
0.36611,0.37789,0.85829,1.0077,0.84906,-0.11784,0.16897,0.29966,-0.26987,-0.49487,-0.13416,-0.21782,-1.0893,-0.0025997,-0.97063,-0.55693,-0.53575,-0.46916,-0.35568,-0.26709,-0.15789,0.45232,-0.56239,-0.5656,0.11572,-0.93331,-0.23613,0.10279,-0.13191,0.84428,-0.26846,0.10246,-0.41343,-0.019354,0.22652,-0.40526,-0.5929,0.14322,0.16416,0.0081401,1.0031,0.42652,-0.3632,0.030895,0.049398,0.064029,0.037462,0.12285,-0.19976,-0.027978,-0.29641,0.16315,-0.4032
1.1223,0.36611,0.37789,0.85829,1.0077,-0.30556,-0.11784,0.16897,0.29966,-0.26987,-0.83016,-0.13416,-0.21782,-1.0893,-0.0025997,-0.60715,-0.55693,-0.53575,-0.46916,-0.35568,0.1707,-0.010505,0.50548,-0.84321,0.46297,0.37096,-1.2711,0.0083057,0.20632,-0.25153,-0.17184,-0.090002,0.0030137,0.47372,1.2318,0.79299,-0.71801,0.025437,0.039472,0.057524,0.38331,-0.23881,0.10605,-0.010973,0.030895,0.049398,0.064029,0.037462,0.16707,-0.19976,-0.027978,-0.29641,0.16315
1.3983,1.1223,0.36611,0.37789,0.85829,-0.24212,-0.30556,-0.11784,0.16897,0.29966,-0.37507,-0.83016,-0.13416,-0.21782,-1.0893,-0.6682,-0.60715,-0.55693,-0.53575,-0.46916,0.12434,-0.82313,0.06737,0.12385,0.10894,-0.21796,0.79568,-1.1762,-0.37159,0.73042,-0.085699,-0.60642,0.55014,0.97573,0.90859,0.26022,-1.0721,-1.0874,-0.29019,0.59921,1.0292,-0.82044,0.0065832,0.012327,-0.010973,0.030895,0.049398,0.064029,-0.11061,0.16707,-0.19976,-0.027978,-0.29641
2.3995,1.3983,1.1223,0.36611,0.37789,-0.58682,-0.24212,-0.30556,-0.11784,0.16897,-0.60501,-0.37507,-0.83016,-0.13416,-0.21782,-0.72095,-0.6682,-0.60715,-0.55693,-0.53575,0.034722,-0.55953,1.3447,-0.02804,0.35674,-0.066967,-0.75319,0.039232,-0.23098,-0.2858,0.18664,-1.6726,1.4323,1.283,-0.085128,0.97717,0.58176,0.12272,-0.089211,0.57394,1.0136,0.18544,-0.070996,-0.11197,0.012327,-0.010973,0.030895,0.049398,0.3711,-0.11061,0.16707,-0.19976,-0.027978
0.37547,2.3995,1.3983,1.1223,0.36611,-1.1112,-0.58682,-0.24212,-0.30556,-0.11784,-1.505,-0.60501,-0.37507,-0.83016,-0.13416,-0.72978,-0.72095,-0.6682,-0.60715,-0.55693,0.47061,0.1075,0.26377,0.90545,-0.32417,1.3445,-1.2894,-0.4002,0.50388,-0.037268,-0.70989,-1.1385,-0.2962,0.90992,1.0164,0.44791,-0.62627,-0.27906,0.26354,0.48436,0.69335,0.032532,0.050181,-0.096633,-0.11197,0.012327,-0.010973,0.030895,-0.20875,0.3711,-0.11061,0.16707,-0.19976
1.1265,0.37547,2.3995,1.3983,1.1223,-1.7018,-1.1112,-0.58682,-0.24212,-0.30556,-1.3427,-1.505,-0.60501,-0.37507,-0.83016,-0.74738,-0.72978,-0.72095,-0.6682,-0.60715,-0.048607,0.76695,0.25182,-0.64557,0.16573,-0.32306,0.81061,-1.0012,0.32353,0.50931,0.91304,-0.18401,0.63694,1.4293,0.51876,0.19683,-0.43361,-0.81078,0.73185,1.248,0.798,-0.22142,-0.56339,-0.30003,-0.096633,-0.11197,0.012327,-0.010973,0.58991,-0.20875,0.3711,-0.11061,0.16707
-0.14731,1.1265,0.37547,2.3995,1.3983,-1.9514,-1.7018,-1.1112,-0.58682,-0.24212,-1.6918,-1.3427,-1.505,-0.60501,-0.37507,-0.78512,-0.74738,-0.72978,-0.72095,-0.6682,-0.16437,-0.60657,0.24078,-0.30029,-0.27681,-1.1857,0.69698,-0.78786,0.23967,0.59897,0.9014,-0.63015,0.12175,-1.0648,-0.24501,0.35214,-0.58462,-0.55589,-0.057897,1.2037,0.29602,-0.37456,-0.16371,-0.069224,-0.30003,-0.096633,-0.11197,0.012327,-0.32609,0.58991,-0.20875,0.3711,-0.11061
0.46123,-0.14731,1.1265,0.37547,2.3995,-2.1083,-1.9514,-1.7018,-1.1112,-0.58682,-0.10908,-1.6918,-1.3427,-1.505,-0.60501,-0.86919,-0.78512,-0.74738,-0.72978,-0.72095,-0.23293,0.12415,0.45978,-0.3733,-0.22401,0.66636,-1.1372,-0.55783,0.040183,-0.48207,-1.2247,0.20962,1.9338,0.73185,0.80948,0.60863,-0.72688,-0.25001,-0.60429,2.0944,-0.23819,-0.0263,0.15647,-0.094033,-0.069224,-0.30003,-0.096633,-0.11197,0.36668,-0.32609,0.58991,-0.20875,0.3711
0.67485,0.46123,-0.14731,1.1265,0.37547,-2.0487,-2.1083,-1.9514,-1.7018,-1.1112,-0.31401,-0.10908,-1.6918,-1.3427,-1.505,-0.96304,-0.86919,-0.78512,-0.74738,-0.72978,-0.80762,0.73042,0.0022429,-0.1925,0.23869,-1.1541,0.10184,-1.3787,-0.61448,1.2761,1.3016,-0.26641,1.7053,-1.2607,-0.29962,0.22596,0.7787,-1.2726,0.31384,0.3764,0.45499,0.019533,-0.37198,0.11755,-0.094033,-0.069224,-0.30003,-0.096633,-0.46582,0.36668,-0.32609,0.58991,-0.20875
0.59783,0.67485,0.46123,-0.14731,1.1265,-1.9232,-2.0487,-2.1083,-1.9514,-1.7018,0.55651,-0.31401,-0.10908,-1.6918,-1.3427,-1.052,-0.96304,-0.86919,-0.78512,-0.74738,-0.62646,-0.22422,1.1741,-0.10236,-0.18625,1.7638,-0.72673,-0.8762,5.301,0.3469,-0.16065,-0.43147,1.7229,0.10993,0.43266,1.1785,-0.44509,-0.54464,-0.17007,0.16218,0.32315,-0.74677,-0.10911,-0.035413,0.11755,-0.094033,-0.069224,-0.30003,0.16469,-0.46582,0.36668,-0.32609,0.58991
1.1794,0.59783,0.67485,0.46123,-0.14731,-1.8972,-1.9232,-2.0487,-2.1083,-1.9514,-0.78305,0.55651,-0.31401,-0.10908,-1.6918,-1.0514,-1.052,-0.96304,-0.86919,-0.78512,-0.68578,-0.51337,2.4877,-0.22295,0.081214,0.67559,1.0156,-0.72873,-3.1751,1.0993,0.12286,-0.95675,1.7008,0.73286,0.39799,2.2168,3.2805,-0.54169,0.36847,1.0448,-0.11766,-0.61627,-0.32647,-0.0062861,-0.035413,0.11755,-0.094033,-0.069224,-0.017354,0.16469,-0.46582,0.36668,-0.32609
-0.5922,1.1794,0.59783,0.67485,0.46123,-1.255,-1.8972,-1.9232,-2.0487,-2.1083,-1.7708,-0.78305,0.55651,-0.31401,-0.10908,-0.96561,-1.0514,-1.052,-0.96304,-0.86919,-0.48274,0.6684,1.8631,-0.47855,0.31735,0.4032,-0.9134,-0.99357,-1.7939,0.48376,1.4315,0.24165,1.0406,1.0982,0.01287,1.4571,-3.45,-1.0206,0.46778,2.1747,0.089659,-0.59462,-0.30184,-0.090316,-0.0062861,-0.035413,0.11755,-0.094033,-0.025977,-0.017354,0.16469,-0.46582,0.36668
-5.0432,-0.5922,1.1794,0.59783,0.67485,-0.11985,-1.255,-1.8972,-1.9232,-2.0487,-0.72314,-1.7708,-0.78305,0.55651,-0.31401,-0.83403,-0.96561,-1.0514,-1.052,-0.96304,0.31056,0.1405,0.21504,-0.1138,0.53798,0.2599,-0.34858,-1.1319,-1.0742,0.24469,-0.22828,-0.66959,-0.77574,0.60439,0.3923,0.28305,-0.22211,-1.0538,0.82767,-1.1848,0.74387,0.50153,-0.07589,-0.059573,-0.090316,-0.0062861,-0.035413,0.11755,0.4287,-0.025977,-0.017354,0.16469,-0.46582
-6.7978,-5.0432,-0.5922,1.1794,0.59783,0.60337,-0.11985,-1.255,-1.8972,-1.9232,0.03473,-0.72314,-1.7708,-0.78305,0.55651,-0.77659,-0.83403,-0.96561,-1.0514,-1.052,-0.093995,-0.7599,1.4031,0.2511,-0.2808,-1.8247,0.3297,-4.7131,-0.13752,-1.4209,-0.37393,-0.01696,-0.6871,0.043605,0.66507,1.6126,-0.32205,-4.6067,0.42218,0.48811,0.20366,-1.3814,1.136,-0.081769,-0.059573,-0.090316,-0.0062861,-0.035413,-0.35292,0.4287,-0.025977,-0.017354,0.16469
-9.0747,-6.7978,-5.0432,-0.5922,1.1794,-0.051937,0.60337,-0.11985,-1.255,-1.8972,-1.6851,0.03473,-0.72314,-1.7708,-0.78305,-0.76363,-0.77659,-0.83403,-0.96561,-1.0514,0.37949,1.2744,-1.052,-0.7977,-0.8174,0.15307,0.75645,3.2847,0.56257,1.4467,1.696,1.2419,-1.6513,-1.2812,-0.44425,-0.7841,0.5752,3.1435,-0.17424,-0.76706,0.00062364,0.41459,-0.39147,-0.079854,-0.081769,-0.059573,-0.090316,-0.0062861,0.89197,-0.35292,0.4287,-0.025977,-0.017354
-12.308,-9.0747,-6.7978,-5.0432,-0.5922,0.24066,-0.051937,0.60337,-0.11985,-1.255,-1.1373,-1.6851,0.03473,-0.72314,-1.7708,-0.85715,-0.76363,-0.77659,-0.83403,-0.96561,-0.044063,0.071236,-3.1571,0.59744,-0.43552,-1.1143,-0.40927,1.0001,0.68969,-0.11474,-1.9002,0.067778,-1.7496,-0.67949,-0.0046688,-2.6431,-0.13799,1.2288,0.13597,-1.5141,0.82986,1.247,0.017778,-0.088254,-0.079854,-0.081769,-0.059573,-0.090316,-0.70807,0.89197,-0.35292,0.4287,-0.025977
-11.503,-12.308,-9.0747,-6.7978,-5.0432,-0.0069411,0.24066,-0.051937,0.60337,-0.11985,0.5449,-1.1373,-1.6851,0.03473,-0.72314,-0.99997,-0.85715,-0.76363,-0.77659,-0.83403,0.16088,0.94856,-0.32818,0.18996,-0.19204,0.1355,-0.72429,-1.4554,-0.79377,-0.90674,0.15178,-1.701,-0.015394,-1.7478,-0.32813,-0.098785,-0.25612,-1.3021,-0.85365,-0.29771,0.60664,-0.70928,0.20925,-0.076386,-0.088254,-0.079854,-0.081769,-0.059573,0.80243,-0.70807,0.89197,-0.35292,0.4287
-7.2349,-11.503,-12.308,-9.0747,-6.7978,-0.7638,-0.0069411,0.24066,-0.051937,0.60337,1.7578,0.5449,-1.1373,-1.6851,0.03473,-1.2499,-0.99997,-0.85715,-0.76363,-0.77659,-1.1847,0.91835,2.0485,-1.7198,1.8165,0.7622,-1.3133,-1.4745,-0.047752,-1.1186,-0.9933,-2.2885,1.0525,0.63451,-0.25347,1.553,-0.10821,-1.0267,-0.09728,2.7353,-0.038533,0.71252,0.085734,-0.10737,-0.076386,-0.088254,-0.079854,-0.081769,-1.1065,0.80243,-0.70807,0.89197,-0.35292
-5.2923,-7.2349,-11.503,-12.308,-9.0747,-1.5849,-0.7638,-0.0069411,0.24066,-0.051937,0.8638,1.7578,0.5449,-1.1373,-1.6851,-1.3991,-1.2499,-0.99997,-0.85715,-0.76363,-1.2012,1.1678,1.9187,-0.48296,0.12571,1.0231,2.6244,0.4615,-1.4359,2.1787,-0.8074,-0.049103,1.4138,0.70099,0.22004,1.7546,0.42156,0.58646,-1.4177,0.867,-0.51069,-1.2715,-0.35788,-0.046198,-0.10737,-0.076386,-0.088254,-0.079854,0.7605,-1.1065,0.80243,-0.70807,0.89197
-4.8994,-5.2923,-7.2349,-11.503,-12.308,-1.7047,-1.5849,-0.7638,-0.0069411,0.24066,-0.55224,0.8638,1.7578,0.5449,-1.1373,-1.5197,-1.3991,-1.2499,-0.99997,-0.85715,-1.7528,-0.19653,0.33939,0.56869,-0.45394,0.41526,-0.99268,-1.2575,-0.16105,0.53636,1.1549,0.029959,1.6716,0.76688,0.41225,0.19861,-0.0080632,-1.0603,-1.6448,0.14607,-0.4539,-0.20344,-0.0419,-0.058344,-0.046198,-0.10737,-0.076386,-0.088254,-0.83765,0.7605,-1.1065,0.80243,-0.70807
-2.6281,-4.8994,-5.2923,-7.2349,-11.503,-1.6471,-1.7047,-1.5849,-0.7638,-0.0069411,-0.15189,-0.55224,0.8638,1.7578,0.5449,-1.548,-1.5197,-1.3991,-1.2499,-0.99997,-1.7092,0.30675,0.40955,0.089838,0.70391,0.22185,-0.36319,-0.74774,0.42238,-0.20543,0.24585,-2.4638,1.395,0.63151,1.5478,0.70069,0.48739,-0.43034,-1.813,1.2877,-0.086237,-0.48668,-0.07162,0.029702,-0.058344,-0.046198,-0.10737,-0.076386,0.76682,-0.83765,0.7605,-1.1065,0.80243
-0.68087,-2.6281,-4.8994,-5.2923,-7.2349,-1.5585,-1.6471,-1.7047,-1.5849,-0.7638,1.0034,-0.15189,-0.55224,0.8638,1.7578,-1.4875,-1.548,-1.5197,-1.3991,-1.2499,-0.77216,0.96479,0.071496,0.97225,0.22793,1.2261,1.3825,-1.2877,1.4313,0.80996,-0.62254,-1.5936,1.3212,-0.8965,-0.32463,0.10709,0.28817,-0.90137,-2.1021,0.65242,0.2481,-0.7996,-0.46155,-0.071778,0.029702,-0.058344,-0.046198,-0.10737,-0.61335,0.76682,-0.83765,0.7605,-1.1065
1.5854,-0.68087,-2.6281,-4.8994,-5.2923,-1.3904,-1.5585,-1.6471,-1.7047,-1.5849,0.42924,1.0034,-0.15189,-0.55224,0.8638,-1.4804,-1.4875,-1.548,-1.5197,-1.3991,-1.8661,0.45419,1.6891,-0.93464,0.65028,-0.14125,0.73264,-1.0055,-2.26,0.51788,0.48272,-1.0796,1.3736,-0.92473,-0.28586,1.6462,0.46358,-0.80988,-2.7459,0.92087,-0.65474,-1.2198,0.31746,-0.033279,-0.071778,0.029702,-0.058344,-0.046198,0.54616,-0.61335,0.76682,-0.83765,0.7605
1.0549,1.5854,-0.68087,-2.6281,-4.8994,-1.0585,-1.3904,-1.5585,-1.6471,-1.7047,-0.21928,0.42924,1.0034,-0.15189,-0.55224,-1.3659,-1.4804,-1.4875,-1.548,-1.5197,-1.1848,-0.53489,-0.9284,1.3601,-0.16565,-0.76056,0.12751,1.1669,-0.59441,0.31505,1.8846,-0.33056,-0.78436,-1.2298,-1.4485,-1.2175,-0.066694,1.081,-2.5964,-0.90653,-0.093024,0.36215,-0.25205,-0.17248,-0.033279,-0.071778,0.029702,-0.058344,-0.42441,0.54616,-0.61335,0.76682,-0.83765
2.2607,1.0549,1.5854,-0.68087,-2.6281,-0.52177,-1.0585,-1.3904,-1.5585,-1.6471,0.92442,-0.21928,0.42924,1.0034,-0.15189,-1.2842,-1.3659,-1.4804,-1.4875,-1.548,-1.0255,0.77117,-0.063514,-0.092985,0.55158,0.1196,-0.68107,1.1464,-0.64308,-0.57628,-0.97156,-1.8473,0.32774,-0.80982,-0.53055,-0.073488,-0.19069,1.1649,-3.1902,0.12292,0.11457,1.4577,0.055236,0.014528,-0.17248,-0.033279,-0.071778,0.029702,0.35517,-0.42441,0.54616,-0.61335,0.76682
1.7205,2.2607,1.0549,1.5854,-0.68087,-0.028623,-0.52177,-1.0585,-1.3904,-1.5585,-2.8992,0.92442,-0.21928,0.42924,1.0034,-1.2027,-1.2842,-1.3659,-1.4804,-1.4875,-0.96842,1.0515,-0.3819,-0.27951,-1.4185,0.67306,0.6056,0.19387,0.38785,1.1881,1.3106,-0.54129,-0.45273,0.29137,0.18576,-0.40513,0.91354,0.27434,-2.2515,-0.83575,0.47339,-1.9891,0.23152,-0.014562,0.014528,-0.17248,-0.033279,-0.071778,-0.40608,0.35517,-0.42441,0.54616,-0.61335
2.6308,1.7205,2.2607,1.0549,1.5854,0.13457,-0.028623,-0.52177,-1.0585,-1.3904,-1.1989,-2.8992,0.92442,-0.21928,0.42924,-1.1011,-1.2027,-1.2842,-1.3659,-1.4804,-1.1746,-0.14056,-0.26683,0.37082,0.67081,0.91298,-1.0337,-0.47985,-0.50111,0.73772,-0.037207,-1.6265,-0.25204,1.1411,1.2077,0.01572,-0.15777,-0.22231,-0.44074,-0.82991,0.9672,0.28816,-0.2791,0.19706,-0.014562,0.014528,-0.17248,-0.033279,0.18562,-0.40608,0.35517,-0.42441,0.54616
2.9137,2.6308,1.7205,2.2607,1.0549,0.12371,0.13457,-0.028623,-0.52177,-1.0585,-0.24477,-1.1989,-2.8992,0.92442,-0.21928,-0.88692,-1.1011,-1.2027,-1.2842,-1.3659,-0.52986,-0.13846,-0.22667,-0.49169,0.14395,-0.68322,1.0065,-0.2096,0.10208,-0.66153,0.11221,-1.708,0.11766,-1.2251,-0.97488,-0.42342,0.52153,0.057065,-0.12243,0.31451,0.3887,-0.80055,-0.15381,-0.0067148,0.19706,-0.014562,0.014528,-0.17248,-0.40658,0.18562,-0.40608,0.35517,-0.42441
0.9902,2.9137,2.6308,1.7205,2.2607,0.13809,0.12371,0.13457,-0.028623,-0.52177,0.25908,-0.24477,-1.1989,-2.8992,0.92442,-0.75041,-0.88692,-1.1011,-1.2027,-1.2842,-1.3143,0.44081,-0.65067,-0.48559,-0.23497,-0.35059,-0.3406,0.14285,0.14484,0.81842,0.58855,-1.8321,-0.1932,-0.87271,-1.129,-0.72544,0.52191,0.43013,-0.73851,0.56437,-0.52606,0.56731,0.40369,0.032588,-0.0067148,0.19706,-0.014562,0.014528,0.2059,-0.40658,0.18562,-0.40608,0.35517
1.6459,0.9902,2.9137,2.6308,1.7205,0.20619,0.13809,0.12371,0.13457,-0.028623,-1.107,0.25908,-0.24477,-1.1989,-2.8992,-0.53798,-0.75041,-0.88692,-1.1011,-1.2027,-0.26444,1.0208,-0.77348,2.8372,-0.029938,-0.68101,0.83224,0.99941,-0.24793,-0.9871,-1.0452,-2.4418,0.29103,-3.5058,-0.72234,-0.31663,-0.13311,1.3454,-0.88552,0.62684,-0.082153,-0.54906,-0.055367,-0.15041,0.032588,-0.0067148,0.19706,-0.014562,-0.42387,0.2059,-0.40658,0.18562,-0.40608
1.1749,1.6459,0.9902,2.9137,2.6308,0.38321,0.20619,0.13809,0.12371,0.13457,-0.31912,-1.107,0.25908,-0.24477,-1.1989,-0.44662,-0.53798,-0.75041,-0.88692,-1.1011,-0.62335,-0.19381,-1.1677,-0.89351,-0.18087,-0.10781,-0.25034,0.082356,-0.3741,-0.15991,0.68033,-0.84645,-0.4685,-1.5391,-0.77832,-0.96594,0.28974,0.47332,0.1532,-0.92612,0.35811,0.32024,0.015026,0.0067116,-0.15041,0.032588,-0.0067148,0.19706,0.24348,-0.42387,0.2059,-0.40658,0.18562
2.2235,1.1749,1.6459,0.9902,2.9137,0.22965,0.38321,0.20619,0.13809,0.12371,0.91496,-0.31912,-1.107,0.25908,-0.24477,-0.30078,-0.44662,-0.53798,-0.75041,-0.88692,0.039641,0.26647,-1.0194,0.16264,0.86265,0.78687,0.15125,0.47978,-0.090249,0.78846,-0.027389,-0.0078302,-0.43353,-1.8374,-0.28743,-0.78553,0.079341,0.79843,0.35666,0.35083,0.10728,0.049826,-0.13143,-0.016779,0.0067116,-0.15041,0.032588,-0.0067148,-0.2901,0.24348,-0.42387,0.2059,-0.40658
2.0769,2.2235,1.1749,1.6459,0.9902,0.46885,0.22965,0.38321,0.20619,0.13809,-0.099064,0.91496,-0.31912,-1.107,0.25908,-0.16,-0.30078,-0.44662,-0.53798,-0.75041,0.34294,2.203,-1.0152,0.56359,-0.007397,0.25737,0.79228,0.011467,0.66978,-1.3486,-0.81968,0.63005,0.10158,-1.9053,-1.4651,-1.3415,-0.93399,0.28823,-0.20815,0.85513,0.5085,-0.38431,-0.1458,0.093439,-0.016779,0.0067116,-0.15041,0.032588,0.29777,-0.2901,0.24348,-0.42387,0.2059
1.9554,2.0769,2.2235,1.1749,1.6459,0.4579,0.46885,0.22965,0.38321,0.20619,-1.3242,-0.099064,0.91496,-0.31912,-1.107,-0.027637,-0.16,-0.30078,-0.44662,-0.53798,1.5133,-1.5967,-1.2246,-0.37471,-0.70747,-1.4705,-1.7255,1.5337,0.77241,0.95128,0.41504,-0.35691,-1.1778,-1.3318,-0.48448,-1.0452,-0.63484,1.7932,-1.0501,0.049709,-0.11769,0.70843,0.28943,0.033497,0.093439,-0.016779,0.0067116,-0.15041,-0.17194,0.29777,-0.2901,0.24348,-0.42387
0.71123,1.9554,2.0769,2.2235,1.1749,0.49425,0.4579,0.46885,0.22965,0.38321,-0.78782,-1.3242,-0.099064,0.91496,-0.31912,-0.15291,-0.027637,-0.16,-0.30078,-0.44662,-0.95992,-0.99245,-0.88133,-0.09643,-0.17012,-1.1903,-0.8684,-0.081613,-0.054263,-0.60478,0.67072,0.076776,-1.1048,-0.76822,-0.48457,-0.65033,0.48649,0.32102,0.65154,-1.3794,0.31862,0.35795,0.11945,0.051679,0.033497,0.093439,-0.016779,0.0067116,0.065364,-0.17194,0.29777,-0.2901,0.24348
0.60066,0.71123,1.9554,2.0769,2.2235,-0.03454,0.49425,0.4579,0.46885,0.22965,-0.73607,-0.78782,-1.3242,-0.099064,0.91496,-0.1617,-0.15291,-0.027637,-0.16,-0.30078,-0.65219,1.2673,-0.12177,0.25006,0.17249,-0.019815,0.36204,0.32245,-0.011249,0.81004,-0.981,-2.624,-0.25125,-1.1198,-0.97927,-0.3113,0.14816,0.73115,0.68519,-0.53554,-0.30402,-0.02411,0.04075,0.035065,0.051679,0.033497,0.093439,-0.016779,-0.063635,0.065364,-0.17194,0.29777,-0.2901
1.0663,0.60066,0.71123,1.9554,2.0769,-0.21918,-0.03454,0.49425,0.4579,0.46885,0.59884,-0.73607,-0.78782,-1.3242,-0.099064,-0.19021,-0.1617,-0.15291,-0.027637,-0.16,-0.5952,-0.23631,-0.36858,0.11088,-0.25414,0.64631,0.90946,0.30955,0.049248,-0.29627,0.71391,-0.31985,-0.10533,-1.2671,-0.62427,-0.33771,-0.27645,0.65613,0.87505,0.75538,0.03563,0.31954,-0.20052,0.031613,0.035065,0.051679,0.033497,0.093439,-0.16194,-0.063635,0.065364,-0.17194,0.29777
0.88943,1.0663,0.60066,0.71123,1.9554,-0.26487,-0.21918,-0.03454,0.49425,0.4579,-0.1398,0.59884,-0.73607,-0.78782,-1.3242,-0.1749,-0.19021,-0.1617,-0.15291,-0.027637,-0.63816,-0.68537,-0.27514,0.76177,0.37767,0.025107,-0.17266,0.10547,-0.33965,-0.16488,-0.41433,0.28907,-0.33267,-0.94655,-1.1303,-0.52034,-0.26294,0.38721,1.402,0.44169,0.087944,-0.21415,-0.08744,-0.017164,0.031613,0.035065,0.051679,0.033497,0.23764,-0.16194,-0.063635,0.065364,-0.17194
1.6932,0.88943,1.0663,0.60066,0.71123,-0.22239,-0.26487,-0.21918,-0.03454,0.49425,0.29496,-0.1398,0.59884,-0.73607,-0.78782,-0.074976,-0.1749,-0.19021,-0.1617,-0.15291,0.44987,0.97859,0.12106,-0.85546,0.37688,-0.3548,-1.343,-0.81705,0.024254,1.3713,-0.21923,-0.93052,0.21387,-1.4431,-0.97353,-0.078416,-0.31447,-0.48526,0.96566,0.57582,0.2396,0.44837,-0.58586,0.039804,-0.017164,0.031613,0.035065,0.051679,-0.39618,0.23764,-0.16194,-0.063635,0.065364
1.2922,1.6932,0.88943,1.0663,0.60066,-0.073282,-0.22239,-0.26487,-0.21918,-0.03454,0.51675,0.29496,-0.1398,0.59884,-0.73607,-0.07059,-0.074976,-0.1749,-0.19021,-0.1617,-0.036958,-0.6228,-0.08194,0.0081855,0.10271,2.5665,-0.25123,-0.21045,0.043763,0.0052697,-0.60149,-0.54054,0.70114,-0.30696,-0.56192,-0.30159,-0.24912,0.025387,0.56331,1.7076,-1.3286,0.078824,0.6599,-0.13532,0.039804,-0.017164,0.031613,0.035065,0.55331,-0.39618,0.23764,-0.16194,-0.063635
2.2899,1.2922,1.6932,0.88943,1.0663,0.27523,-0.073282,-0.22239,-0.26487,-0.21918,-0.55964,0.51675,0.29496,-0.1398,0.59884,0.045299,-0.07059,-0.074976,-0.1749,-0.19021,-0.50964,-0.50222,0.143,-0.5001,0.024979,-2.5553,-0.23287,0.50072,0.69107,0.12716,0.47867,-1.4915,0.2395,-1.0464,-1.7621,-0.2181,1.231,0.71851,0.89183,0.28021,-0.49218,-0.21534,-0.11014,-0.11184,-0.13532,0.039804,-0.017164,0.031613,-0.52489,0.55331,-0.39618,0.23764,-0.16194
1.4653,2.2899,1.2922,1.6932,0.88943,0.51373,0.27523,-0.073282,-0.22239,-0.26487,-0.68482,-0.55964,0.51675,0.29496,-0.1398,0.097561,0.045299,-0.07059,-0.074976,-0.1749,-0.53395,0.14481,0.10167,0.86639,0.46595,-0.8776,2.1237,-0.64217,0.49459,-0.15002,1.0324,-3.5022,0.56513,0.47145,-0.22378,-0.059614,-0.74258,-0.4085,0.31669,1.2765,-0.64005,0.0571,-0.0062781,-0.3773,-0.11184,-0.13532,0.039804,-0.017164,0.89721,-0.52489,0.55331,-0.39618,0.23764
1.6045,1.4653,2.2899,1.2922,1.6932,0.89756,0.51373,0.27523,-0.073282,-0.22239,0.053323,-0.68482,-0.55964,0.51675,0.29496,0.11795,0.097561,0.045299,-0.07059,-0.074976,0.056552,0.27188,0.057734,-1.334,0.11403,-0.23902,-2.4275,-1.0964,0.10235,-1.1601,-1.5848,-0.12611,0.66659,0.18181,0.10696,0.13239,-0.68659,-0.87848,0.19733,1.3291,-0.75841,-0.50898,0.50878,-0.083346,-0.3773,-0.11184,-0.13532,0.039804,-0.68841,0.89721,-0.52489,0.55331,-0.39618
3.2512,1.6045,1.4653,2.2899,1.2922,0.75115,0.89756,0.51373,0.27523,-0.073282,-0.38683,0.053323,-0.68482,-0.55964,0.51675,0.072442,0.11795,0.097561,0.045299,-0.07059,-0.16905,-0.047463,0.27285,1.5141,0.098078,0.63625,1.7501,0.33662,-0.31755,1.4824,0.51256,0.77174,1.0537,-0.82532,-0.38161,0.17476,0.56204,0.32375,0.89404,1.0947,-0.99181,0.064813,0.68185,-0.12173,-0.083346,-0.3773,-0.11184,-0.13532,0.82201,-0.68841,0.89721,-0.52489,0.55331
2.1039,3.2512,1.6045,1.4653,2.2899,0.3645,0.75115,0.89756,0.51373,0.27523,-0.38855,-0.38683,0.053323,-0.68482,-0.55964,0.11033,0.072442,0.11795,0.097561,0.045299,0.62553,0.39807,0.40624,-1.4027,-0.068579,1.0464,-1.0779,-1.271,-0.45798,-0.16449,-0.59536,-0.28297,1.1193,-0.60609,0.83942,0.76182,-0.034056,-1.0768,0.50085,0.49815,0.021456,-0.70868,-0.27293,0.15234,-0.12173,-0.083346,-0.3773,-0.11184,-0.89504,0.82201,-0.68841,0.89721,-0.52489
0.7771,2.1039,3.2512,1.6045,1.4653,-0.032922,0.3645,0.75115,0.89756,0.51373,-0.7818,-0.38855,-0.38683,0.053323,-0.68482,0.10826,0.11033,0.072442,0.11795,0.097561,-0.23138,-0.87918,0.25403,0.43233,-0.0013283,-0.40043,0.2818,-0.094066,-0.15897,-0.46774,0.56515,0.77391,-0.20368,0.41434,0.90815,0.59223,0.88827,-0.068211,0.99759,0.19029,-0.038432,-0.34092,-0.092197,-0.06095,0.15234,-0.12173,-0.083346,-0.3773,0.79174,-0.89504,0.82201,-0.68841,0.89721
0.21795,0.7771,2.1039,3.2512,1.6045,-0.50386,-0.032922,0.3645,0.75115,0.89756,0.6418,-0.7818,-0.38855,-0.38683,0.053323,0.20399,0.10826,0.11033,0.072442,0.11795,0.5599,0.3369,-0.62397,-0.725,0.034421,0.75799,0.82054,0.33531,0.18144,-0.8403,-0.1112,1.8912,-0.57985,0.84076,-0.10055,-0.61214,0.06646,0.31162,0.64847,0.013223,-0.58591,-0.36761,-0.024259,0.015154,-0.06095,0.15234,-0.12173,-0.083346,-0.90765,0.79174,-0.89504,0.82201,-0.68841
0.36172,0.21795,0.7771,2.1039,3.2512,-0.65017,-0.50386,-0.032922,0.3645,0.75115,-0.37746,0.6418,-0.7818,-0.38855,-0.38683,0.23651,0.20399,0.10826,0.11033,0.072442,-0.21603,0.90931,0.17818,0.85463,-0.1707,-0.39014,0.36002,0.48252,0.3027,1.0843,-0.13643,-0.6291,-0.086048,0.82319,0.24689,0.093953,-0.085874,0.47699,-0.055868,-0.77203,-0.60845,0.41363,0.5148,-0.18059,0.015154,-0.06095,0.15234,-0.12173,0.80862,-0.90765,0.79174,-0.89504,0.82201
0.27416,0.36172,0.21795,0.7771,2.1039,-1.2115,-0.65017,-0.50386,-0.032922,0.3645,-0.549,-0.37746,0.6418,-0.7818,-0.38855,0.2978,0.23651,0.20399,0.10826,0.11033,-0.068714,-1.4815,0.37105,0.62382,0.10311,0.23417,-0.64686,0.50324,-0.21762,-0.21595,-0.34598,1.3555,-0.40278,1.4991,0.66253,0.28197,0.66355,0.46944,0.35572,0.42779,-0.051857,-0.39207,-0.78443,0.047453,-0.18059,0.015154,-0.06095,0.15234,-0.96782,0.80862,-0.90765,0.79174,-0.89504
-0.022244,0.27416,0.36172,0.21795,0.7771,-1.0119,-1.2115,-0.65017,-0.50386,-0.032922,1.0837,-0.549,-0.37746,0.6418,-0.7818,0.41767,0.2978,0.23651,0.20399,0.10826,0.54197,1.1925,0.1307,-0.757,0.12396,0.26095,1.0601,0.033321,-0.7266,0.41042,-0.036545,-0.30587,-0.17313,-0.63709,-0.7487,0.051873,-0.9885,0.071916,-0.62637,0.60881,-0.14723,-0.37243,-0.30201,0.011835,0.047453,-0.18059,0.015154,-0.06095,0.77487,-0.96782,0.80862,-0.90765,0.79174
0.10265,-0.022244,0.27416,0.36172,0.21795,-0.55803,-1.0119,-1.2115,-0.65017,-0.50386,-0.07595,1.0837,-0.549,-0.37746,0.6418,0.48585,0.41767,0.2978,0.23651,0.20399,0.27804,-0.55353,-0.37918,-0.02338,0.48301,-0.86622,-0.76994,0.89291,-0.10944,-0.47321,-0.013993,-0.59661,-0.35549,0.082866,-0.073941,-0.4522,1.0674,0.77916,0.83251,-3.0367,-0.55896,0.2866,0.46124,0.24413,0.011835,0.047453,-0.18059,0.015154,-1.077,0.77487,-0.96782,0.80862,-0.90765
0.3652,0.10265,-0.022244,0.27416,0.36172,-0.31784,-0.55803,-1.0119,-1.2115,-0.65017,0.30611,-0.07595,1.0837,-0.549,-0.37746,0.52398,0.48585,0.41767,0.2978,0.23651,-0.055213,-1.4195,-0.069745,0.7716,-0.20613,-0.79098,1.9169,-0.30388,-0.38775,-0.95557,-0.24628,0.080185,0.30722,0.096973,0.16499,-0.1493,0.46432,-0.52983,0.39539,-0.13092,-0.1052,-1.0594,0.075711,0.037232,0.24413,0.011835,0.047453,-0.18059,0.79118,-1.077,0.77487,-0.96782,0.80862
0.32569,0.3652,0.10265,-0.022244,0.27416,-0.16885,-0.31784,-0.55803,-1.0119,-1.2115,-0.44807,0.30611,-0.07595,1.0837,-0.549,0.58587,0.52398,0.48585,0.41767,0.2978,0.18451,0.61656,-0.57488,0.90294,-0.047421,-0.15729,-0.22004,0.37037,0.73813,-0.04479,0.36215,0.8235,-0.17345,0.71425,-0.34954,-0.71414,0.044011,0.28686,0.32355,-0.87813,0.29167,-0.38611,-0.12362,0.07286,0.037232,0.24413,0.011835,0.047453,-0.78017,0.79118,-1.077,0.77487,-0.96782
1.1104,0.32569,0.3652,0.10265,-0.022244,-0.16121,-0.16885,-0.31784,-0.55803,-1.0119,0.68261,-0.44807,0.30611,-0.07595,1.0837,0.61915,0.58587,0.52398,0.48585,0.41767,0.53944,0.86432,0.049671,-0.4085,0.015869,-0.58642,0.19416,0.81449,0.48551,-0.64821,-0.21923,0.35085,-0.39518,0.44921,1.2402,0.35458,-0.034688,0.65947,0.23652,0.0014757,-0.0064313,0.15082,-0.0047651,-0.088574,0.07286,0.037232,0.24413,0.011835,0.85538,-0.78017,0.79118,-1.077,0.77487
1.0499,1.1104,0.32569,0.3652,0.10265,0.065568,-0.16121,-0.16885,-0.31784,-0.55803,0.25941,0.68261,-0.44807,0.30611,-0.07595,0.55948,0.61915,0.58587,0.52398,0.48585,0.23629,-1.0527,-0.10614,-0.26003,0.54557,0.55865,-0.52544,0.12503,0.38845,0.27978,-1.3466,-0.18941,-0.37799,-1.0278,-0.20326,0.047359,0.13844,-0.14559,0.84003,0.2328,0.28443,0.36094,0.066434,0.024446,-0.088574,0.07286,0.037232,0.24413,-0.52801,0.85538,-0.78017,0.79118,-1.077
0.92505,1.0499,1.1104,0.32569,0.3652,0.058856,0.065568,-0.16121,-0.16885,-0.31784,0.13123,0.25941,0.68261,-0.44807,0.30611,0.53497,0.55948,0.61915,0.58587,0.52398,0.20348,1.1556,-0.076571,-0.36294,-0.13631,-0.08018,-0.30842,-1.3127,0.063014,0.63568,1.5789,0.036148,0.63405,0.24691,0.41533,0.11898,0.95634,-1.4457,0.13482,0.69407,0.28609,-1.0357,-0.0013853,-0.010737,0.024446,-0.088574,0.07286,0.037232,0.41802,-0.52801,0.85538,-0.78017,0.79118
-0.21044,0.92505,1.0499,1.1104,0.32569,-0.04148,0.058856,0.065568,-0.16121,-0.16885,-0.59841,0.13123,0.25941,0.68261,-0.44807,0.48094,0.53497,0.55948,0.61915,0.58587,-0.19496,-1.011,0.030853,-0.19232,-0.31037,0.26912,1.2129,1.2042,0.17796,-0.56739,-0.92414,0.67162,-0.070172,0.27377,0.33335,-0.037903,-0.51867,0.95463,0.21702,0.55371,0.10666,0.23098,0.16547,0.068427,-0.010737,0.024446,-0.088574,0.07286,-0.30827,0.41802,-0.52801,0.85538,-0.78017
-1.1875,-0.21044,0.92505,1.0499,1.1104,-0.074737,-0.04148,0.058856,0.065568,-0.16121,-0.13984,-0.59841,0.13123,0.25941,0.68261,0.50178,0.48094,0.53497,0.55948,0.61915,0.21326,0.059299,-1.0596,-0.11073,-0.072874,0.10071,-0.59517,0.44842,-0.088447,0.11275,-0.080295,1.4614,-0.75829,-0.23231,-0.068682,-0.717,1.1992,0.33845,0.52491,-0.58055,0.72576,-0.24418,0.0038724,-0.004188,0.068427,-0.010737,0.024446,-0.088574,0.0039513,-0.30827,0.41802,-0.52801,0.85538
-2.086,-1.1875,-0.21044,0.92505,1.0499,-0.52908,-0.074737,-0.04148,0.058856,0.065568,-0.24483,-0.13984,-0.59841,0.13123,0.25941,0.51676,0.50178,0.48094,0.53497,0.55948,0.30827,0.32076,-0.35032,0.40421,-0.552,-0.056991,1.1312,0.45324,0.058771,0.41213,-0.041037,1.1444,-1.1064,0.44422,0.073201,-0.24671,0.061964,0.35521,0.60791,-2.065,0.5201,-0.34239,-0.2012,-0.010183,-0.004188,0.068427,-0.010737,0.024446,0.17685,0.0039513,-0.30827,0.41802,-0.52801
-0.86953,-2.086,-1.1875,-0.21044,0.92505,-0.79675,-0.52908,-0.074737,-0.04148,0.058856,0.012746,-0.24483,-0.13984,-0.59841,0.13123,0.51423,0.51676,0.50178,0.48094,0.53497,0.24821,-0.57569,-0.39553,0.58989,0.35203,0.16872,-0.20795,0.56468,-0.54542,-0.26685,-0.12278,-0.23994,-0.33661,-0.55338,-0.25216,-0.31345,0.94432,0.28596,1.0302,0.62819,0.40864,0.44269,-0.36592,-0.039174,-0.010183,-0.004188,0.068427,-0.010737,-0.40818,0.17685,0.0039513,-0.30827,0.41802
0.30106,-0.86953,-2.086,-1.1875,-0.21044,-0.86374,-0.79675,-0.52908,-0.074737,-0.04148,0.4293,0.012746,-0.24483,-0.13984,-0.59841,0.52681,0.51423,0.51676,0.50178,0.48094,0.15138,-0.44064,1.272,-2.2149,0.50347,-0.20239,0.066084,-0.77295,-0.49736,-0.61758,-0.28272,-0.29897,0.69098,-0.71209,-0.94142,0.78973,-0.28434,-0.86711,0.58113,1.0815,-0.20293,-1.1848,0.0569,-0.074457,-0.039174,-0.010183,-0.004188,0.068427,0.67253,-0.40818,0.17685,0.0039513,-0.30827
0.88702,0.30106,-0.86953,-2.086,-1.1875,-0.92693,-0.86374,-0.79675,-0.52908,-0.074737,0.52499,0.4293,0.012746,-0.24483,-0.13984,0.53503,0.52681,0.51423,0.51676,0.50178,-0.040281,-0.85255,0.79966,1.2034,0.16509,-1.2845,1.2755,-0.028422,0.24819,1.1701,-0.11656,0.037002,0.36562,0.151,-0.36559,0.53647,1.2147,-0.060275,0.55453,0.80924,-0.59894,0.10308,0.089266,-0.072346,-0.074457,-0.039174,-0.010183,-0.004188,-0.6707,0.67253,-0.40818,0.17685,0.0039513
-0.039372,0.88702,0.30106,-0.86953,-2.086,-0.76135,-0.92693,-0.86374,-0.79675,-0.52908,0.04702,0.52499,0.4293,0.012746,-0.24483,0.50924,0.53503,0.52681,0.51423,0.51676,-0.0058704,0.53033,0.36541,0.38554,-0.29433,0.32055,0.97258,0.3245,0.45672,-1.8738,-0.65985,0.60073,0.12698,0.084241,1.0784,0.66158,-0.39622,0.086999,-0.15507,-0.026748,-0.28576,-0.96533,0.15532,-0.16205,-0.072346,-0.074457,-0.039174,-0.010183,1.202,-0.6707,0.67253,-0.40818,0.17685
-0.41761,-0.039372,0.88702,0.30106,-0.86953,-0.78841,-0.76135,-0.92693,-0.86374,-0.79675,-0.24105,0.04702,0.52499,0.4293,0.012746,0.48556,0.50924,0.53503,0.52681,0.51423,0.17766,-0.85726,-0.98574,-0.12122,0.35656,-0.36513,-1.0178,0.80777,1.3564,0.71825,1.1658,-0.36882,-0.45539,-0.49774,-0.38488,-1.1124,0.75539,0.69241,0.3092,-0.88855,0.013096,0.39559,-0.34516,-0.048278,-0.16205,-0.072346,-0.074457,-0.039174,-0.97799,1.202,-0.6707,0.67253,-0.40818
-0.023668,-0.41761,-0.039372,0.88702,0.30106,-0.65696,-0.78841,-0.76135,-0.92693,-0.86374,0.94538,-0.24105,0.04702,0.52499,0.4293,0.47681,0.48556,0.50924,0.53503,0.52681,0.49422,-0.138,-0.57197,1.1108,-0.23396,1.4985,1.852,0.4842,2.6716,0.95613,-0.98888,-0.54167,-0.4711,0.12044,-0.8438,-0.74733,-0.19479,0.42281,0.259,-0.35234,-0.47645,-0.36588,0.31081,-0.055247,-0.048278,-0.16205,-0.072346,-0.074457,1.019,-0.97799,1.202,-0.6707,0.67253
0.36509,-0.023668,-0.41761,-0.039372,0.88702,-0.79605,-0.65696,-0.78841,-0.76135,-0.92693,-0.84326,0.94538,-0.24105,0.04702,0.52499,0.51515,0.47681,0.48556,0.50924,0.53503,0.1423,0.30236,-0.15035,-1.1774,0.7163,0.99881,-0.93547,-0.40202,-7.5812,-0.59824,0.09361,-0.75377,0.16417,0.85394,0.94733,-0.090889,0.18017,-0.35109,0.80561,0.29853,-0.73361,0.57695,0.095278,0.051061,-0.055247,-0.048278,-0.16205,-0.072346,-1.3435,1.019,-0.97799,1.202,-0.6707
1.0002,0.36509,-0.023668,-0.41761,-0.039372,-0.56764,-0.79605,-0.65696,-0.78841,-0.76135,0.89987,-0.84326,0.94538,-0.24105,0.04702,0.62972,0.51515,0.47681,0.48556,0.50924,0.443,0.72143,1.0641,1.0012,0.11257,-1.1984,0.77229,0.57731,-0.15679,0.021963,0.23894,0.81693,0.23098,0.10579,-0.29996,0.81536,0.30035,0.53658,-0.36135,0.66639,0.10719,-0.7377,-0.47103,-0.019071,0.051061,-0.055247,-0.048278,-0.16205,0.89677,-1.3435,1.019,-0.97799,1.202
-1.3353,1.0002,0.36509,-0.023668,-0.41761,-0.0064701,-0.56764,-0.79605,-0.65696,-0.78841,-0.6865,0.89987,-0.84326,0.94538,-0.24105,0.64254,0.62972,0.51515,0.47681,0.48556,0.25458,-0.47098,-1.1858,-1.5626,-0.57508,-1.0277,0.68961,0.3781,0.080325,-0.51453,-1.4969,-0.33158,0.24659,-1.143,-0.18542,-0.7334,-0.19604,0.28201,-0.42586,-0.53974,0.23591,0.3348,0.24866,0.009271,-0.019071,0.051061,-0.055247,-0.048278,-0.94365,0.89677,-1.3435,1.019,-0.97799
-0.9006,-1.3353,1.0002,0.36509,-0.023668,0.040345,-0.0064701,-0.56764,-0.79605,-0.65696,-0.18528,-0.6865,0.89987,-0.84326,0.94538,0.6212,0.64254,0.62972,0.51515,0.47681,0.40674,0.0584,-0.97378,1.0181,0.23385,0.83492,-2.0216,0.057896,-0.098416,0.38339,0.88974,1.1537,-0.31893,-1.7956,-0.7069,-0.97017,1.5674,0.07294,0.14384,-0.7639,0.0055603,-0.28757,-0.018256,-0.044288,0.009271,-0.019071,0.051061,-0.055247,0.83135,-0.94365,0.89677,-1.3435,1.019
-0.72043,-0.9006,-1.3353,1.0002,0.36509,0.01011,0.040345,-0.0064701,-0.56764,-0.79605,0.39076,-0.18528,-0.6865,0.89987,-0.84326,0.62269,0.6212,0.64254,0.62972,0.51515,0.47402,-0.54194,-0.33569,1.0291,-0.10975,-0.32771,1.3629,0.19954,0.28492,-0.31882,0.6034,0.27961,-0.27432,-0.80857,-0.26495,-0.0067504,-0.023946,0.12639,-0.43892,-0.70849,-0.51727,0.064169,-0.10212,0.018541,-0.044288,0.009271,-0.019071,0.051061,-0.59419,0.83135,-0.94365,0.89677,-1.3435
-0.22153,-0.72043,-0.9006,-1.3353,1.0002,0.45074,0.01011,0.040345,-0.0064701,-0.56764,0.049589,0.39076,-0.18528,-0.6865,0.89987,0.59832,0.62269,0.6212,0.64254,0.62972,0.048431,-0.14074,0.12314,0.76126,0.17117,0.34756,-0.92544,0.31454,-0.0047321,0.64878,-0.87377,0.84493,-0.31783,-0.18239,0.18491,0.37567,-1.0201,0.3194,-0.36333,-0.19414,-0.36333,0.026125,0.24382,0.027198,0.018541,-0.044288,0.009271,-0.019071,0.40941,-0.59419,0.83135,-0.94365,0.89677
-0.27707,-0.22153,-0.72043,-0.9006,-1.3353,0.54357,0.45074,0.01011,0.040345,-0.0064701,0.28393,0.049589,0.39076,-0.18528,-0.6865,0.61239,0.59832,0.62269,0.6212,0.64254,0.027876,-0.24776,0.039417,-2.0949,0.10641,-0.8505,0.50142,-0.79126,-0.29098,-0.30861,0.14484,1.3008,0.046842,0.17399,-0.55091,-0.16419,0.53437,-0.5622,0.27609,-0.2879,-0.50184,-0.40168,0.31449,0.061586,0.027198,0.018541,-0.044288,0.009271,-0.27856,0.40941,-0.59419,0.83135,-0.94365
0.21701,-0.27707,-0.22153,-0.72043,-0.9006,0.47687,0.54357,0.45074,0.01011,0.040345,-0.72092,0.28393,0.049589,0.39076,-0.18528,0.62604,0.61239,0.59832,0.62269,0.6212,0.45877,-0.28321,0.063429,0.38089,-0.13066,0.44854,0.26355,0.85531,0.20966,-0.27737,-0.16761,0.48926,0.10727,0.33263,-0.24915,-0.10822,-0.3303,0.82837,0.19319,-0.95859,-0.20994,-0.21326,-0.23934,0.082642,0.061586,0.027198,0.018541,-0.044288,0.011026,-0.27856,0.40941,-0.59419,0.83135
0.68601,0.21701,-0.27707,-0.22153,-0.72043,0.55799,0.47687,0.54357,0.45074,0.01011,0.24269,-0.72092,0.28393,0.049589,0.39076,0.61904,0.62604,0.61239,0.59832,0.62269,-0.021909,-0.077936,-0.20203,0.69807,-0.39529,0.53141,-0.68211,0.50977,0.036208,-0.38784,0.29353,0.5652,-0.075987,-0.31589,-0.40836,-0.38044,1.0007,0.50238,0.26955,0.22164,-0.56275,0.50666,0.39491,0.052213,0.082642,0.061586,0.027198,0.018541,0.049444,0.011026,-0.27856,0.40941,-0.59419
0.31801,0.68601,0.21701,-0.27707,-0.22153,0.36052,0.55799,0.47687,0.54357,0.45074,0.45182,0.24269,-0.72092,0.28393,0.049589,0.67547,0.61904,0.62604,0.61239,0.59832,0.054751,0.16703,-0.43406,-0.49884,-0.10234,-0.097312,0.70424,-0.15743,-0.69717,0.73057,-0.21557,0.88796,-0.61849,-0.71301,0.33527,-0.18084,0.099232,-0.11939,0.71434,-1.0945,-0.5405,-0.24422,0.16344,0.17018,0.052213,0.082642,0.061586,0.027198,-0.38386,0.049444,0.011026,-0.27856,0.40941
0.27684,0.31801,0.68601,0.21701,-0.27707,0.048883,0.36052,0.55799,0.47687,0.54357,0.67174,0.45182,0.24269,-0.72092,0.28393,0.75098,0.67547,0.61904,0.62604,0.61239,0.46573,-1.3282,-0.076375,1.0663,-0.34756,-1.2505,2.234,0.46316,0.035837,0.14224,-0.4715,0.56777,-0.75973,0.060353,0.022876,-0.47792,-0.065886,0.67623,0.72151,0.0022534,-0.52209,0.41721,-0.20029,-0.049679,0.17018,0.052213,0.082642,0.061586,0.38401,-0.38386,0.049444,0.011026,-0.27856
-0.38226,0.27684,0.31801,0.68601,0.21701,0.14362,0.048883,0.36052,0.55799,0.47687,-0.34029,0.67174,0.45182,0.24269,-0.72092,0.72975,0.75098,0.67547,0.61904,0.62604,-0.43007,-0.87415,0.39606,-0.70061,0.40777,-0.78964,-0.93769,0.22944,-0.096068,-0.47973,-0.32026,1.1372,0.076911,0.14464,-0.5827,0.18657,-0.25954,0.29279,0.4827,0.50077,-0.3167,0.11467,-0.13157,-0.022482,-0.049679,0.17018,0.052213,0.082642,-0.43011,0.38401,-0.38386,0.049444,0.011026
-0.021635,-0.38226,0.27684,0.31801,0.68601,0.46121,0.14362,0.048883,0.36052,0.55799,-1.3281,-0.34029,0.67174,0.45182,0.24269,0.76777,0.72975,0.75098,0.67547,0.61904,0.076626,0.25798,0.23817,-0.68553,-0.39729,-0.09756,-0.96585,-0.96946,0.41732,-0.2132,0.55566,1.2379,0.17675,-0.29481,-0.080196,0.017669,0.37596,-1.0862,0.13659,0.29615,-0.1276,-1.1874,0.38809,-0.3056,-0.022482,-0.049679,0.17018,0.052213,0.74061,-0.43011,0.38401,-0.38386,0.049444
0.72013,-0.021635,-0.38226,0.27684,0.31801,0.083237,0.46121,0.14362,0.048883,0.36052,0.67488,-1.3281,-0.34029,0.67174,0.45182,0.75679,0.76777,0.72975,0.75098,0.67547,-0.18641,0.49868,-0.49817,0.58595,0.46704,1.2309,0.35154,1.0512,0.26132,-0.66843,-0.12007,0.53953,0.46844,-0.67264,-0.78234,-0.60011,0.21897,1.1285,0.31628,0.75078,-0.47607,0.81977,-0.335,-0.021682,-0.3056,-0.022482,-0.049679,0.17018,-0.50399,0.74061,-0.43011,0.38401,-0.38386
1.5822,0.72013,-0.021635,-0.38226,0.27684,0.25735,0.083237,0.46121,0.14362,0.048883,0.82594,0.67488,-1.3281,-0.34029,0.67174,0.82121,0.75679,0.76777,0.72975,0.75098,0.012711,-0.07785,-0.5903,0.22658,0.097055,0.83762,-0.087338,0.80493,0.056836,0.55137,0.23492,-0.24927,-0.18064,-0.206,0.35981,-0.21037,0.32339,0.75447,-0.010918,0.7326,-0.75658,0.046561,0.061573,-0.040734,-0.021682,-0.3056,-0.022482,-0.049679,0.47547,-0.50399,0.74061,-0.43011,0.38401
0.87928,1.5822,0.72013,-0.021635,-0.38226,0.54858,0.25735,0.083237,0.46121,0.14362,0.30851,0.82594,0.67488,-1.3281,-0.34029,0.91263,0.82121,0.75679,0.76777,0.72975,0.30143,1.0942,0.021578,0.049812,0.13325,-2.2244,0.6352,-0.024572,-0.13699,-0.61066,0.094791,-0.075897,-0.72531,0.30607,0.30784,-0.093501,-0.12735,-0.095172,0.15031,-1.8636,-0.80887,-0.14957,0.24602,0.168,-0.040734,-0.021682,-0.3056,-0.022482,-0.60884,0.47547,-0.50399,0.74061,-0.43011
0.59977,0.87928,1.5822,0.72013,-0.021635,0.91065,0.54858,0.25735,0.083237,0.46121,-0.52004,0.30851,0.82594,0.67488,-1.3281,0.85623,0.91263,0.82121,0.75679,0.76777,-0.018318,-0.32294,-0.30284,-0.57018,0.1102,0.67798,-0.54151,0.28603,0.04309,0.23784,-0.47417,-0.26438,-0.052065,0.51647,0.14481,0.14875,-1.0044,0.39404,0.0087751,-0.08518,-0.19434,-0.084702,0.11565,0.082117,0.168,-0.040734,-0.021682,-0.3056,0.23908,-0.60884,0.47547,-0.50399,0.74061
-0.018366,0.59977,0.87928,1.5822,0.72013,1.0259,0.91065,0.54858,0.25735,0.083237,0.28685,-0.52004,0.30851,0.82594,0.67488,0.86278,0.85623,0.91263,0.82121,0.75679,0.53944,-0.016267,-0.27722,0.39631,-0.08757,-0.031849,-0.8382,0.64036,0.1529,-0.51209,-0.39681,-0.81228,0.12201,-0.43988,-0.17872,-0.053388,0.065239,0.49662,-0.19652,-0.89097,0.012395,0.53511,-0.13811,0.11284,0.082117,0.168,-0.040734,-0.021682,-0.33078,0.23908,-0.60884,0.47547,-0.50399
-0.021087,-0.018366,0.59977,0.87928,1.5822,1.2659,1.0259,0.91065,0.54858,0.25735,0.35535,0.28685,-0.52004,0.30851,0.82594,0.84268,0.86278,0.85623,0.91263,0.82121,0.22896,-0.42014,-0.23633,4.8825,-0.46235,1.1512,1.9881,0.11157,-0.17771,0.09191,-0.20364,-0.16977,-0.27325,-0.61967,-0.11201,-0.14347,0.53094,-0.052134,0.35011,-0.030387,0.0086186,-0.47939,-0.0061724,0.13227,0.11284,0.082117,0.168,-0.040734,0.022423,-0.33078,0.23908,-0.60884,0.47547
-0.84498,-0.021087,-0.018366,0.59977,0.87928,1.4848,1.2659,1.0259,0.91065,0.54858,0.63306,0.35535,0.28685,-0.52004,0.30851,0.90525,0.84268,0.86278,0.85623,0.91263,0.33807,0.8308,-0.48777,-3.8944,0.29106,0.44138,-1.2642,0.22871,0.11484,0.12022,0.012009,-0.079023,-0.38816,-0.97728,-0.84408,-0.58192,-0.2557,0.011267,0.40426,-0.67882,-0.15016,1.0075,0.20437,0.064714,0.13227,0.11284,0.082117,0.168,-0.065571,0.022423,-0.33078,0.23908,-0.60884
-0.35204,-0.84498,-0.021087,-0.018366,0.59977,1.7387,1.4848,1.2659,1.0259,0.91065,0.086533,0.63306,0.35535,0.28685,-0.52004,0.9871,0.90525,0.84268,0.86278,0.85623,0.4625,-1.6576,-0.013526,-0.25964,-0.36298,-0.60756,0.18577,0.55976,-0.13189,-0.7097,0.14487,0.31964,-0.53177,-0.33884,-0.18912,-0.24614,0.32399,0.35786,-0.091517,-0.59447,0.37062,-0.24047,-0.11978,0.053526,0.064714,0.13227,0.11284,0.082117,-0.016878,-0.065571,0.022423,-0.33078,0.23908
-0.79586,-0.35204,-0.84498,-0.021087,-0.018366,1.5019,1.7387,1.4848,1.2659,1.0259,1.0006,0.086533,0.63306,0.35535,0.28685,1.0324,0.9871,0.90525,0.84268,0.86278,0.17188,0.62799,-0.18074,-0.13236,-0.18008,-1.2581,0.96526,0.38184,0.053636,0.65958,0.4058,1.6202,-0.81376,0.22252,-0.3961,-0.40732,0.72718,0.24861,0.44462,-1.243,-0.81093,0.25303,-0.10455,-0.018554,0.053526,0.064714,0.13227,0.11284,0.19774,-0.016878,-0.065571,0.022423,-0.33078
-0.88975,-0.79586,-0.35204,-0.84498,-0.021087,1.9943,1.5019,1.7387,1.4848,1.2659,-0.041624,1.0006,0.086533,0.63306,0.35535,1.0654,1.0324,0.9871,0.90525,0.84268,0.74812,-1.1336,-0.87216,-0.29988,0.30383,1.1415,-1.0473,1.6012,0.47245,-0.44057,-0.47362,-0.027132,-1.1071,-1.0838,-0.61736,-1.1421,-0.67413,1.4038,0.27187,-1.2305,-0.8704,0.79374,0.64105,0.012748,-0.018554,0.053526,0.064714,0.13227,-0.058489,0.19774,-0.016878,-0.065571,0.022423
-2.2887,-0.88975,-0.79586,-0.35204,-0.84498,1.7113,1.9943,1.5019,1.7387,1.4848,0.27672,-0.041624,1.0006,0.086533,0.63306,1.1193,1.0654,1.0324,0.9871,0.90525,0.89803,0.11992,-1.0722,-0.075014,-0.62577,-0.87907,1.232,0.31119,0.34351,0.11,1.0263,1.3213,-1.2041,-0.95989,-1.0505,-1.1507,0.10493,0.1198,0.52819,-0.87796,-1.29,0.11221,0.35363,0.0075316,0.012748,-0.018554,0.053526,0.064714,0.15111,-0.058489,0.19774,-0.016878,-0.065571
-3.6615,-2.2887,-0.88975,-0.79586,-0.35204,1.8129,1.7113,1.9943,1.5019,1.7387,0.21378,0.27672,-0.041624,1.0006,0.086533,1.1202,1.1193,1.0654,1.0324,0.9871,0.9329,0.51719,-1.6971,0.79318,-0.016522,0.66081,0.53529,0.14578,0.1595,-0.73847,-0.44641,0.37528,-1.2361,0.23293,-0.51003,-1.8932,0.35907,-0.11331,0.43923,-1.6517,-0.17847,0.052368,0.21483,-0.0052644,0.0075316,0.012748,-0.018554,0.053526,-0.10659,0.15111,-0.058489,0.19774,-0.016878
-1.3012,-3.6615,-2.2887,-0.88975,-0.79586,1.1931,1.8129,1.7113,1.9943,1.5019,-0.39238,0.21378,0.27672,-0.041624,1.0006,1.081,1.1202,1.1193,1.0654,1.0324,0.55407,0.31913,0.38327,-0.59274,-0.26704,-0.72071,-2.1167,0.0095683,0.028539,-0.4856,-1.3018,0.46404,0.010358,0.01735,0.051745,0.42921,0.99794,-0.23747,0.39861,-0.032336,-0.48815,-0.024052,-0.013121,0.038343,-0.0052644,0.0075316,0.012748,-0.018554,0.11099,-0.10659,0.15111,-0.058489,0.19774
-0.50322,-1.3012,-3.6615,-2.2887,-0.88975,0.79576,1.1931,1.8129,1.7113,1.9943,1.0721,-0.39238,0.21378,0.27672,-0.041624,0.96765,1.081,1.1202,1.1193,1.0654,-0.37011,-0.17639,0.1596,1.3147,0.78436,0.5481,0.72068,-0.25317,-0.67269,0.12153,2.4491,0.81701,-0.049977,0.52292,0.69215,0.45533,-1.0366,-0.37247,0.15727,-0.012609,-0.52347,-0.19031,-0.077561,0.037472,0.038343,-0.0052644,0.0075316,0.012748,-0.13728,0.11099,-0.10659,0.15111,-0.058489
-0.50018,-0.50322,-1.3012,-3.6615,-2.2887,0.53281,0.79576,1.1931,1.8129,1.7113,1.1395,1.0721,-0.39238,0.21378,0.27672,0.95416,0.96765,1.081,1.1202,1.1193,0.36634,1.3219,0.013951,-0.33047,-0.72747,-0.05928,2.6525,-0.10421,0.19859,0.30566,-1.0653,2.0917,-0.050927,1.0445,0.21569,-0.27294,1.3993,-0.36176,0.60836,-0.92595,-0.73302,-0.282,0.12376,0.096883,0.037472,0.038343,-0.0052644,0.0075316,0.077352,-0.13728,0.11099,-0.10659,0.15111
-0.23537,-0.50018,-0.50322,-1.3012,-3.6615,0.36243,0.53281,0.79576,1.1931,1.8129,1.5108,1.1395,1.0721,-0.39238,0.21378,0.89266,0.95416,0.96765,1.081,1.1202,0.4323,-1.2034,0.40892,-0.77948,-0.12247,1.1454,-1.7648,-0.12079,-0.18395,-0.49283,-0.386,1.1526,0.7623,-0.59623,-0.20483,0.78245,0.91513,-0.17696,0.16661,0.60636,-0.57316,0.22868,0.0034163,0.042627,0.096883,0.037472,0.038343,-0.0052644,-0.17443,0.077352,-0.13728,0.11099,-0.10659
-0.16581,-0.23537,-0.50018,-0.50322,-1.3012,0.16786,0.36243,0.53281,0.79576,1.1931,-0.094213,1.5108,1.1395,1.0721,-0.39238,0.8926,0.89266,0.95416,0.96765,1.081,0.21837,-1.3121,0.21065,1.0496,-0.050497,-0.6376,1.7819,-0.27442,0.075749,-0.18613,0.4031,0.32754,0.020335,0.10471,0.082558,0.41283,1.2152,-0.27986,0.87438,-0.55759,-0.75098,-0.21742,0.12993,0.046879,0.042627,0.096883,0.037472,0.038343,0.11274,-0.17443,0.077352,-0.13728,0.11099
-0.84317,-0.16581,-0.23537,-0.50018,-0.50322,0.12641,0.16786,0.36243,0.53281,0.79576,0.022639,-0.094213,1.5108,1.1395,1.0721,0.92451,0.8926,0.89266,0.95416,0.96765,0.58387,2.3026,0.060253,0.23858,0.47854,0.45498,-0.61062,1.0102,0.070421,-0.060073,-0.54979,0.037769,-0.50168,-0.08971,-0.46708,-0.03188,-3.0354,0.84219,-0.35415,-0.49715,-0.35099,0.18821,-0.14996,0.011304,0.046879,0.042627,0.096883,0.037472,-0.21907,0.11274,-0.17443,0.077352,-0.13728
-1.8218,-0.84317,-0.16581,-0.23537,-0.50018,-0.010402,0.12641,0.16786,0.36243,0.53281,0.3871,0.022639,-0.094213,1.5108,1.1395,0.8978,0.92451,0.8926,0.89266,0.95416,0.29135,-2.2721,-0.15591,-0.43785,-0.17583,-0.94362,-0.098172,0.58876,0.075642,-0.72178,0.59499,0.49351,-0.78542,-0.49766,-0.39235,-0.30649,0.46021,0.58445,0.11591,-1.7403,-0.9494,0.40883,0.38522,0.021705,0.011304,0.046879,0.042627,0.096883,0.15674,-0.21907,0.11274,-0.17443,0.077352
-1.6552,-1.8218,-0.84317,-0.16581,-0.23537,-0.24543,-0.010402,0.12641,0.16786,0.36243,0.038145,0.3871,0.022639,-0.094213,1.5108,0.87663,0.8978,0.92451,0.8926,0.89266,0.25766,-0.016167,-0.44379,-0.41064,0.1363,0.27032,0.77173,-0.028943,0.011446,0.51234,-0.20531,0.18712,-0.34684,0.4271,0.54305,-0.52246,-0.41934,-0.077004,0.55902,-0.52961,-0.8389,0.36585,0.055256,0.013493,0.021705,0.011304,0.046879,0.042627,-0.13223,0.15674,-0.21907,0.11274,-0.17443
-1.4865,-1.6552,-1.8218,-0.84317,-0.16581,-0.39645,-0.24543,-0.010402,0.12641,0.16786,0.41935,0.038145,0.3871,0.022639,-0.094213,0.90375,0.87663,0.8978,0.92451,0.8926,0.8368,-0.0010778,0.42162,1.1685,-0.17143,-0.27822,-1.1922,0.16765,0.067789,-0.37831,-0.0050395,-0.17727,0.11051,0.44688,-0.67576,0.049765,0.77653,0.32021,-0.27653,-0.10852,-0.68144,-0.31041,-0.028059,0.0081352,0.013493,0.021705,0.011304,0.046879,0.21,-0.13223,0.15674,-0.21907,0.11274
-1.7015,-1.4865,-1.6552,-1.8218,-0.84317,-0.41362,-0.39645,-0.24543,-0.010402,0.12641,0.93245,0.41935,0.038145,0.3871,0.022639,0.88348,0.90375,0.87663,0.8978,0.92451,0.83752,-1.1886,0.33032,-0.033452,-0.063495,0.26632,1.0323,-0.44973,-0.16147,-0.32309,-0.11829,-0.64335,-0.0009877,0.25098,0.24861,0.3383,1.6613,-0.47466,0.0083751,-0.75966,-0.52434,-0.016462,0.05403,0.013901,0.0081352,0.013493,0.021705,0.011304,-0.054165,0.21,-0.13223,0.15674,-0.21907
-1.7724,-1.7015,-1.4865,-1.6552,-1.8218,-0.40308,-0.41362,-0.39645,-0.24543,-0.010402,0.42825,0.93245,0.41935,0.038145,0.3871,0.88258,0.88348,0.90375,0.87663,0.8978,0.81648,0.12412,-0.47686,-0.66928,0.33126,0.25246,-0.069256,-0.18398,0.15242,0.12967,0.32037,0.60021,-0.44326,-0.061206,-0.55518,-0.61774,-1.3506,0.018198,0.19364,-1.2235,-0.25193,0.14185,-0.2318,0.011264,0.013901,0.0081352,0.013493,0.021705,0.13244,-0.054165,0.21,-0.13223,0.15674
-1.5456,-1.7724,-1.7015,-1.4865,-1.6552,-0.48518,-0.40308,-0.41362,-0.39645,-0.24543,-0.52008,0.42825,0.93245,0.41935,0.038145,0.84671,0.88258,0.88348,0.90375,0.87663,0.33082,1.1385,-0.094588,0.96017,-0.15537,-0.32837,-0.05012,1.0295,0.36608,-0.81027,-0.25421,-0.094643,-0.51818,1.6522,1.5311,0.2273,0.18518,1.1102,-0.24132,-1.0596,-1.149,-0.07108,0.21149,0.019547,0.011264,0.013901,0.0081352,0.013493,0.017618,0.13244,-0.054165,0.21,-0.13223
-1.4022,-1.5456,-1.7724,-1.7015,-1.4865,-0.33568,-0.48518,-0.40308,-0.41362,-0.39645,0.36036,-0.52008,0.42825,0.93245,0.41935,0.79594,0.84671,0.88258,0.88348,0.90375,0.60855,-0.21039,-0.75644,-0.58416,0.11662,0.26226,0.96467,0.069832,-0.059151,0.91143,1.047,1.0869,-0.039117,1.5195,0.50755,-0.75274,-0.3902,0.10238,-0.10821,-0.38317,-1.0989,0.19268,0.10903,0.007584,0.019547,0.011264,0.013901,0.0081352,0.059068,0.017618,0.13244,-0.054165,0.21
-0.7722,-1.4022,-1.5456,-1.7724,-1.7015,0.11891,-0.33568,-0.48518,-0.40308,-0.41362,-0.12309,0.36036,-0.52008,0.42825,0.93245,0.71331,0.79594,0.84671,0.88258,0.88348,0.2936,0.011634,-0.089877,0.47865,-0.29854,0.92202,-0.925,-1.3337,0.12354,-0.61766,-1.9761,1.2313,0.43302,-1.1594,-0.7419,-0.20103,-1.2277,-1.2573,0.34567,-0.06392,-0.38529,-0.50515,0.60801,0.0073092,0.007584,0.019547,0.011264,0.013901,0.014748,0.059068,0.017618,0.13244,-0.054165
0.49061,-0.7722,-1.4022,-1.5456,-1.7724,-0.23299,0.11891,-0.33568,-0.48518,-0.40308,0.80598,-0.12309,0.36036,-0.52008,0.42825,0.66291,0.71331,0.79594,0.84671,0.88258,-0.26965,0.15169,0.61204,0.58217,0.4213,0.52497,0.30748,0.77414,-0.12355,0.46875,0.6652,-1.978,0.2522,0.35522,0.23606,0.5906,0.55027,1.0204,-0.082582,0.458,0.14272,1.2255,-0.38255,-0.0033829,0.0073092,0.007584,0.019547,0.011264,-0.013108,0.014748,0.059068,0.017618,0.13244
0.16438,0.49061,-0.7722,-1.4022,-1.5456,-0.62435,-0.23299,0.11891,-0.33568,-0.48518,0.58589,0.80598,-0.12309,0.36036,-0.52008,0.65224,0.66291,0.71331,0.79594,0.84671,-0.55253,-0.065007,0.085746,-0.55069,-0.16405,-1.3393,-0.23107,-0.63162,-0.2237,-0.15033,-0.28896,-0.69905,0.86859,0.46858,0.18897,0.026045,-0.10333,-0.61977,-0.052501,1.3864,-0.77834,-0.13781,-0.019532,0.0015657,-0.0033829,0.0073092,0.007584,0.019547,0.01165,-0.013108,0.014748,0.059068,0.017618
0.72937,0.16438,0.49061,-0.7722,-1.4022,-0.31589,-0.62435,-0.23299,0.11891,-0.33568,-0.0244,0.58589,0.80598,-0.12309,0.36036,0.62453,0.65224,0.66291,0.71331,0.79594,-0.27097,0.027859,0.028539,0.23726,0.056746,0.22582,0.10299,0.040688,0.044017,0.04821,0.12552,-0.24705,0.39949,0.10447,-0.023556,0.0074716,0.032495,0.036375,-0.033378,0.3743,-0.10296,0.047896,0.031865,-0.00072467,0.0015657,-0.0033829,0.0073092,0.007584,-0.010354,0.01165,-0.013108,0.014748,0.059068
