-0.23524,0.29187,2.1276,2.5075,-0.19963,0.62633,1.5743,-0.50514,0.10407,1.6231,-0.98634,-0.37565,-1.5711,-0.98541,-2.5045,-2.8921,-1.815,-1.6765,-2.5938,-3.5942,-2.3505,-3.8667,-1.4194,-3.2001,-2.2845,0.60109,0.47342,0.89107,2.4209,0.31257,0.94722,0.54549,0.1178,-0.31528,-0.79744,0.25952,-0.10862,0.70503,0.53415,0.034109,-2.7691,-0.69069,1.1123,1.1827,0.45177,1.3824,1.4101,1.6261,0.92052,1.7553,2.5286,2.6324,1.2595,2.3599,-0.18011,1.651,0.60615,1.3116,3.073,1.7742,1.0135,1.3003,1.7688,1.319,1.9725,-0.63797,0.84729,0.87347,0.74511,1.9715,1.7975,0.57228,1.7292,2.8669,-0.10381,1.221,1.6389,1.2158,0.87841,0.40305,1.3744,-1.426,-1.6156,0.61212,2.1407,-0.2594,1.3122,2.0193,0.79852,1.0875,0.72223,0.33275,0.12181,1.1486,1.2312,2.9054,-0.0016033,1.2199,-0.51473,0.38056,0.5441,0.6879,2.0136,0.027275,-5.7711,-7.5121,-9.07,-13.569,-12.708,-7.1013,-5.0194,-5.3732,-2.8801,-1.4794,1.6756,0.079539,1.9311,0.98361,2.4738,2.5663,0.60839,1.3015,0.75639,2.3317,1.7823,1.5911,0.37734,0.55233,1.292,1.045,1.7203,1.3912,2.3209,1.2655,1.0467,3.8318,2.212,1.1051,0.04347,0.58378,0.59664,0.069424,-0.01026,0.43253,0.23233,1.2313,1.1213,1.0966,0.161,-1.2073,-2.1932,-0.6435,0.5492,1.279,-0.0352,-0.37655,0.047553,0.65322,1.5098,-1.7827,-0.97039,-0.64846,-0.037293,-0.35412,0.35356,1.0271,0.41401,0.37179,-0.14122,-0.24243,1.1028,1.9856,0.63328,0.80986,0.17962,0.39854,-0.71761,-0.17798,-0.46589,-0.67853,-2.2807,-4.2784,-1.0173,0.23818,-0.40899,0.27635,0.19326,-0.69869,-1.8922,-1.5166,-1.2396,-1.5103,-1.8469,-1.3542,-1.4042,-1.1399,1.0016,0.30515,0.74378
-0.3313,-0.23524,0.29187,2.1276,2.5075,-0.19963,0.62633,1.5743,-0.50514,0.10407,1.6231,-0.98634,-0.37565,-1.5711,-0.98541,-2.5045,-2.8921,-1.815,-1.6765,-2.5938,-3.5942,-2.3505,-3.8667,-1.4194,-3.2001,-2.2845,0.60109,0.47342,0.89107,2.4209,0.31257,0.94722,0.54549,0.1178,-0.31528,-0.79744,0.25952,-0.10862,0.70503,0.53415,0.034109,-2.7691,-0.69069,1.1123,1.1827,0.45177,1.3824,1.4101,1.6261,0.92052,1.7553,2.5286,2.6324,1.2595,2.3599,-0.18011,1.651,0.60615,1.3116,3.073,1.7742,1.0135,1.3003,1.7688,1.319,1.9725,-0.63797,0.84729,0.87347,0.74511,1.9715,1.7975,0.57228,1.7292,2.8669,-0.10381,1.221,1.6389,1.2158,0.87841,0.40305,1.3744,-1.426,-1.6156,0.61212,2.1407,-0.2594,1.3122,2.0193,0.79852,1.0875,0.72223,0.33275,0.12181,1.1486,1.2312,2.9054,-0.0016033,1.2199,-0.51473,0.38056,0.5441,0.6879,2.0136,0.027275,-5.7711,-7.5121,-9.07,-13.569,-12.708,-7.1013,-5.0194,-5.3732,-2.8801,-1.4794,1.6756,0.079539,1.9311,0.98361,2.4738,2.5663,0.60839,1.3015,0.75639,2.3317,1.7823,1.5911,0.37734,0.55233,1.292,1.045,1.7203,1.3912,2.3209,1.2655,1.0467,3.8318,2.212,1.1051,0.04347,0.58378,0.59664,0.069424,-0.01026,0.43253,0.23233,1.2313,1.1213,1.0966,0.161,-1.2073,-2.1932,-0.6435,0.5492,1.279,-0.0352,-0.37655,0.047553,0.65322,1.5098,-1.7827,-0.97039,-0.64846,-0.037293,-0.35412,0.35356,1.0271,0.41401,0.37179,-0.14122,-0.24243,1.1028,1.9856,0.63328,0.80986,0.17962,0.39854,-0.71761,-0.17798,-0.46589,-0.67853,-2.2807,-4.2784,-1.0173,0.23818,-0.40899,0.27635,0.19326,-0.69869,-1.8922,-1.5166,-1.2396,-1.5103,-1.8469,-1.3542,-1.4042,-1.1399,1.0016,0.30515
-0.2364,-0.3313,-0.23524,0.29187,2.1276,2.5075,-0.19963,0.62633,1.5743,-0.50514,0.10407,1.6231,-0.98634,-0.37565,-1.5711,-0.98541,-2.5045,-2.8921,-1.815,-1.6765,-2.5938,-3.5942,-2.3505,-3.8667,-1.4194,-3.2001,-2.2845,0.60109,0.47342,0.89107,2.4209,0.31257,0.94722,0.54549,0.1178,-0.31528,-0.79744,0.25952,-0.10862,0.70503,0.53415,0.034109,-2.7691,-0.69069,1.1123,1.1827,0.45177,1.3824,1.4101,1.6261,0.92052,1.7553,2.5286,2.6324,1.2595,2.3599,-0.18011,1.651,0.60615,1.3116,3.073,1.7742,1.0135,1.3003,1.7688,1.319,1.9725,-0.63797,0.84729,0.87347,0.74511,1.9715,1.7975,0.57228,1.7292,2.8669,-0.10381,1.221,1.6389,1.2158,0.87841,0.40305,1.3744,-1.426,-1.6156,0.61212,2.1407,-0.2594,1.3122,2.0193,0.79852,1.0875,0.72223,0.33275,0.12181,1.1486,1.2312,2.9054,-0.0016033,1.2199,-0.51473,0.38056,0.5441,0.6879,2.0136,0.027275,-5.7711,-7.5121,-9.07,-13.569,-12.708,-7.1013,-5.0194,-5.3732,-2.8801,-1.4794,1.6756,0.079539,1.9311,0.98361,2.4738,2.5663,0.60839,1.3015,0.75639,2.3317,1.7823,1.5911,0.37734,0.55233,1.292,1.045,1.7203,1.3912,2.3209,1.2655,1.0467,3.8318,2.212,1.1051,0.04347,0.58378,0.59664,0.069424,-0.01026,0.43253,0.23233,1.2313,1.1213,1.0966,0.161,-1.2073,-2.1932,-0.6435,0.5492,1.279,-0.0352,-0.37655,0.047553,0.65322,1.5098,-1.7827,-0.97039,-0.64846,-0.037293,-0.35412,0.35356,1.0271,0.41401,0.37179,-0.14122,-0.24243,1.1028,1.9856,0.63328,0.80986,0.17962,0.39854,-0.71761,-0.17798,-0.46589,-0.67853,-2.2807,-4.2784,-1.0173,0.23818,-0.40899,0.27635,0.19326,-0.69869,-1.8922,-1.5166,-1.2396,-1.5103,-1.8469,-1.3542,-1.4042,-1.1399,1.0016
-0.16869,-0.2364,-0.3313,-0.23524,0.29187,2.1276,2.5075,-0.19963,0.62633,1.5743,-0.50514,0.10407,1.6231,-0.98634,-0.37565,-1.5711,-0.98541,-2.5045,-2.8921,-1.815,-1.6765,-2.5938,-3.5942,-2.3505,-3.8667,-1.4194,-3.2001,-2.2845,0.60109,0.47342,0.89107,2.4209,0.31257,0.94722,0.54549,0.1178,-0.31528,-0.79744,0.25952,-0.10862,0.70503,0.53415,0.034109,-2.7691,-0.69069,1.1123,1.1827,0.45177,1.3824,1.4101,1.6261,0.92052,1.7553,2.5286,2.6324,1.2595,2.3599,-0.18011,1.651,0.60615,1.3116,3.073,1.7742,1.0135,1.3003,1.7688,1.319,1.9725,-0.63797,0.84729,0.87347,0.74511,1.9715,1.7975,0.57228,1.7292,2.8669,-0.10381,1.221,1.6389,1.2158,0.87841,0.40305,1.3744,-1.426,-1.6156,0.61212,2.1407,-0.2594,1.3122,2.0193,0.79852,1.0875,0.72223,0.33275,0.12181,1.1486,1.2312,2.9054,-0.0016033,1.2199,-0.51473,0.38056,0.5441,0.6879,2.0136,0.027275,-5.7711,-7.5121,-9.07,-13.569,-12.708,-7.1013,-5.0194,-5.3732,-2.8801,-1.4794,1.6756,0.079539,1.9311,0.98361,2.4738,2.5663,0.60839,1.3015,0.75639,2.3317,1.7823,1.5911,0.37734,0.55233,1.292,1.045,1.7203,1.3912,2.3209,1.2655,1.0467,3.8318,2.212,1.1051,0.04347,0.58378,0.59664,0.069424,-0.01026,0.43253,0.23233,1.2313,1.1213,1.0966,0.161,-1.2073,-2.1932,-0.6435,0.5492,1.279,-0.0352,-0.37655,0.047553,0.65322,1.5098,-1.7827,-0.97039,-0.64846,-0.037293,-0.35412,0.35356,1.0271,0.41401,0.37179,-0.14122,-0.24243,1.1028,1.9856,0.63328,0.80986,0.17962,0.39854,-0.71761,-0.17798,-0.46589,-0.67853,-2.2807,-4.2784,-1.0173,0.23818,-0.40899,0.27635,0.19326,-0.69869,-1.8922,-1.5166,-1.2396,-1.5103,-1.8469,-1.3542,-1.4042,-1.1399
-0.12037,-0.16869,-0.2364,-0.3313,-0.23524,0.29187,2.1276,2.5075,-0.19963,0.62633,1.5743,-0.50514,0.10407,1.6231,-0.98634,-0.37565,-1.5711,-0.98541,-2.5045,-2.8921,-1.815,-1.6765,-2.5938,-3.5942,-2.3505,-3.8667,-1.4194,-3.2001,-2.2845,0.60109,0.47342,0.89107,2.4209,0.31257,0.94722,0.54549,0.1178,-0.31528,-0.79744,0.25952,-0.10862,0.70503,0.53415,0.034109,-2.7691,-0.69069,1.1123,1.1827,0.45177,1.3824,1.4101,1.6261,0.92052,1.7553,2.5286,2.6324,1.2595,2.3599,-0.18011,1.651,0.60615,1.3116,3.073,1.7742,1.0135,1.3003,1.7688,1.319,1.9725,-0.63797,0.84729,0.87347,0.74511,1.9715,1.7975,0.57228,1.7292,2.8669,-0.10381,1.221,1.6389,1.2158,0.87841,0.40305,1.3744,-1.426,-1.6156,0.61212,2.1407,-0.2594,1.3122,2.0193,0.79852,1.0875,0.72223,0.33275,0.12181,1.1486,1.2312,2.9054,-0.0016033,1.2199,-0.51473,0.38056,0.5441,0.6879,2.0136,0.027275,-5.7711,-7.5121,-9.07,-13.569,-12.708,-7.1013,-5.0194,-5.3732,-2.8801,-1.4794,1.6756,0.079539,1.9311,0.98361,2.4738,2.5663,0.60839,1.3015,0.75639,2.3317,1.7823,1.5911,0.37734,0.55233,1.292,1.045,1.7203,1.3912,2.3209,1.2655,1.0467,3.8318,2.212,1.1051,0.04347,0.58378,0.59664,0.069424,-0.01026,0.43253,0.23233,1.2313,1.1213,1.0966,0.161,-1.2073,-2.1932,-0.6435,0.5492,1.279,-0.0352,-0.37655,0.047553,0.65322,1.5098,-1.7827,-0.97039,-0.64846,-0.037293,-0.35412,0.35356,1.0271,0.41401,0.37179,-0.14122,-0.24243,1.1028,1.9856,0.63328,0.80986,0.17962,0.39854,-0.71761,-0.17798,-0.46589,-0.67853,-2.2807,-4.2784,-1.0173,0.23818,-0.40899,0.27635,0.19326,-0.69869,-1.8922,-1.5166,-1.2396,-1.5103,-1.8469,-1.3542,-1.4042
0.21546,0.36569,0.117,0.33115,0.41949,0.44461,-0.53776,0.13266,0.78762,-0.37656,0.029808,0.17862,-0.5439,-2.6106,-1.7728,-1.0909,-0.69671,-0.78883,-0.27408,-0.47783,-0.92647,-0.20492,-1.6941,-1.1278,-0.70238,-0.19849,0.27842,0.25759,0.031319,0.29523,0.41155,-0.47034,-0.34084,-0.023058,-0.745,-0.1502,-0.10074,-0.23655,-0.86901,-0.49495,-0.42556,0.24513,0.24934,0.23248,0.89224,0.82183,1.7089,1.5144,1.4949,1.8407,1.3956,1.3176,2.0481,1.5121,1.9944,1.8609,1.0834,1.0222,0.68264,0.40972,1.1028,0.28459,0.53062,0.60462,0.32551,-0.050613,-0.51732,0.44353,0.63191,-0.13872,-0.35145,0.45112,0.39386,-0.42871,1.0123,1.0014,0.37854,0.48066,0.73652,0.20806,0.1425,0.49513,0.82407,0.39052,-0.45483,0.23536,0.12786,-0.48441,-0.43039,-0.26607,0.95004,0.69048,0.32023,0.09747,0.42235,-0.14301,-0.42598,-1.4657,-1.5573,-1.8391,-1.8146,-1.6577,-2.1867,-1.4269,0.42562,1.6149,-0.22756,1.0473,0.81215,-0.67015,-1.9761,-1.6479,-1.5086,-1.372,-1.3758,-0.87002,-0.25306,0.61373,0.4928,0.34039,0.28916,0.23512,0.67087,0.18853,0.67853,0.68207,0.76748,-0.11851,-0.37738,-0.30736,-0.5283,-0.34705,-0.17135,0.11009,0.82185,0.38047,0.039528,-0.27,-0.75132,-0.65963,-1.7594,-1.2398,-0.46824,-0.33507,-0.07905,-0.17049,0.22804,0.15796,0.052612,0.3189,-0.28014,-0.80751,-0.92412,-1.2131,-0.77668,-1.0015,-0.69539,-1.1237,-0.95046,0.36942,0.017508,-0.35592,0.27188,0.41277,0.058121,0.31499,0.070482,-0.41894,-0.2335,0.59911,-0.54221,-0.27419,0.28121,0.68925,0.75739,1.0028,1.3519,1.5617,0.7541,1.6302,1.0701,1.7614,0.67435,0.11594,0.095841,-0.19738,-0.32433,-0.31239,-0.30021,-0.73976,-0.87934,-0.74368,-0.72833,-1.0044,-0.85876,0.3206,-0.62393,-1.0137,-0.35992
0.12694,0.21546,0.36569,0.117,0.33115,0.41949,0.44461,-0.53776,0.13266,0.78762,-0.37656,0.029808,0.17862,-0.5439,-2.6106,-1.7728,-1.0909,-0.69671,-0.78883,-0.27408,-0.47783,-0.92647,-0.20492,-1.6941,-1.1278,-0.70238,-0.19849,0.27842,0.25759,0.031319,0.29523,0.41155,-0.47034,-0.34084,-0.023058,-0.745,-0.1502,-0.10074,-0.23655,-0.86901,-0.49495,-0.42556,0.24513,0.24934,0.23248,0.89224,0.82183,1.7089,1.5144,1.4949,1.8407,1.3956,1.3176,2.0481,1.5121,1.9944,1.8609,1.0834,1.0222,0.68264,0.40972,1.1028,0.28459,0.53062,0.60462,0.32551,-0.050613,-0.51732,0.44353,0.63191,-0.13872,-0.35145,0.45112,0.39386,-0.42871,1.0123,1.0014,0.37854,0.48066,0.73652,0.20806,0.1425,0.49513,0.82407,0.39052,-0.45483,0.23536,0.12786,-0.48441,-0.43039,-0.26607,0.95004,0.69048,0.32023,0.09747,0.42235,-0.14301,-0.42598,-1.4657,-1.5573,-1.8391,-1.8146,-1.6577,-2.1867,-1.4269,0.42562,1.6149,-0.22756,1.0473,0.81215,-0.67015,-1.9761,-1.6479,-1.5086,-1.372,-1.3758,-0.87002,-0.25306,0.61373,0.4928,0.34039,0.28916,0.23512,0.67087,0.18853,0.67853,0.68207,0.76748,-0.11851,-0.37738,-0.30736,-0.5283,-0.34705,-0.17135,0.11009,0.82185,0.38047,0.039528,-0.27,-0.75132,-0.65963,-1.7594,-1.2398,-0.46824,-0.33507,-0.07905,-0.17049,0.22804,0.15796,0.052612,0.3189,-0.28014,-0.80751,-0.92412,-1.2131,-0.77668,-1.0015,-0.69539,-1.1237,-0.95046,0.36942,0.017508,-0.35592,0.27188,0.41277,0.058121,0.31499,0.070482,-0.41894,-0.2335,0.59911,-0.54221,-0.27419,0.28121,0.68925,0.75739,1.0028,1.3519,1.5617,0.7541,1.6302,1.0701,1.7614,0.67435,0.11594,0.095841,-0.19738,-0.32433,-0.31239,-0.30021,-0.73976,-0.87934,-0.74368,-0.72833,-1.0044,-0.85876,0.3206,-0.62393,-1.0137
0.074794,0.12694,0.21546,0.36569,0.117,0.33115,0.41949,0.44461,-0.53776,0.13266,0.78762,-0.37656,0.029808,0.17862,-0.5439,-2.6106,-1.7728,-1.0909,-0.69671,-0.78883,-0.27408,-0.47783,-0.92647,-0.20492,-1.6941,-1.1278,-0.70238,-0.19849,0.27842,0.25759,0.031319,0.29523,0.41155,-0.47034,-0.34084,-0.023058,-0.745,-0.1502,-0.10074,-0.23655,-0.86901,-0.49495,-0.42556,0.24513,0.24934,0.23248,0.89224,0.82183,1.7089,1.5144,1.4949,1.8407,1.3956,1.3176,2.0481,1.5121,1.9944,1.8609,1.0834,1.0222,0.68264,0.40972,1.1028,0.28459,0.53062,0.60462,0.32551,-0.050613,-0.51732,0.44353,0.63191,-0.13872,-0.35145,0.45112,0.39386,-0.42871,1.0123,1.0014,0.37854,0.48066,0.73652,0.20806,0.1425,0.49513,0.82407,0.39052,-0.45483,0.23536,0.12786,-0.48441,-0.43039,-0.26607,0.95004,0.69048,0.32023,0.09747,0.42235,-0.14301,-0.42598,-1.4657,-1.5573,-1.8391,-1.8146,-1.6577,-2.1867,-1.4269,0.42562,1.6149,-0.22756,1.0473,0.81215,-0.67015,-1.9761,-1.6479,-1.5086,-1.372,-1.3758,-0.87002,-0.25306,0.61373,0.4928,0.34039,0.28916,0.23512,0.67087,0.18853,0.67853,0.68207,0.76748,-0.11851,-0.37738,-0.30736,-0.5283,-0.34705,-0.17135,0.11009,0.82185,0.38047,0.039528,-0.27,-0.75132,-0.65963,-1.7594,-1.2398,-0.46824,-0.33507,-0.07905,-0.17049,0.22804,0.15796,0.052612,0.3189,-0.28014,-0.80751,-0.92412,-1.2131,-0.77668,-1.0015,-0.69539,-1.1237,-0.95046,0.36942,0.017508,-0.35592,0.27188,0.41277,0.058121,0.31499,0.070482,-0.41894,-0.2335,0.59911,-0.54221,-0.27419,0.28121,0.68925,0.75739,1.0028,1.3519,1.5617,0.7541,1.6302,1.0701,1.7614,0.67435,0.11594,0.095841,-0.19738,-0.32433,-0.31239,-0.30021,-0.73976,-0.87934,-0.74368,-0.72833,-1.0044,-0.85876,0.3206,-0.62393
0.044067,0.074794,0.12694,0.21546,0.36569,0.117,0.33115,0.41949,0.44461,-0.53776,0.13266,0.78762,-0.37656,0.029808,0.17862,-0.5439,-2.6106,-1.7728,-1.0909,-0.69671,-0.78883,-0.27408,-0.47783,-0.92647,-0.20492,-1.6941,-1.1278,-0.70238,-0.19849,0.27842,0.25759,0.031319,0.29523,0.41155,-0.47034,-0.34084,-0.023058,-0.745,-0.1502,-0.10074,-0.23655,-0.86901,-0.49495,-0.42556,0.24513,0.24934,0.23248,0.89224,0.82183,1.7089,1.5144,1.4949,1.8407,1.3956,1.3176,2.0481,1.5121,1.9944,1.8609,1.0834,1.0222,0.68264,0.40972,1.1028,0.28459,0.53062,0.60462,0.32551,-0.050613,-0.51732,0.44353,0.63191,-0.13872,-0.35145,0.45112,0.39386,-0.42871,1.0123,1.0014,0.37854,0.48066,0.73652,0.20806,0.1425,0.49513,0.82407,0.39052,-0.45483,0.23536,0.12786,-0.48441,-0.43039,-0.26607,0.95004,0.69048,0.32023,0.09747,0.42235,-0.14301,-0.42598,-1.4657,-1.5573,-1.8391,-1.8146,-1.6577,-2.1867,-1.4269,0.42562,1.6149,-0.22756,1.0473,0.81215,-0.67015,-1.9761,-1.6479,-1.5086,-1.372,-1.3758,-0.87002,-0.25306,0.61373,0.4928,0.34039,0.28916,0.23512,0.67087,0.18853,0.67853,0.68207,0.76748,-0.11851,-0.37738,-0.30736,-0.5283,-0.34705,-0.17135,0.11009,0.82185,0.38047,0.039528,-0.27,-0.75132,-0.65963,-1.7594,-1.2398,-0.46824,-0.33507,-0.07905,-0.17049,0.22804,0.15796,0.052612,0.3189,-0.28014,-0.80751,-0.92412,-1.2131,-0.77668,-1.0015,-0.69539,-1.1237,-0.95046,0.36942,0.017508,-0.35592,0.27188,0.41277,0.058121,0.31499,0.070482,-0.41894,-0.2335,0.59911,-0.54221,-0.27419,0.28121,0.68925,0.75739,1.0028,1.3519,1.5617,0.7541,1.6302,1.0701,1.7614,0.67435,0.11594,0.095841,-0.19738,-0.32433,-0.31239,-0.30021,-0.73976,-0.87934,-0.74368,-0.72833,-1.0044,-0.85876,0.3206
0.025964,0.044067,0.074794,0.12694,0.21546,0.36569,0.117,0.33115,0.41949,0.44461,-0.53776,0.13266,0.78762,-0.37656,0.029808,0.17862,-0.5439,-2.6106,-1.7728,-1.0909,-0.69671,-0.78883,-0.27408,-0.47783,-0.92647,-0.20492,-1.6941,-1.1278,-0.70238,-0.19849,0.27842,0.25759,0.031319,0.29523,0.41155,-0.47034,-0.34084,-0.023058,-0.745,-0.1502,-0.10074,-0.23655,-0.86901,-0.49495,-0.42556,0.24513,0.24934,0.23248,0.89224,0.82183,1.7089,1.5144,1.4949,1.8407,1.3956,1.3176,2.0481,1.5121,1.9944,1.8609,1.0834,1.0222,0.68264,0.40972,1.1028,0.28459,0.53062,0.60462,0.32551,-0.050613,-0.51732,0.44353,0.63191,-0.13872,-0.35145,0.45112,0.39386,-0.42871,1.0123,1.0014,0.37854,0.48066,0.73652,0.20806,0.1425,0.49513,0.82407,0.39052,-0.45483,0.23536,0.12786,-0.48441,-0.43039,-0.26607,0.95004,0.69048,0.32023,0.09747,0.42235,-0.14301,-0.42598,-1.4657,-1.5573,-1.8391,-1.8146,-1.6577,-2.1867,-1.4269,0.42562,1.6149,-0.22756,1.0473,0.81215,-0.67015,-1.9761,-1.6479,-1.5086,-1.372,-1.3758,-0.87002,-0.25306,0.61373,0.4928,0.34039,0.28916,0.23512,0.67087,0.18853,0.67853,0.68207,0.76748,-0.11851,-0.37738,-0.30736,-0.5283,-0.34705,-0.17135,0.11009,0.82185,0.38047,0.039528,-0.27,-0.75132,-0.65963,-1.7594,-1.2398,-0.46824,-0.33507,-0.07905,-0.17049,0.22804,0.15796,0.052612,0.3189,-0.28014,-0.80751,-0.92412,-1.2131,-0.77668,-1.0015,-0.69539,-1.1237,-0.95046,0.36942,0.017508,-0.35592,0.27188,0.41277,0.058121,0.31499,0.070482,-0.41894,-0.2335,0.59911,-0.54221,-0.27419,0.28121,0.68925,0.75739,1.0028,1.3519,1.5617,0.7541,1.6302,1.0701,1.7614,0.67435,0.11594,0.095841,-0.19738,-0.32433,-0.31239,-0.30021,-0.73976,-0.87934,-0.74368,-0.72833,-1.0044,-0.85876
-0.32261,-1.1623,0.96261,0.64659,-1.8055,0.1387,-0.33018,-0.6846,0.5375,1.5159,-0.205,-0.26856,0.38201,1.1608,0.49893,-0.092935,1.2625,0.70192,0.3355,0.5282,0.97203,-1.9375,6.8772,-1.0273,-0.35562,0.23181,1.1463,-1.6586,0.69545,-1.5774,0.44885,0.59521,0.14068,-1.5004,0.65343,0.27462,1.2905,-0.071449,-2.382,1.0135,1.0527,0.86352,1.3399,0.92838,2.2763,-1.3983,-0.24283,0.36382,-0.20876,-0.29609,-0.65112,1.4515,-1.0326,0.71163,-1.8986,1.053,-0.34423,1.214,-0.41064,-0.80097,1.5105,-1.0507,0.20344,-0.72408,1.2408,-1.1937,2.442,1.3968,-1.6686,-0.32044,-1.0527,0.44711,-0.57714,1.7485,-0.48918,-0.8266,-1.1162,-1.3065,-0.87944,-0.38118,-1.2175,-0.085329,-0.084827,-0.13857,1.0224,-0.66116,-0.92537,0.014461,-1.2646,0.16459,-1.3968,-0.28274,-0.233,-0.9608,-0.56473,-0.6287,-1.7956,-1.2945,-1.8594,-0.21921,-0.11041,0.5069,-0.75515,-2.2974,-0.73412,0.29352,-1.8382,-0.75184,0.30933,2.3091,0.67958,-0.45296,0.091742,1.2637,0.70763,-0.20441,1.5151,-3.3775,-0.73515,-0.25382,0.46076,-1.2171,-0.28363,1.11,-0.099477,-1.6312,-0.65586,-0.81856,0.51635,-0.24229,0.21575,0.42981,-0.60727,-0.70566,-0.078134,-0.35668,-0.4843,-0.75422,0.76358,-0.48991,-0.54296,0.94528,0.17662,0.32319,-0.41309,0.57795,0.41063,0.048193,-0.64294,0.045807,-0.3175,0.16909,0.30924,0.75396,-0.11882,-0.030805,0.7731,-0.71873,0.80433,-0.70626,0.035383,0.36704,-0.045103,0.39815,-0.82959,0.27651,0.57865,0.68511,-0.26015,-1.6511,0.87504,0.73369,0.36288,-0.71281,0.27099,0.23218,0.82604,-0.1072,1.1377,-0.075541,0.25702,0.44515,-0.58156,1.1871,1.2113,1.7044,-0.083682,-0.22879,0.27653,0.16159,0.32845,1.0994,0.50726,-0.72677,0.46437,-0.27391,0.87335,0.48228,-0.026319
-0.18083,-0.32261,-1.1623,0.96261,0.64659,-1.8055,0.1387,-0.33018,-0.6846,0.5375,1.5159,-0.205,-0.26856,0.38201,1.1608,0.49893,-0.092935,1.2625,0.70192,0.3355,0.5282,0.97203,-1.9375,6.8772,-1.0273,-0.35562,0.23181,1.1463,-1.6586,0.69545,-1.5774,0.44885,0.59521,0.14068,-1.5004,0.65343,0.27462,1.2905,-0.071449,-2.382,1.0135,1.0527,0.86352,1.3399,0.92838,2.2763,-1.3983,-0.24283,0.36382,-0.20876,-0.29609,-0.65112,1.4515,-1.0326,0.71163,-1.8986,1.053,-0.34423,1.214,-0.41064,-0.80097,1.5105,-1.0507,0.20344,-0.72408,1.2408,-1.1937,2.442,1.3968,-1.6686,-0.32044,-1.0527,0.44711,-0.57714,1.7485,-0.48918,-0.8266,-1.1162,-1.3065,-0.87944,-0.38118,-1.2175,-0.085329,-0.084827,-0.13857,1.0224,-0.66116,-0.92537,0.014461,-1.2646,0.16459,-1.3968,-0.28274,-0.233,-0.9608,-0.56473,-0.6287,-1.7956,-1.2945,-1.8594,-0.21921,-0.11041,0.5069,-0.75515,-2.2974,-0.73412,0.29352,-1.8382,-0.75184,0.30933,2.3091,0.67958,-0.45296,0.091742,1.2637,0.70763,-0.20441,1.5151,-3.3775,-0.73515,-0.25382,0.46076,-1.2171,-0.28363,1.11,-0.099477,-1.6312,-0.65586,-0.81856,0.51635,-0.24229,0.21575,0.42981,-0.60727,-0.70566,-0.078134,-0.35668,-0.4843,-0.75422,0.76358,-0.48991,-0.54296,0.94528,0.17662,0.32319,-0.41309,0.57795,0.41063,0.048193,-0.64294,0.045807,-0.3175,0.16909,0.30924,0.75396,-0.11882,-0.030805,0.7731,-0.71873,0.80433,-0.70626,0.035383,0.36704,-0.045103,0.39815,-0.82959,0.27651,0.57865,0.68511,-0.26015,-1.6511,0.87504,0.73369,0.36288,-0.71281,0.27099,0.23218,0.82604,-0.1072,1.1377,-0.075541,0.25702,0.44515,-0.58156,1.1871,1.2113,1.7044,-0.083682,-0.22879,0.27653,0.16159,0.32845,1.0994,0.50726,-0.72677,0.46437,-0.27391,0.87335,0.48228
0.009868,-0.18083,-0.32261,-1.1623,0.96261,0.64659,-1.8055,0.1387,-0.33018,-0.6846,0.5375,1.5159,-0.205,-0.26856,0.38201,1.1608,0.49893,-0.092935,1.2625,0.70192,0.3355,0.5282,0.97203,-1.9375,6.8772,-1.0273,-0.35562,0.23181,1.1463,-1.6586,0.69545,-1.5774,0.44885,0.59521,0.14068,-1.5004,0.65343,0.27462,1.2905,-0.071449,-2.382,1.0135,1.0527,0.86352,1.3399,0.92838,2.2763,-1.3983,-0.24283,0.36382,-0.20876,-0.29609,-0.65112,1.4515,-1.0326,0.71163,-1.8986,1.053,-0.34423,1.214,-0.41064,-0.80097,1.5105,-1.0507,0.20344,-0.72408,1.2408,-1.1937,2.442,1.3968,-1.6686,-0.32044,-1.0527,0.44711,-0.57714,1.7485,-0.48918,-0.8266,-1.1162,-1.3065,-0.87944,-0.38118,-1.2175,-0.085329,-0.084827,-0.13857,1.0224,-0.66116,-0.92537,0.014461,-1.2646,0.16459,-1.3968,-0.28274,-0.233,-0.9608,-0.56473,-0.6287,-1.7956,-1.2945,-1.8594,-0.21921,-0.11041,0.5069,-0.75515,-2.2974,-0.73412,0.29352,-1.8382,-0.75184,0.30933,2.3091,0.67958,-0.45296,0.091742,1.2637,0.70763,-0.20441,1.5151,-3.3775,-0.73515,-0.25382,0.46076,-1.2171,-0.28363,1.11,-0.099477,-1.6312,-0.65586,-0.81856,0.51635,-0.24229,0.21575,0.42981,-0.60727,-0.70566,-0.078134,-0.35668,-0.4843,-0.75422,0.76358,-0.48991,-0.54296,0.94528,0.17662,0.32319,-0.41309,0.57795,0.41063,0.048193,-0.64294,0.045807,-0.3175,0.16909,0.30924,0.75396,-0.11882,-0.030805,0.7731,-0.71873,0.80433,-0.70626,0.035383,0.36704,-0.045103,0.39815,-0.82959,0.27651,0.57865,0.68511,-0.26015,-1.6511,0.87504,0.73369,0.36288,-0.71281,0.27099,0.23218,0.82604,-0.1072,1.1377,-0.075541,0.25702,0.44515,-0.58156,1.1871,1.2113,1.7044,-0.083682,-0.22879,0.27653,0.16159,0.32845,1.0994,0.50726,-0.72677,0.46437,-0.27391,0.87335
-0.00053851,0.009868,-0.18083,-0.32261,-1.1623,0.96261,0.64659,-1.8055,0.1387,-0.33018,-0.6846,0.5375,1.5159,-0.205,-0.26856,0.38201,1.1608,0.49893,-0.092935,1.2625,0.70192,0.3355,0.5282,0.97203,-1.9375,6.8772,-1.0273,-0.35562,0.23181,1.1463,-1.6586,0.69545,-1.5774,0.44885,0.59521,0.14068,-1.5004,0.65343,0.27462,1.2905,-0.071449,-2.382,1.0135,1.0527,0.86352,1.3399,0.92838,2.2763,-1.3983,-0.24283,0.36382,-0.20876,-0.29609,-0.65112,1.4515,-1.0326,0.71163,-1.8986,1.053,-0.34423,1.214,-0.41064,-0.80097,1.5105,-1.0507,0.20344,-0.72408,1.2408,-1.1937,2.442,1.3968,-1.6686,-0.32044,-1.0527,0.44711,-0.57714,1.7485,-0.48918,-0.8266,-1.1162,-1.3065,-0.87944,-0.38118,-1.2175,-0.085329,-0.084827,-0.13857,1.0224,-0.66116,-0.92537,0.014461,-1.2646,0.16459,-1.3968,-0.28274,-0.233,-0.9608,-0.56473,-0.6287,-1.7956,-1.2945,-1.8594,-0.21921,-0.11041,0.5069,-0.75515,-2.2974,-0.73412,0.29352,-1.8382,-0.75184,0.30933,2.3091,0.67958,-0.45296,0.091742,1.2637,0.70763,-0.20441,1.5151,-3.3775,-0.73515,-0.25382,0.46076,-1.2171,-0.28363,1.11,-0.099477,-1.6312,-0.65586,-0.81856,0.51635,-0.24229,0.21575,0.42981,-0.60727,-0.70566,-0.078134,-0.35668,-0.4843,-0.75422,0.76358,-0.48991,-0.54296,0.94528,0.17662,0.32319,-0.41309,0.57795,0.41063,0.048193,-0.64294,0.045807,-0.3175,0.16909,0.30924,0.75396,-0.11882,-0.030805,0.7731,-0.71873,0.80433,-0.70626,0.035383,0.36704,-0.045103,0.39815,-0.82959,0.27651,0.57865,0.68511,-0.26015,-1.6511,0.87504,0.73369,0.36288,-0.71281,0.27099,0.23218,0.82604,-0.1072,1.1377,-0.075541,0.25702,0.44515,-0.58156,1.1871,1.2113,1.7044,-0.083682,-0.22879,0.27653,0.16159,0.32845,1.0994,0.50726,-0.72677,0.46437,-0.27391
2.9387e-05,-0.00053851,0.009868,-0.18083,-0.32261,-1.1623,0.96261,0.64659,-1.8055,0.1387,-0.33018,-0.6846,0.5375,1.5159,-0.205,-0.26856,0.38201,1.1608,0.49893,-0.092935,1.2625,0.70192,0.3355,0.5282,0.97203,-1.9375,6.8772,-1.0273,-0.35562,0.23181,1.1463,-1.6586,0.69545,-1.5774,0.44885,0.59521,0.14068,-1.5004,0.65343,0.27462,1.2905,-0.071449,-2.382,1.0135,1.0527,0.86352,1.3399,0.92838,2.2763,-1.3983,-0.24283,0.36382,-0.20876,-0.29609,-0.65112,1.4515,-1.0326,0.71163,-1.8986,1.053,-0.34423,1.214,-0.41064,-0.80097,1.5105,-1.0507,0.20344,-0.72408,1.2408,-1.1937,2.442,1.3968,-1.6686,-0.32044,-1.0527,0.44711,-0.57714,1.7485,-0.48918,-0.8266,-1.1162,-1.3065,-0.87944,-0.38118,-1.2175,-0.085329,-0.084827,-0.13857,1.0224,-0.66116,-0.92537,0.014461,-1.2646,0.16459,-1.3968,-0.28274,-0.233,-0.9608,-0.56473,-0.6287,-1.7956,-1.2945,-1.8594,-0.21921,-0.11041,0.5069,-0.75515,-2.2974,-0.73412,0.29352,-1.8382,-0.75184,0.30933,2.3091,0.67958,-0.45296,0.091742,1.2637,0.70763,-0.20441,1.5151,-3.3775,-0.73515,-0.25382,0.46076,-1.2171,-0.28363,1.11,-0.099477,-1.6312,-0.65586,-0.81856,0.51635,-0.24229,0.21575,0.42981,-0.60727,-0.70566,-0.078134,-0.35668,-0.4843,-0.75422,0.76358,-0.48991,-0.54296,0.94528,0.17662,0.32319,-0.41309,0.57795,0.41063,0.048193,-0.64294,0.045807,-0.3175,0.16909,0.30924,0.75396,-0.11882,-0.030805,0.7731,-0.71873,0.80433,-0.70626,0.035383,0.36704,-0.045103,0.39815,-0.82959,0.27651,0.57865,0.68511,-0.26015,-1.6511,0.87504,0.73369,0.36288,-0.71281,0.27099,0.23218,0.82604,-0.1072,1.1377,-0.075541,0.25702,0.44515,-0.58156,1.1871,1.2113,1.7044,-0.083682,-0.22879,0.27653,0.16159,0.32845,1.0994,0.50726,-0.72677,0.46437
0.36076,0.31421,-0.67381,0.6848,1.0053,-0.35627,-0.79327,0.34175,-0.37574,0.41344,0.1486,0.52588,0.38434,-0.51233,0.07232,0.090879,-0.39865,0.18442,-0.51854,-0.012512,-1.0357,-0.57502,-1.7672,-1.0784,-0.60533,-0.48485,-0.70605,-0.52147,-1.4274,-0.065142,-0.29149,-0.40654,0.16992,-0.16063,0.31689,-0.9796,-0.96072,0.8444,-0.95397,-0.91112,0.22496,-0.45661,-0.98951,-0.17076,-0.051201,-0.26225,0.39593,0.22854,0.36499,0.020036,-0.5911,-0.54605,0.62598,0.096916,-0.006395,0.1986,0.22037,-0.17083,-0.50344,-0.59078,0.14602,0.12946,-0.1041,0.39173,0.57332,0.53692,0.61935,0.72541,0.18345,-0.7023,-0.4815,0.38302,0.073629,0.48134,0.3954,0.56258,0.055198,-0.2992,-0.3359,-0.22026,0.23059,1.2998,0.57435,-0.12844,-0.18492,0.10291,-0.056777,0.19806,-0.34345,-0.17694,-0.85574,-0.74825,-0.046975,-0.54224,-0.59278,-0.95921,-0.9641,-0.41781,-0.14486,-0.89908,-0.78883,-2.165,-2.1411,-1.463,-0.33883,0.32504,0.025913,0.2141,-0.32781,-2.0257,-2.3101,-2.3532,-2.2593,-1.889,-2.0615,-1.1445,-1.4065,-1.5999,-1.9257,-0.6318,-0.74619,0.08742,-0.53515,-0.55832,0.31315,1.5044,0.097512,-0.20159,-0.8535,-0.6361,0.11595,-1.1958,0.87222,0.74838,0.48915,-0.58005,-0.23512,-0.23746,0.24812,0.25484,-0.10624,0.60884,0.94554,0.70615,0.94772,1.1989,0.30611,0.56541,-0.027007,0.43535,0.6378,0.34028,0.5778,0.92516,0.53501,0.38045,-0.30293,-0.12476,1.3652,1.3273,0.47601,0.7182,0.40398,0.84746,0.46702,0.086861,0.66598,1.3905,0.78484,0.8423,-0.14624,0.36417,2.1296,0.57315,0.71814,0.054832,0.6598,1.2741,1.4824,0.74267,1.6542,1.5094,1.4579,0.33799,0.96741,0.14558,0.76724,1.1986,1.0898,0.74841,1.1688,0.80127,1.0725,1.1477,0.81578,0.27158,0.14884,0.87427,0.29703
0.23113,0.36076,0.31421,-0.67381,0.6848,1.0053,-0.35627,-0.79327,0.34175,-0.37574,0.41344,0.1486,0.52588,0.38434,-0.51233,0.07232,0.090879,-0.39865,0.18442,-0.51854,-0.012512,-1.0357,-0.57502,-1.7672,-1.0784,-0.60533,-0.48485,-0.70605,-0.52147,-1.4274,-0.065142,-0.29149,-0.40654,0.16992,-0.16063,0.31689,-0.9796,-0.96072,0.8444,-0.95397,-0.91112,0.22496,-0.45661,-0.98951,-0.17076,-0.051201,-0.26225,0.39593,0.22854,0.36499,0.020036,-0.5911,-0.54605,0.62598,0.096916,-0.006395,0.1986,0.22037,-0.17083,-0.50344,-0.59078,0.14602,0.12946,-0.1041,0.39173,0.57332,0.53692,0.61935,0.72541,0.18345,-0.7023,-0.4815,0.38302,0.073629,0.48134,0.3954,0.56258,0.055198,-0.2992,-0.3359,-0.22026,0.23059,1.2998,0.57435,-0.12844,-0.18492,0.10291,-0.056777,0.19806,-0.34345,-0.17694,-0.85574,-0.74825,-0.046975,-0.54224,-0.59278,-0.95921,-0.9641,-0.41781,-0.14486,-0.89908,-0.78883,-2.165,-2.1411,-1.463,-0.33883,0.32504,0.025913,0.2141,-0.32781,-2.0257,-2.3101,-2.3532,-2.2593,-1.889,-2.0615,-1.1445,-1.4065,-1.5999,-1.9257,-0.6318,-0.74619,0.08742,-0.53515,-0.55832,0.31315,1.5044,0.097512,-0.20159,-0.8535,-0.6361,0.11595,-1.1958,0.87222,0.74838,0.48915,-0.58005,-0.23512,-0.23746,0.24812,0.25484,-0.10624,0.60884,0.94554,0.70615,0.94772,1.1989,0.30611,0.56541,-0.027007,0.43535,0.6378,0.34028,0.5778,0.92516,0.53501,0.38045,-0.30293,-0.12476,1.3652,1.3273,0.47601,0.7182,0.40398,0.84746,0.46702,0.086861,0.66598,1.3905,0.78484,0.8423,-0.14624,0.36417,2.1296,0.57315,0.71814,0.054832,0.6598,1.2741,1.4824,0.74267,1.6542,1.5094,1.4579,0.33799,0.96741,0.14558,0.76724,1.1986,1.0898,0.74841,1.1688,0.80127,1.0725,1.1477,0.81578,0.27158,0.14884,0.87427
0.078525,0.23113,0.36076,0.31421,-0.67381,0.6848,1.0053,-0.35627,-0.79327,0.34175,-0.37574,0.41344,0.1486,0.52588,0.38434,-0.51233,0.07232,0.090879,-0.39865,0.18442,-0.51854,-0.012512,-1.0357,-0.57502,-1.7672,-1.0784,-0.60533,-0.48485,-0.70605,-0.52147,-1.4274,-0.065142,-0.29149,-0.40654,0.16992,-0.16063,0.31689,-0.9796,-0.96072,0.8444,-0.95397,-0.91112,0.22496,-0.45661,-0.98951,-0.17076,-0.051201,-0.26225,0.39593,0.22854,0.36499,0.020036,-0.5911,-0.54605,0.62598,0.096916,-0.006395,0.1986,0.22037,-0.17083,-0.50344,-0.59078,0.14602,0.12946,-0.1041,0.39173,0.57332,0.53692,0.61935,0.72541,0.18345,-0.7023,-0.4815,0.38302,0.073629,0.48134,0.3954,0.56258,0.055198,-0.2992,-0.3359,-0.22026,0.23059,1.2998,0.57435,-0.12844,-0.18492,0.10291,-0.056777,0.19806,-0.34345,-0.17694,-0.85574,-0.74825,-0.046975,-0.54224,-0.59278,-0.95921,-0.9641,-0.41781,-0.14486,-0.89908,-0.78883,-2.165,-2.1411,-1.463,-0.33883,0.32504,0.025913,0.2141,-0.32781,-2.0257,-2.3101,-2.3532,-2.2593,-1.889,-2.0615,-1.1445,-1.4065,-1.5999,-1.9257,-0.6318,-0.74619,0.08742,-0.53515,-0.55832,0.31315,1.5044,0.097512,-0.20159,-0.8535,-0.6361,0.11595,-1.1958,0.87222,0.74838,0.48915,-0.58005,-0.23512,-0.23746,0.24812,0.25484,-0.10624,0.60884,0.94554,0.70615,0.94772,1.1989,0.30611,0.56541,-0.027007,0.43535,0.6378,0.34028,0.5778,0.92516,0.53501,0.38045,-0.30293,-0.12476,1.3652,1.3273,0.47601,0.7182,0.40398,0.84746,0.46702,0.086861,0.66598,1.3905,0.78484,0.8423,-0.14624,0.36417,2.1296,0.57315,0.71814,0.054832,0.6598,1.2741,1.4824,0.74267,1.6542,1.5094,1.4579,0.33799,0.96741,0.14558,0.76724,1.1986,1.0898,0.74841,1.1688,0.80127,1.0725,1.1477,0.81578,0.27158,0.14884
0.026679,0.078525,0.23113,0.36076,0.31421,-0.67381,0.6848,1.0053,-0.35627,-0.79327,0.34175,-0.37574,0.41344,0.1486,0.52588,0.38434,-0.51233,0.07232,0.090879,-0.39865,0.18442,-0.51854,-0.012512,-1.0357,-0.57502,-1.7672,-1.0784,-0.60533,-0.48485,-0.70605,-0.52147,-1.4274,-0.065142,-0.29149,-0.40654,0.16992,-0.16063,0.31689,-0.9796,-0.96072,0.8444,-0.95397,-0.91112,0.22496,-0.45661,-0.98951,-0.17076,-0.051201,-0.26225,0.39593,0.22854,0.36499,0.020036,-0.5911,-0.54605,0.62598,0.096916,-0.006395,0.1986,0.22037,-0.17083,-0.50344,-0.59078,0.14602,0.12946,-0.1041,0.39173,0.57332,0.53692,0.61935,0.72541,0.18345,-0.7023,-0.4815,0.38302,0.073629,0.48134,0.3954,0.56258,0.055198,-0.2992,-0.3359,-0.22026,0.23059,1.2998,0.57435,-0.12844,-0.18492,0.10291,-0.056777,0.19806,-0.34345,-0.17694,-0.85574,-0.74825,-0.046975,-0.54224,-0.59278,-0.95921,-0.9641,-0.41781,-0.14486,-0.89908,-0.78883,-2.165,-2.1411,-1.463,-0.33883,0.32504,0.025913,0.2141,-0.32781,-2.0257,-2.3101,-2.3532,-2.2593,-1.889,-2.0615,-1.1445,-1.4065,-1.5999,-1.9257,-0.6318,-0.74619,0.08742,-0.53515,-0.55832,0.31315,1.5044,0.097512,-0.20159,-0.8535,-0.6361,0.11595,-1.1958,0.87222,0.74838,0.48915,-0.58005,-0.23512,-0.23746,0.24812,0.25484,-0.10624,0.60884,0.94554,0.70615,0.94772,1.1989,0.30611,0.56541,-0.027007,0.43535,0.6378,0.34028,0.5778,0.92516,0.53501,0.38045,-0.30293,-0.12476,1.3652,1.3273,0.47601,0.7182,0.40398,0.84746,0.46702,0.086861,0.66598,1.3905,0.78484,0.8423,-0.14624,0.36417,2.1296,0.57315,0.71814,0.054832,0.6598,1.2741,1.4824,0.74267,1.6542,1.5094,1.4579,0.33799,0.96741,0.14558,0.76724,1.1986,1.0898,0.74841,1.1688,0.80127,1.0725,1.1477,0.81578,0.27158
0.0090639,0.026679,0.078525,0.23113,0.36076,0.31421,-0.67381,0.6848,1.0053,-0.35627,-0.79327,0.34175,-0.37574,0.41344,0.1486,0.52588,0.38434,-0.51233,0.07232,0.090879,-0.39865,0.18442,-0.51854,-0.012512,-1.0357,-0.57502,-1.7672,-1.0784,-0.60533,-0.48485,-0.70605,-0.52147,-1.4274,-0.065142,-0.29149,-0.40654,0.16992,-0.16063,0.31689,-0.9796,-0.96072,0.8444,-0.95397,-0.91112,0.22496,-0.45661,-0.98951,-0.17076,-0.051201,-0.26225,0.39593,0.22854,0.36499,0.020036,-0.5911,-0.54605,0.62598,0.096916,-0.006395,0.1986,0.22037,-0.17083,-0.50344,-0.59078,0.14602,0.12946,-0.1041,0.39173,0.57332,0.53692,0.61935,0.72541,0.18345,-0.7023,-0.4815,0.38302,0.073629,0.48134,0.3954,0.56258,0.055198,-0.2992,-0.3359,-0.22026,0.23059,1.2998,0.57435,-0.12844,-0.18492,0.10291,-0.056777,0.19806,-0.34345,-0.17694,-0.85574,-0.74825,-0.046975,-0.54224,-0.59278,-0.95921,-0.9641,-0.41781,-0.14486,-0.89908,-0.78883,-2.165,-2.1411,-1.463,-0.33883,0.32504,0.025913,0.2141,-0.32781,-2.0257,-2.3101,-2.3532,-2.2593,-1.889,-2.0615,-1.1445,-1.4065,-1.5999,-1.9257,-0.6318,-0.74619,0.08742,-0.53515,-0.55832,0.31315,1.5044,0.097512,-0.20159,-0.8535,-0.6361,0.11595,-1.1958,0.87222,0.74838,0.48915,-0.58005,-0.23512,-0.23746,0.24812,0.25484,-0.10624,0.60884,0.94554,0.70615,0.94772,1.1989,0.30611,0.56541,-0.027007,0.43535,0.6378,0.34028,0.5778,0.92516,0.53501,0.38045,-0.30293,-0.12476,1.3652,1.3273,0.47601,0.7182,0.40398,0.84746,0.46702,0.086861,0.66598,1.3905,0.78484,0.8423,-0.14624,0.36417,2.1296,0.57315,0.71814,0.054832,0.6598,1.2741,1.4824,0.74267,1.6542,1.5094,1.4579,0.33799,0.96741,0.14558,0.76724,1.1986,1.0898,0.74841,1.1688,0.80127,1.0725,1.1477,0.81578
0.015956,0.45502,0.13671,0.71663,0.42098,0.75249,-0.42629,0.40422,-0.13935,-0.3503,-0.19035,0.48144,0.49987,0.14644,0.6137,0.27697,-0.82487,-0.14197,0.097698,0.1352,0.22736,-0.023653,-0.31062,-0.12693,-0.099658,-0.75972,-0.57967,-0.29596,-0.40631,-0.36192,-0.10931,-0.56031,-0.48181,-0.37421,0.2743,0.26455,-0.38305,-0.56454,-0.51882,-0.67548,0.083891,0.11778,0.050624,-0.38405,-0.55818,-0.031154,-0.015376,-0.76192,-0.20545,-0.038327,-0.38022,0.81625,0.10992,0.4014,0.090456,-0.6326,-0.045196,0.19496,0.74102,-0.11124,-0.064961,-0.11015,0.36776,-0.26068,0.46754,0.31405,0.20921,0.70357,0.26034,-0.077902,-0.089778,0.81103,-0.076383,-0.084184,0.88278,0.29679,0.062107,-0.3211,0.043458,0.64139,0.016851,-0.0062901,-0.20365,0.53884,0.024445,0.76244,-0.19563,-0.091958,0.054975,0.16344,0.37173,-0.078082,-0.3987,0.12298,0.1188,0.042896,0.70139,-0.26972,-0.45107,-0.19787,-0.88071,0.0030473,-0.25855,-0.34855,0.20463,-0.55923,-0.081221,-0.34872,0.076281,-0.75869,-0.73258,-1.142,-1.2286,-0.33731,-1.5523,-1.0736,-0.87587,-0.55315,-0.6546,-0.59731,-1.2235,-0.54874,-0.46791,0.16123,0.136,0.70101,-1.0245,-0.61728,-0.26273,-0.40705,0.32899,0.59969,-1.0065,-0.86793,-0.022181,0.065974,0.8004,-0.1111,0.57853,-0.28261,0.088508,0.4075,0.037037,-0.17836,-0.0036855,0.1682,0.36825,0.14307,0.012083,0.25998,0.26742,0.2959,0.059986,-0.36834,-0.02054,0.23102,0.93715,0.44768,-0.11806,-0.032885,0.51253,0.40208,0.11835,-0.089134,0.51975,0.20671,0.037813,0.067084,-0.52098,0.090984,0.25068,0.18122,-0.3514,0.097357,0.57735,0.58966,0.45396,0.25275,-0.17294,0.88885,0.5861,0.86585,0.26468,-0.18316,0.33891,0.74614,0.20427,0.3894,0.20024,0.30216,0.62221,0.84166,0.72753,0.1089,0.601,0.6496,-0.094188,-0.717,-0.025142
-1.8073e-06,5.4452e-06,-1.6406e-05,4.9432e-05,-0.00014894,0.00044875,-0.0013521,0.0040738,-0.012274,0.036982,-0.11143,0.33572,-1.0115,3.0477,-2.9092,-0.19243,1.7553,-1.4365,-0.7054,1.2536,-0.91228,-0.088387,-0.7102,-0.18821,0.44184,1.7157,-1.4144,0.87456,0.017913,0.50115,-0.97247,0.29276,0.2281,-0.70001,0.88179,-0.14191,-1.6122,3.2958,-1.5527,-1.0385,1.3676,-0.21938,0.7212,-0.33605,0.0099658,-0.93265,0.23033,-0.48018,-0.024805,0.84245,-0.25497,-0.13516,0.64838,-0.15777,-1.0082,1.9034,-1.5155,0.44711,0.11118,-2.2971,1.5695,-0.11796,0.59638,-0.37605,1.2964,-1.7193,0.21832,0.84684,-1.2195,0.78522,0.18027,-0.48418,-0.88325,0.49368,-0.47641,0.74282,0.59188,-1.2498,-0.1346,-0.79809,1.4737,-0.62985,-0.30269,-0.58477,-0.41671,1.4535,-0.8265,0.55442,0.71816,-1.2175,0.51842,-0.23899,0.26058,-0.038405,-0.83698,-0.50384,0.24621,0.62053,-0.84087,0.14823,0.67258,0.24582,-0.12417,0.82602,0.004469,-1.1551,0.9448,-0.25646,0.78575,1.2447,1.5383,0.21232,0.64163,1.2185,0.69908,-0.53099,0.8593,1.2953,0.22945,-0.21144,0.47819,0.78874,-0.11486,0.36633,2.0292,-2.2155,-1.067,1.2893,0.025231,-0.50324,0.89424,-0.15302,-0.8586,-0.11451,0.1655,0.17371,0.53358,-0.76382,0.33365,0.87919,-1.3414,1.1005,-0.74083,-1.5059,0.46852,0.60262,-0.95444,1.1235,-0.83192,0.087719,0.27793,-0.52495,-0.48837,-1.0587,0.51669,-0.81836,0.18529,0.54516,0.35647,-0.72251,0.1245,-0.59193,-0.078004,-0.34321,-0.23131,0.11336,0.15882,-1.6131,-0.92356,0.24375,0.84336,0.074253,0.59461,-0.22632,0.0227,-0.12808,0.91956,-1.8006,0.40067,-1.0205,-0.11274,0.40646,0.12731,0.017392,1.3035,-0.93759,-1.2967,2.1682,-2.3504,0.022093,-0.14085,-1.1749,0.047088,0.98895,-0.2216,0.23186,0.31901,-0.10588,0.035141
0.10219,0.30522,0.22239,0.68658,-0.70674,-0.16422,0.90626,0.48534,-0.5954,0.69258,0.22939,0.076094,0.55705,1.5085,0.78406,0.33381,0.42833,1.4809,0.79933,-0.21287,0.016943,1.6573,-1.1134,0.048628,-0.17982,-0.17853,-0.14758,0.10675,0.2602,-0.29069,-0.62762,0.0068238,0.28967,0.040844,0.33713,-0.10462,-0.013644,0.6623,1.0491,-0.055335,-1.0964,-0.92113,-0.49725,0.1837,0.71088,0.12586,-1.267,-0.80225,0.065376,0.37212,-0.51351,-0.54093,-0.37084,0.20734,0.66519,-0.64269,-0.5516,0.1177,0.34929,0.49675,-0.82238,-1.0608,0.32482,0.26527,-0.067658,-0.57554,-0.61562,1.1944,1.2144,3.343,-0.53514,-2.319,-1.001,0.65292,-0.38309,-0.39282,0.62345,0.083532,0.0059715,1.0736,0.5065,-1.7834,-1.5862,-0.56384,0.63837,0.026039,0.34379,0.5902,0.19121,0.48129,-0.0085659,-0.082966,-0.50126,0.49945,0.10972,1.2197,0.35801,0.22908,0.33237,0.48013,0.035189,1.1519,2.2802,1.7083,0.39426,1.578,-1.0574,-2.8483,-0.03318,2.0117,1.8481,0.45526,0.47118,0.2704,1.6674,-0.68457,0.019798,-0.19724,-0.22639,-0.13861,-0.55494,-0.68678,-1.0628,-1.0453,-0.94068,-1.1328,-0.79769,-0.10943,-0.42438,-0.31352,0.1151,-0.10602,0.13635,0.15221,0.19765,0.12954,0.38026,0.17258,-0.58034,0.12295,0.29072,0.10781,-0.35096,-0.08637,-0.55144,0.020044,-0.12344,-0.11893,-0.061917,-1.0552,-0.32455,-0.45232,1.2102,0.70227,0.36434,-0.99617,-0.58975,-0.22207,0.93738,-1.0748,-0.95678,-0.35399,0.077075,0.058503,0.029462,-0.2868,-0.45786,-0.099935,0.33575,0.29323,-0.5933,-0.6902,0.083352,-0.35496,-0.32663,-0.34102,-0.51995,-0.057126,-0.26344,-0.92527,-1.0752,-1.5449,0.31182,-0.025598,-0.0090514,0.28114,0.12098,0.023807,-0.13919,-0.47914,0.3593,0.28182,-0.45912,-0.14307,-0.75659,0.001486,0.4848,0.050699,0.016974
-0.20198,0.49389,-2.1761,0.5939,0.3453,-0.82694,3.3049,-2.9323,-0.12481,1.0004,-1.3907,0.38279,0.062051,-1.259,0.64637,0.54644,-1.0596,0.8857,0.10315,-0.36407,0.2733,-0.32374,0.95902,-0.58886,0.44269,-0.46887,1.0051,-0.42965,-0.03161,0.14639,-1.017,1.0328,0.29115,-1.1411,-0.020327,0.33303,-0.99482,0.6546,0.43493,-0.040845,-0.17352,0.23652,0.15854,-0.33513,0.014633,0.28297,0.40776,-0.33943,-0.32708,-0.73563,0.13,0.89069,-1.0001,-0.41447,0.24955,-0.095547,-0.32496,0.11935,-0.70078,0.60626,-0.20798,-0.13408,-0.042342,-1.0799,0.61075,1.3001,0.09128,-1.4147,0.74073,-0.34606,0.35761,1.1767,-0.48658,-1.6305,1.0125,0.80989,-1.4652,-0.0072985,0.38967,-0.98985,-0.34107,2.7508,-1.5712,0.76314,0.016056,-1.0048,0.088208,0.42688,0.34013,-0.71353,0.097449,0.73903,-0.53354,-0.84379,0.14827,-0.089829,0.9578,-0.65804,-0.25163,-0.36114,-0.18059,-0.11244,-0.32614,-0.54394,-0.023913,0.33382,-0.79494,0.74493,0.34313,-1.7474,-0.51269,0.62505,0.11591,1.0652,-0.95148,1.4798,-0.064588,-0.17906,0.38063,-0.44882,-0.44277,2.8818,-0.84276,0.14527,0.5998,-0.32364,-0.058053,0.2577,0.084765,0.74472,-0.85721,-0.0022549,-0.50297,0.89136,-1.2627,1.4419,-1.4141,0.39142,-0.70604,0.82962,0.58404,-0.76547,-0.014652,0.76295,0.91372,-0.42126,-0.27192,-0.38237,-0.23709,-0.11206,0.41894,0.5589,-2.243,1.1505,0.38842,-0.13055,1.1055,-1.2154,0.94038,-1.5071,1.0222,1.0207,0.74053,-2.0877,0.36632,0.6554,-0.51326,1.0543,-0.73189,-0.65174,0.53475,0.17879,0.078941,-0.59209,0.37229,4.8334,-3.914,-0.2771,-0.17576,-0.32515,-0.075554,0.86441,-0.62376,1.2211,-0.34316,-0.84641,1.0052,0.22596,-0.42689,-0.43017,1.14,-0.060365,-0.6617,0.94089,-0.58601,0.52699,0.5179,-0.56591,0.23143
0.036158,-0.35249,0.16926,-0.027155,-0.73414,-0.31723,0.26501,-0.074667,-0.44185,0.20003,-0.12165,-0.39176,-0.167,0.45573,0.0016648,-0.35909,0.9732,0.0036694,-0.23638,-0.02886,0.40547,-0.20938,2.8719,-1.4693,-0.63716,-0.54432,-0.44321,0.12252,0.36799,-0.76856,0.10375,0.31239,0.34309,-0.75742,-0.019502,0.14562,-0.12642,0.097419,-0.47776,0.88885,-0.40137,-0.29922,-0.13846,-0.0025304,0.035308,-0.40876,-0.77276,0.35194,-0.70981,0.078759,0.18754,0.09732,-1.0138,0.49381,-0.43147,-0.085332,-0.092168,0.51015,-0.12031,0.092514,-0.081018,-0.76739,0.29777,-0.27058,0.12466,-0.36242,0.985,-0.41684,-0.59376,-0.31512,0.067387,0.11796,-0.23489,0.98378,-0.77306,0.35417,0.20169,-0.097829,0.34724,0.22919,0.39055,-0.42673,0.13165,-0.10377,0.078918,-0.080817,0.085993,0.22917,-0.2125,0.65752,-0.45478,0.20623,0.21819,0.52097,0.23952,0.25678,-0.099174,0.11838,-0.11589,-0.15149,0.16423,-0.18002,-0.11612,0.44349,0.7017,-0.25358,-0.7428,-0.35391,0.192,1.5156,0.16162,-0.40049,0.63679,0.27329,0.4914,0.038666,0.32807,-1.0239,0.46938,0.22305,-0.25275,0.09779,-0.10837,0.74243,0.056306,-0.47705,-0.16532,0.22285,-0.26095,0.39476,0.41093,0.12549,0.040591,0.51827,0.30121,-0.044915,-0.04525,-0.088218,0.012459,-0.1634,0.028765,0.17554,0.38069,-0.22883,-0.045574,0.043142,0.45441,-0.13192,-0.36998,-0.16177,-0.49214,0.22459,0.51046,-0.034335,-0.21189,0.24172,-0.16115,0.58939,0.051036,-0.46872,0.13813,-0.11259,0.17871,0.066471,-0.10728,-0.48621,-0.18614,-0.3737,0.31447,-0.1896,0.28437,0.05676,0.15993,0.16007,-0.12219,-0.49119,0.16783,-0.3034,-0.31867,0.27492,-0.61655,0.0028535,-0.23432,0.5673,-0.78103,-0.32815,-0.13406,0.57343,-0.10384,0.044599,-0.17844,-0.18673,0.30902,-0.093942,0.065822,-0.14283,0.27762,-0.1416,0.014525
-0.060898,0.24889,0.51323,0.31944,-0.56612,1.0487,-0.27087,0.11862,0.339,-0.63083,-0.10394,0.2692,-0.051832,1.2384,-0.44061,0.098226,-0.035955,-0.80714,0.33453,-0.10425,0.6238,-0.54116,0.29624,-0.16317,0.33285,-0.24137,-0.41699,-0.21223,0.6498,-0.60601,-0.043851,-0.19801,-0.48113,-0.19045,0.04682,0.5523,-0.10219,-0.50701,0.02287,-0.63997,0.21324,0.13462,0.70517,-0.51554,-0.5703,0.057662,-0.084115,-0.75707,-0.19702,0.32114,-0.55208,1.294,-0.55321,0.48706,-0.059398,-0.17443,-0.35512,0.10704,0.80719,-0.69305,0.26872,-0.28765,0.83703,-0.70276,0.7414,-0.37092,-0.036286,0.63995,-0.35453,0.46454,-0.015176,0.34866,-0.24557,-0.35144,0.82911,-0.0053594,0.32345,-0.59747,-0.087261,0.50157,0.39421,-0.59353,-0.52819,0.6038,-0.34606,1.1979,-0.41318,-0.10589,0.49117,-0.5377,0.72393,0.1262,-0.62925,0.42034,-0.19748,-0.13551,1.1126,-0.079563,-0.81557,0.63035,-1.0592,1.0163,0.083749,0.17713,0.46154,-1.2047,0.69279,-0.61905,0.36754,0.25215,0.44683,-0.24749,-0.3149,0.79999,-0.52338,-0.79153,-0.026102,0.26227,0.31779,-0.5728,-0.41922,-0.31611,-0.24683,0.6307,0.5272,-0.48679,-1.0807,-0.056099,0.2336,-0.26204,-0.21833,1.813,-1.9811,-0.4678,-0.088246,0.29806,0.83006,-0.57595,0.75569,-0.33573,0.017532,0.40947,-0.57151,-0.65283,0.07396,-0.16532,0.39865,-0.026635,-0.0096583,0.051399,0.0057032,0.091727,-0.1205,-0.94269,0.3393,-0.42938,0.97683,0.61391,-0.59757,-0.64143,0.72223,-0.24854,0.24898,-0.70324,0.36536,0.23058,-0.085339,-0.79317,-0.70623,-0.087308,0.68333,0.60035,-1.4344,0.52368,-0.093581,0.68946,0.29702,-0.37751,-0.88707,0.95985,-0.51054,0.81193,-0.40862,0.25524,-0.032745,0.72891,-0.65588,0.67038,-0.82493,0.20834,-0.050001,0.24567,0.36876,-0.086,0.27548,0.55012,0.2684,-1.1599,0.28381
0.11241,-0.24048,0.25577,-1.4132,0.68787,-0.51052,-0.21301,-0.534,0.48339,-0.88998,0.49187,0.11566,-0.11215,0.30943,0.29871,0.045352,0.27695,-0.37125,0.4003,0.46854,-0.8123,0.89889,-1.9937,1.1108,0.06013,0.88572,0.56811,-0.90898,-0.84486,1.7417,-0.57346,-0.69044,-0.23335,1.7442,-1.1926,0.67093,-0.1226,0.38249,-0.89816,0.43309,-0.62251,0.62827,0.31085,-0.20323,-1.1282,0.95497,0.084876,0.44366,-0.20798,-0.99741,-0.51824,0.3202,0.17648,-0.60109,-0.41809,0.69554,0.155,-1.2282,0.86879,-1.7136,1.2627,0.76684,0.10663,-1.8797,0.73922,0.17248,-0.53342,-0.58766,0.6277,0.20098,-0.40208,0.29098,-0.91862,0.92701,-0.70814,-0.78859,-0.80465,1.0535,-0.75411,-0.39801,-0.43661,0.68486,-1.4774,0.61795,0.09551,-1.6098,0.73574,-0.10531,0.21792,-0.80187,0.59481,-0.77717,-0.1826,-1.2369,0.86658,-0.80006,-1.1673,0.78704,0.78337,-1.0976,0.057611,-0.72239,0.9202,-0.8282,-0.26744,0.33327,0.80282,-0.38232,-0.52764,-1.4816,2.6497,-0.96951,-0.40503,1.3922,0.64353,0.22501,-0.81516,0.81846,-1.1495,1.0444,-0.3583,0.89916,-0.21696,0.083623,0.82252,-1.6006,-0.87095,0.39045,0.90873,-0.16012,-1.3239,-0.23744,-0.22328,2.1502,-2.3324,1.6798,-1.0627,0.23957,0.804,0.36865,-0.68229,1.0895,-0.82983,1.9048,-0.22023,0.2107,-0.5762,-0.30314,1.1868,-0.64536,1.1638,-0.27567,0.073993,1.1691,1.0192,-1.0816,1.8932,-1.0009,0.74553,0.74262,-2.0765,1.3622,-0.91778,0.4771,0.28018,-0.72766,0.65797,2.22,-0.98543,-0.85078,0.25432,-0.10409,0.64513,-0.50887,-0.85446,1.9791,-1.3321,0.22264,0.89185,-1.0595,1.2375,0.53537,-2.0921,0.61041,2.6224,-1.8735,1.7414,-0.55412,-0.058893,0.72276,-1.1919,0.96526,-0.08338,-0.010867,0.93575,-0.84343,0.23458,-0.21658,0.10124
-0.0087331,-0.30904,-0.025359,0.0026816,0.76374,0.076559,-0.40148,-0.23769,-0.50017,0.36425,-0.28036,0.019513,-0.016446,-0.65796,-0.2649,0.28152,0.21505,-0.51581,-0.27732,0.076203,0.38818,0.082855,0.70985,-0.18892,0.52455,0.65748,0.023581,0.61639,0.061756,0.20903,1.1736,-0.46105,-0.038792,-0.0085436,-0.28223,0.67974,-0.55034,0.57002,-0.12326,-0.24082,-0.26908,0.26276,0.09845,0.38534,-0.094955,0.30608,-0.27745,0.80016,-0.4372,-0.2678,0.085392,-1.188,0.071072,0.68851,-1.5594,0.83009,-0.16761,-0.076157,0.48972,-0.35783,0.99066,0.10947,0.52994,-0.75533,-0.14884,0.14981,0.69503,-0.52901,-0.23934,-3.4065,1.2082,1.3823,0.26758,-0.33035,-0.0099397,-0.25696,-0.009116,-0.7794,0.10814,-0.25133,-0.12576,0.022006,0.27575,-0.3721,1.1177,-0.82639,0.9685,-0.31565,0.591,-0.2479,-0.46085,-0.24057,0.14794,-0.019351,-1.1645,-0.090413,-0.35348,-1.018,-0.72459,-0.55508,-1.3145,-0.90568,-0.93225,-1.2319,-0.95442,-4.4962,3.2561,1.3704,-1.1945,-1.4209,0.36473,-1.1257,-0.64764,-1.0476,-0.98359,1.4115,1.3221,0.29943,-0.369,-0.12441,0.26975,1.0669,0.19181,0.48476,0.084911,1.5751,0.021354,0.32089,0.24136,0.050783,-0.83556,-0.24788,0.48537,-0.59623,-0.97795,0.1972,-1.3129,-0.17193,0.39843,0.40942,0.42354,-0.0099854,0.96042,-0.31753,0.39863,0.76897,0.13143,-1.3679,1.1042,0.48204,0.46789,0.53283,-0.85288,-0.089298,0.29755,0.83015,0.4405,-0.4549,0.43681,0.48523,0.10943,0.17822,0.25393,-0.75396,0.80364,0.43068,-0.16089,0.4424,0.18166,-0.96649,0.98826,0.69138,0.045562,0.20323,0.58896,-0.011611,0.22778,0.4862,0.32224,1.5431,0.30602,0.33485,-0.091233,-0.41837,-0.11454,-0.21612,-0.36211,0.93483,0.58904,-0.04431,0.092223,-0.47044,-0.15296,0.94878,0.086733,-1.2662,0.65859,-0.68216,-0.019277
-0.19269,0.93195,0.091318,-0.018892,0.53313,0.19164,0.10345,0.49286,0.3206,-0.44478,-0.010594,-0.2631,-0.15512,0.2369,-0.077746,0.13661,-0.69206,-0.58753,-0.28226,1.4226,1.6473,-0.80041,-3.1099,0.19305,0.1081,2.2202,-0.27673,-0.016086,0.012459,0.27512,-0.035052,-0.67416,-0.34074,0.067777,-0.067695,-0.0038259,-0.085448,-0.16286,-0.093881,0.032599,0.34824,0.54405,-0.030783,0.95019,0.15003,-1.3476,0.31889,0.58449,0.010458,-0.041275,0.13572,-0.010253,0.32415,0.27577,0.070281,-0.19226,0.17341,-0.40165,-0.039335,-0.36641,3.8083,-3.95,-0.19815,0.25788,-0.17707,0.43793,-0.25988,-0.14087,0.21348,-0.76045,0.5087,0.51051,0.49301,1.0867,0.34754,0.12316,-0.19328,-0.1191,0.17585,-0.19555,-0.049002,0.49679,0.44954,0.21267,-0.06528,-0.021251,0.22994,0.13711,-0.049974,-0.30075,-0.13788,0.084226,-0.11801,0.22706,-0.34303,-0.22388,0.5471,0.31731,0.26401,0.056779,-0.64639,5.309,-3.1741,-1.7086,-1.077,-0.18234,0.58575,0.622,-0.76605,-0.13346,-1.407,-0.17945,0.38314,1.3861,-2.3023,-0.60211,-0.73605,0.45862,-0.57264,0.10192,0.11158,-0.23232,-0.38172,-0.11976,0.66843,0.81836,-0.076118,0.0015429,0.063147,-0.32281,0.036696,0.057673,0.69908,0.49709,0.11954,-0.31829,-0.4422,-0.16092,0.16145,0.3215,-0.21643,-0.70519,-0.14894,-0.39007,0.73242,0.50218,0.3656,0.076853,0.18718,-0.11724,0.069191,-0.5683,-0.47756,0.21509,0.48226,1.3243,2.6982,-7.5983,-0.13935,0.080895,-0.13284,0.28874,0.01087,-0.30917,0.2275,0.032958,-0.71629,0.034094,-0.10693,0.46632,0.23252,0.073239,-0.1468,0.074274,0.15637,-0.15646,0.085498,-0.10112,0.03392,0.4788,0.3462,0.11977,0.059318,-0.6866,0.18753,-0.21144,0.07622,0.10987,0.091889,-0.0069806,0.082871,-0.18666,0.13943,0.39904,-0.075497,0.1446,-0.13124,-0.20714,0.042827
0.0022538,-0.014354,-0.46638,-0.11433,0.71708,-0.91732,1.0594,-0.31951,0.98872,-0.67598,-0.45871,-0.20357,-0.35678,0.022905,0.39402,-0.48475,-0.75004,0.58637,-0.90348,-0.64404,1.0954,-3.4526,0.74949,0.71484,0.24311,0.42622,-0.34977,-0.017783,0.47958,-0.24316,0.21422,-0.16125,0.0036502,-0.63371,-0.46275,0.39477,-1.505,0.32354,0.0042354,-0.33679,-0.19522,0.49825,1.1642,-0.04073,-1.0112,0.64685,0.64091,0.78909,-0.701,-0.78852,1.4042,0.6428,-1.0458,0.010993,-1.6032,0.29443,-0.15471,0.22901,-0.24906,-0.87612,1.0557,-0.18578,-0.27652,-0.11409,0.35287,-0.41314,-0.34255,-0.2351,0.20048,-1.3531,0.53943,0.27111,0.58782,-0.09641,0.07287,0.66428,-0.52778,0.29576,0.17113,-1.3697,0.51907,0.72997,1.1548,0.39301,-0.30576,0.48199,-1.3335,1.2553,-0.76679,0.61654,0.10897,0.066665,0.90928,-0.26231,0.77156,-0.4262,0.058923,0.48542,0.69609,-0.46281,1.319,0.32057,0.86893,0.29551,0.44495,-1.2168,1.4377,0.24335,-0.58341,-1.1416,2.0953,0.66951,-0.1288,1.0395,0.50187,0.58692,-0.46588,1.3791,0.79666,-0.56419,0.93097,-0.89408,-0.042086,0.76499,-1.266,1.0439,-0.50756,0.82121,-0.36121,-0.21089,1.3619,-0.024473,0.11793,-0.094601,-1.0086,1.3231,-0.19666,-0.55771,-0.78806,1.0193,-0.30516,0.38054,-0.43406,-0.97369,-0.017655,-0.68471,0.26494,0.58577,-0.67195,0.12354,0.43902,-0.32518,-0.69014,1.0684,-1.8801,0.71316,0.93094,-0.67422,-0.12239,-0.39118,0.40925,-0.33981,0.59458,-0.28382,-0.31851,-0.48136,0.70784,0.11629,-0.54435,-0.16164,-0.76846,0.43684,-0.54034,0.17378,-0.56763,-0.028536,0.090368,-0.76412,0.57167,-0.50058,0.10632,-0.56125,-0.57073,-0.081266,0.28222,-0.62935,-0.28564,-0.10826,-0.70625,0.47701,-0.45027,-0.3718,0.1521,-0.87024,0.91462,-0.52031,0.32887,-0.051638,0.0081079
-0.059096,0.17559,0.60492,0.1127,-0.53822,-0.26048,0.8308,-0.027763,0.059824,0.87597,-0.46857,-0.33461,0.24967,0.62065,-1.4037,1.2226,-0.74726,-0.86717,0.36461,0.36828,0.16882,-0.5694,0.73209,0.25097,-0.82153,1.2088,0.94082,-0.79838,1.1087,-0.18351,0.35765,-0.62851,0.73822,-0.13345,-0.65887,1.813,0.52981,-0.87105,-0.70574,1.2416,-0.21395,-0.086051,0.076999,0.44114,-1.0688,0.73607,-0.039721,-0.28506,0.86646,-0.60132,0.33703,0.71998,-0.50006,-0.095245,1.0047,-1.0687,0.37473,-0.57925,0.41829,0.32193,-0.78403,-0.065464,0.10865,-1.6184,1.1883,-0.4567,0.31295,-0.27087,-0.034542,0.6985,0.47813,-0.7309,0.051846,0.16711,-0.9402,0.024833,-0.51702,0.36729,-0.43532,-0.11,0.27901,-0.15656,-0.61937,-0.012086,0.28246,-0.68565,-0.7762,1.1632,-0.89556,-0.11136,-0.077699,0.031665,-0.20786,-0.18685,-0.051387,0.047975,-0.62517,0.89064,0.99079,-1.2093,1.3499,-0.18786,-0.1025,1.2297,-0.032501,-0.16575,1.6817,-1.5376,0.46151,-0.99805,-0.89478,1.2882,0.3285,-0.3889,0.47589,2.1516,-0.84441,1.482,0.034726,0.20731,0.70539,-0.95778,0.79689,-0.043911,-0.73871,0.49581,0.76988,-0.97285,0.64783,-0.46272,-0.23082,-0.63322,0.46798,1.0859,-1.4402,0.35717,-0.63002,0.47753,-0.055913,-0.20383,-0.43354,-0.069781,0.032308,-0.26338,0.38975,-0.25807,-1.3563,1.5274,-1.0283,-0.063979,-0.017064,-0.17509,-0.35751,-0.20891,-0.67115,1.1673,-1.0186,0.022655,0.094715,-1.3768,0.92194,0.58218,-0.92986,0.17282,-0.21159,0.20294,-0.23372,-0.49631,-0.38125,0.59568,-0.21164,0.12007,0.16557,-0.5432,-0.45169,-0.3255,-0.010987,0.08544,0.32426,-0.53357,1.0222,-0.26531,-1.3914,2.2542,-1.0856,-0.5133,0.30581,-0.60488,0.60686,-0.23607,-0.078343,-0.1605,0.345,-0.31972,1.0535,-1.8854,0.53039,-0.1785,0.060076
-0.091445,-0.32453,0.21326,0.97034,-0.080899,-0.25556,-1.2499,-1.1021,1.9456,0.11064,0.2073,0.3693,-0.93368,-0.073676,-0.071243,1.7044,1.1338,0.41348,0.81356,-0.36521,-0.43879,-0.076125,-1.1645,0.35388,0.80458,0.56953,-0.2027,-1.4917,0.66881,-0.43845,-0.81737,-0.37019,-1.0098,-0.35464,0.5018,0.22053,0.5743,0.53965,0.031803,-1.2428,0.69389,0.38293,0.64588,0.39357,0.093954,0.97256,1.0175,-0.45147,1.7979,-1.1398,-0.30484,1.0431,0.57223,-0.12303,1.1822,1.261,0.4911,-0.80217,-0.16263,0.47447,0.43716,0.64181,1.1752,0.28175,-0.044069,1.2373,-0.053901,0.27919,1.0383,1.0939,0.79345,0.47311,0.64199,-0.26603,0.64694,-0.073973,-0.87539,-0.77244,-0.61685,-1.108,-0.81483,-0.66783,-0.86562,-0.27153,0.195,0.3287,-0.028818,0.16088,0.39248,0.44433,0.25444,-0.68141,0.16291,-0.05405,-0.52894,-1.73,-1.0029,-0.2088,-0.53173,0.25247,-0.30959,-0.42911,-1.0708,0.32022,-0.57145,-0.00070664,1.2905,0.11902,-1.4759,-2.4688,-0.029424,0.062881,-2.5027,-1.5695,-1.1741,-0.21038,-1.9811,-0.30295,-1.7425,-1.6613,-1.8434,-2.3643,-0.80335,-0.080781,0.66745,-0.21863,0.081257,-2.5927,-0.32524,0.29944,-0.91131,-0.52839,-1.4812,-3.4701,-0.016481,0.68846,-0.26852,0.72463,1.8768,-0.62391,1.3132,-0.278,-0.65668,0.066099,0.82555,0.36525,-0.24369,0.038397,0.63808,1.4095,1.1803,-0.31478,-0.29578,-0.081455,0.64909,-0.43575,-0.50102,-0.8264,0.77878,-0.26754,1.0978,0.27711,0.84934,1.2767,0.50469,0.51121,0.83764,0.55083,1.0832,1.363,0.43063,-0.27488,-0.06109,-0.23381,-0.8332,-0.1874,-0.15282,0.35456,1.5365,-0.043869,1.3263,0.38628,0.48437,0.68722,2.0576,1.0284,0.27872,0.093693,0.53509,0.1333,-0.18214,-0.71778,0.58628,-0.057128,1.0563,1.3231,-2.0642,-0.58165,-0.16389
0.056632,0.12165,0.66843,-0.64855,-0.99861,-0.046412,0.45923,0.060922,0.027917,0.29143,-0.07698,0.024364,-0.11923,0.19617,0.20943,-0.37904,0.076605,0.53295,0.36583,-0.13625,0.50853,0.9354,-1.2748,-0.21782,-0.11514,-0.098832,-0.21475,0.57743,0.35927,-0.095864,-0.569,0.06007,0.10593,0.52025,0.14317,-0.80902,0.38969,0.96035,0.91505,0.33195,-1.474,-0.39344,0.26107,-0.053611,-0.20881,-0.83007,-0.40661,-0.17896,0.16153,0.49255,-0.51312,-0.26414,-0.29763,0.29134,-0.16701,-0.27329,0.76813,-0.11562,0.18697,-0.77832,-1.3545,-0.047202,0.017992,1.0611,0.0072462,-0.47618,0.51667,0.49947,0.71447,0.7882,-0.52718,-1.5773,-0.56875,-0.023357,-0.60202,-0.48693,0.93597,0.84332,-0.26949,0.33787,-0.11615,-1.1999,-1.3598,0.052476,0.10883,-0.85316,-0.20681,0.44543,0.6525,0.26255,0.53507,0.69302,-0.34433,-0.0035197,0.59827,1.2916,-0.18971,0.61154,0.22514,1.9569,1.7427,1.698,1.4667,0.86567,-0.57454,-0.49106,-1.6595,-1.4038,0.31508,1.0094,1.3329,1.8014,1.464,1.5457,1.3495,-0.50878,0.42237,-0.2438,-0.20575,0.21779,-0.084857,0.38933,-0.34969,-0.46228,0.18617,-1.0737,-1.0102,-0.23717,-0.1681,-0.37581,0.20753,0.67424,0.23252,0.62254,0.82496,0.89265,1.0904,-0.29548,-0.53055,-0.14833,-0.49343,-0.19898,-0.32361,0.28854,-0.1469,-0.42837,-0.39729,0.58642,-0.17498,-0.75364,-1.0778,-0.40096,0.62128,0.25586,0.12576,-0.46729,-0.49119,0.083258,0.088181,0.37159,-0.29994,-0.29515,-0.3699,0.068324,0.068962,-0.17156,-0.64531,-0.78628,0.008718,0.23891,0.36117,-0.29308,-0.65535,-0.11079,0.066198,-0.39148,-0.42471,-0.58109,-0.90734,-1.1673,-1.2081,-1.0651,-0.070622,-0.25924,-0.07704,0.61795,-0.080968,-0.54304,-0.76697,-0.38716,0.039801,-0.056152,-0.42365,-0.57328,-0.039613,0.536,0.10864,0.82904,0.38593
0.55353,2.1181,-1.4331,2.0195,0.032906,0.6887,0.6474,0.71855,0.68987,0.6274,0.035948,1.3724,-0.63066,2.0608,1.4275,0.083426,0.7136,-0.64143,2.7479,0.76095,0.041573,0.76096,-0.00044498,2.7178,0.02106,-0.089342,0.57146,-1.4232,1.1497,-0.092207,-0.77366,-0.10601,1.8658,-0.73426,-0.71776,0.54085,-0.74739,-0.13144,-1.4213,-2.0493,-1.9452,0.56259,-1.4444,0.48634,-0.7783,-1.4568,-0.17372,-2.1084,-0.79971,0.44917,-0.22401,1.684,0.45062,-0.2305,0.49494,-0.84378,-1.4383,1.6941,0.3575,0.4006,-0.20355,0.40934,0.38697,2.2702,-1.4995,-0.16018,-1.459,-0.22002,-0.83723,-0.88394,2.2113,1.0101,-0.26916,0.29925,0.40484,2.1838,0.93589,1.5516,0.94777,0.35388,0.91611,0.41129,0.41363,-0.87222,-0.33148,0.95071,1.0939,-0.43954,-0.12326,-0.2438,-0.096746,0.19249,-0.010306,0.47266,0.98182,1.264,0.9239,1.4258,-1.0511,0.73479,-1.2559,0.10653,0.70178,1.0752,0.63185,0.0707,-1.2806,-0.63165,-1.7021,0.63014,0.6913,0.78489,0.64108,-0.86678,-0.92821,-1.1937,-0.79776,0.3186,1.1467,-1.2124,-0.85863,-3.4932,-1.5237,-1.8416,-1.8945,-1.3184,-0.75589,-1.1181,-1.2755,-0.95241,-1.4442,-0.31076,-1.0478,0.47874,0.20239,-0.84716,-0.61028,0.40209,0.84723,0.81492,1.4871,-0.64048,0.087048,0.094445,0.71769,0.44462,-1.0305,0.24046,0.25999,-0.23147,0.44837,-0.5617,-0.72133,0.13636,0.084087,-0.49923,0.1178,0.84321,0.086775,-1.1263,-1.7929,-0.81119,-0.18922,0.17688,0.32753,-0.32862,-0.7166,0.0568,0.13571,-0.28661,-0.68692,-0.22111,0.31513,0.50861,-0.44723,-0.63526,-0.98194,-0.34528,0.21032,-1.0916,-0.95999,0.25614,0.0069167,0.49543,1.0412,-0.61521,0.091378,-0.095008,-0.49488,0.42208,0.43783,0.24402,-0.058282,1.6452,1.5197,-1.1456,0.33619,0.46334,0.12109
-0.13299,1.1579,-0.19101,0.31914,-0.90932,-0.5046,-1.0226,0.87676,-0.29428,0.89685,0.11033,0.33895,-0.57021,2.0699,0.42633,-0.10169,0.51845,-0.91635,1.32,1.6959,-0.5784,-6.7746,6.1927,1.0279,-0.97583,-1.2076,0.43778,-0.28134,1.3164,-0.17786,0.075678,0.3988,0.50886,0.14265,-0.44132,-0.50437,-0.67261,-1.2863,-0.26829,0.042078,0.0034939,0.082433,-1.0325,0.70382,-0.59773,-0.56329,-0.28608,-0.53806,-0.26276,0.69488,0.15971,0.15454,0.92903,-0.16769,0.6372,0.020169,-0.79712,0.25502,-0.12063,-0.039969,-0.15313,1.367,0.16794,0.91712,-0.4119,1.1207,-0.9321,-0.040869,-0.54733,0.66405,1.0751,0.91885,-0.38859,-0.063403,0.0067931,0.8872,0.93971,0.41971,0.91306,-0.32759,0.48779,0.49517,0.26277,-1.1644,0.23597,2.5537,0.8428,-0.8986,-0.59256,-0.51033,0.056413,0.0053515,0.25732,1.2283,0.92946,-0.14945,1.0639,0.50677,-0.19857,0.81959,-0.28321,0.42118,0.29242,-0.065278,0.48512,0.75646,-0.44327,0.15672,-0.17402,-0.26911,0.18648,0.47294,1.5801,-0.22364,-0.29753,-1.3255,-0.48932,0.27855,1.227,-0.9315,-1.0809,-0.67912,-0.72566,-0.30148,-1.4282,-0.43881,-0.44252,-0.97326,-0.65297,-1.1501,-0.97724,-0.57465,-1.7664,-0.19881,0.17714,-0.45551,0.8254,0.86658,-0.078544,0.21877,0.62175,-0.76027,-0.059697,0.15642,-0.3378,1.2248,-0.21244,0.39351,0.28647,-0.065982,0.087111,-0.28056,-0.97281,-0.41526,1.0779,-0.39,-0.85279,0.91087,-0.36451,-0.12867,-0.69793,-0.27392,0.16167,-0.54112,-0.26643,-0.45156,0.32309,0.010834,-0.61308,-0.052301,-0.83081,0.30857,0.33876,0.11817,-0.20372,-0.16502,-0.86002,-0.21105,-0.43764,-0.64389,-1.0511,-0.43147,0.016108,0.59859,0.20426,-0.26942,0.03723,-0.48519,-0.38313,0.52583,-0.70669,0.22475,-0.54546,1.5071,0.50805,-0.69532,0.17143,0.17116,-0.019658
0.18237,0.55207,0.18463,0.60402,-1.0905,-0.51868,0.39815,0.55423,-0.81119,0.87649,0.19685,0.018365,0.32106,1.6375,0.59973,0.094966,0.65473,1.0192,0.87956,0.132,-0.085946,-1.176,1.3785,-0.15154,-0.57214,-0.54287,-0.056415,0.35114,0.64925,-0.41814,-0.37311,0.11175,0.15561,0.1742,0.38007,-0.31534,-0.30195,0.32932,1.0621,0.41805,-0.758,-1.0632,-0.50323,0.23833,0.6426,0.23504,-1.243,-0.66935,0.08544,0.50735,-0.29553,-0.61615,-0.24341,0.23748,0.851,-0.53927,-0.48977,-0.15678,0.25469,0.37923,-0.68191,-0.74997,0.1777,0.32712,0.098812,-0.11244,-0.66535,1.0346,1.026,3.2762,-0.51887,-1.9306,-1.086,0.56729,-0.47712,-0.26999,0.78921,0.0045069,0.15345,0.83287,0.39023,-1.4729,-1.5126,-0.75363,0.62222,0.81246,0.47747,0.37222,-0.019415,0.30713,0.055041,-0.10609,-0.33851,0.78625,0.30634,0.84025,0.55081,0.17187,0.4522,0.6308,0.26188,1.1542,1.9899,1.288,0.47943,1.8044,-0.78897,-2.3043,0.22477,1.5137,1.6781,0.32579,0.7683,0.32447,1.6222,-0.95117,0.017245,-0.2036,0.059581,-0.32756,-0.62097,-0.22212,-0.85139,-0.81412,-1.2603,-0.94514,-0.55904,-0.29789,-0.39879,-0.56236,-0.08513,-0.32803,-0.22563,-0.0045759,0.28504,0.017851,0.73318,0.50315,-0.56448,0.033573,0.19419,0.026875,-0.42138,-0.16751,-0.68854,0.32206,0.028349,0.072601,-0.13922,-0.71208,-0.21833,-0.37538,0.7222,0.43,0.66038,-1.1237,-0.76675,-0.16927,0.67683,-0.612,-0.95149,-0.026667,0.32535,-0.1433,-0.14536,-0.47311,-0.20689,-0.50367,0.12072,0.077811,-0.7041,-0.31968,-0.026116,0.091727,-0.10736,-0.25784,-0.61697,-0.29373,-0.49758,-1.2,-1.1538,-1.7265,0.35127,0.25306,-0.29798,0.64286,0.31489,-0.071594,-0.28802,-0.56088,-0.018132,0.28549,-0.59813,0.17449,-0.75272,-0.10113,0.45152,-0.012252,-0.0040474
-0.41721,1.2008,-1.1136,-1.123,-0.10625,-0.95573,0.50237,-0.12745,-0.013155,-0.41458,0.33586,0.79536,-1.1217,2.2408,-0.61924,0.40772,-0.16663,-0.088971,-0.4801,-0.28041,0.16377,0.36172,-2.5282,2.1537,0.88054,-0.35005,1.5491,-0.95826,-0.82227,1.4125,0.46679,-0.5707,-0.72747,2.4434,-0.20306,-0.54779,1.5968,-1.4383,1.694,-1.952,0.64796,0.2946,0.065128,-0.27106,0.43015,0.38567,0.84462,-1.7972,1.1734,-0.57929,0.29215,0.86084,0.40019,0.8518,-1.3192,0.98124,-0.79523,-0.80697,0.8345,-0.10183,-0.60059,1.2738,-0.61432,-0.64705,0.8104,-0.48767,0.5238,-0.18099,0.89842,0.70682,-1.2357,0.60198,-1.4997,0.58958,-0.91631,-0.1208,-1.6385,-1.0794,-0.31342,-1.5492,-0.27604,-0.8844,-1.162,-0.53253,1.1271,0.1353,-0.1726,-0.18559,-1.5981,0.25432,-0.88167,-0.62924,-0.53033,-0.66822,-0.98091,0.54292,-0.47398,-0.46074,-0.48173,-0.67549,0.7106,-0.43461,3.1902,-3.2989,-0.14681,-0.35533,0.63824,-0.16749,-0.0463,-0.33961,0.46873,-0.00095726,0.41541,0.26051,0.34401,0.020502,-0.39446,1.1754,-0.32611,0.55796,0.47801,-0.056028,0.31566,-0.0093636,-0.90593,-0.47765,0.46653,0.18593,-0.26593,-0.23718,-0.28615,-0.22474,1.2469,-0.71495,-0.58152,0.49441,-0.0064915,0.84647,0.034292,-0.062273,0.63074,-0.94321,0.97807,0.45078,0.039342,-0.0054614,0.071302,0.97259,-0.53598,1.1277,0.10151,0.86087,-0.26084,1.0859,-0.33093,0.66837,-0.13404,0.1039,0.28869,-0.14478,1.4868,-0.021602,-1.0001,0.49628,-0.29975,0.95439,0.039377,-0.080803,-0.31397,0.52606,0.10244,0.32053,-0.12579,-0.94768,0.052413,0.53942,-0.34469,0.38414,0.64064,-0.68064,0.11215,0.32666,1.0463,-1.1537,1.3613,0.78833,1.1768,-2.9493,0.5108,-0.48125,0.78886,1.5764,-1.3748,0.24952,-0.43124,-1.1326,0.47408,-0.076194,0.026472
-0.051761,-0.76235,-0.29037,-0.43798,0.55792,-0.43534,-0.74906,-0.48434,-0.98657,0.11552,-0.65782,-0.2581,-0.41341,-0.98563,-0.5375,-0.16912,-0.015797,-0.70677,-0.54341,-0.076988,0.25351,-0.057286,0.65948,-0.25293,0.38436,0.52189,-0.038401,0.50133,0.15278,0.096711,1.2218,-0.33737,0.064321,0.077524,-0.18357,0.80037,-0.24438,0.63145,0.091589,0.047127,-0.19061,0.5741,0.21132,0.49767,0.1601,0.42476,-0.13261,0.85294,-0.19317,-0.039758,0.083064,-0.89222,0.14352,0.91861,-1.333,0.96462,-0.13887,0.14068,0.5511,-0.3177,1.1999,0.13041,0.41634,-0.75348,-0.20458,0.20946,0.65201,-0.6552,-0.21254,-3.6505,1.1296,1.3139,0.29269,-0.33815,-0.17576,-0.1858,-0.15127,-0.82762,-0.11045,-0.28218,-0.29042,-0.155,0.078809,-0.47923,0.83873,-0.91487,0.7099,-0.42573,0.40445,-0.35752,-0.72144,-0.24804,0.18648,-0.0039094,-1.0787,-0.0059441,-0.23724,-0.82657,-0.49577,-0.24897,-1.2057,-0.57461,-0.74292,-1.2652,-0.87857,-4.3883,3.1118,1.6007,-1.0483,-0.96568,0.48704,-0.92848,-0.32754,-0.65931,-0.78361,1.3239,1.3487,0.37174,-0.1048,0.1417,0.55924,1.4108,0.58255,0.80666,0.36128,1.8297,0.4253,0.72839,0.58733,0.33148,-0.50468,-0.012972,0.70279,-0.36312,-0.76299,0.18633,-1.1195,-0.14489,0.37614,0.40279,0.39055,0.026777,0.85008,-0.54306,0.31548,0.61279,-0.13677,-1.5017,0.85481,0.3746,0.36839,0.25674,-0.94824,-0.11696,0.057671,0.71787,0.37676,-0.40151,0.39585,0.3878,0.12742,0.1048,0.25779,-0.52345,0.77547,0.42457,-0.12079,0.65586,0.24664,-1.0883,1.0693,0.64059,-0.024685,0.30898,0.4454,-0.17622,0.013273,0.28185,0.19157,1.3457,0.11412,0.077406,-0.34052,-0.53455,-0.37095,-0.2685,-0.36665,0.76339,0.58279,-0.090462,0.24382,-0.49275,0.050001,1.0268,0.12062,-1.1928,0.90688,-0.6715,-0.045592
-0.14927,-0.36954,0.24822,-0.26721,0.19161,0.41062,0.60712,-0.29209,0.85031,-0.41689,0.7299,0.6415,-0.062775,0.43972,-0.51417,-0.46491,0.15485,-0.11815,-0.9254,-0.50945,0.24758,-0.8184,-0.93981,-1.7335,-1.0717,-0.64418,-1.0256,-1.6913,-1.0393,-0.36051,-0.1536,0.54168,-0.20293,0.51017,0.27395,-0.13619,0.96455,-0.45738,0.17447,-0.097937,0.73269,-0.7516,-0.8102,-0.88293,-0.94534,-0.48613,0.06328,-0.43465,-0.30674,-0.75385,0.25583,0.6679,0.12178,0.20261,0.90317,1.0803,0.70238,-0.36241,-0.23761,0.82812,0.047623,0.57702,0.3915,0.1176,0.15395,-0.4281,0.033653,-1.008,-0.43082,0.014323,-0.017294,0.74946,0.7005,0.53132,0.056969,0.71039,-0.018325,0.7872,0.72795,0.045122,0.17472,0.59064,0.50696,0.085988,-0.61436,0.13475,-0.26028,-0.62503,-0.056145,0.47659,-0.053931,-0.35507,0.20234,-0.0027401,-0.29631,-0.22945,0.28477,0.71692,-0.0078932,-0.61182,0.39924,-0.20555,0.15586,0.1684,1.0156,0.67757,-0.2141,0.56654,-0.59386,0.014992,-1.5323,-1.4947,-1.684,-1.8248,-2.698,-2.3385,-2.9524,-2.1873,-0.28438,-0.035525,-0.58719,-0.82648,0.27056,0.37912,-0.1323,-1.0368,0.77079,0.67508,0.79565,1.3346,0.93816,0.51561,0.86964,0.36162,0.30877,0.74818,0.44648,0.91726,0.72623,-0.14351,0.27202,-0.68381,0.92644,0.38256,0.35587,0.179,0.86016,0.068624,0.1076,0.57768,0.61767,1.0115,0.48627,0.51131,-0.19851,0.35192,0.1981,0.76056,-0.51761,-0.31488,0.21855,-0.46279,-0.43547,0.32605,0.12832,0.18926,0.72238,0.70126,0.43973,0.1092,0.26847,-0.13895,0.22865,-0.096526,-0.2518,0.20976,0.42182,-0.18624,0.3957,0.20827,0.52251,0.66122,0.27594,-0.0048142,0.60525,0.085256,0.7833,-0.45586,0.10749,0.55516,-0.36293,0.0035272,0.2348,-0.34448,-0.079906,0.40328,-0.19751,-0.079782,-0.032227
0.020423,0.070383,-0.11843,-0.21965,-0.09185,-0.019606,-0.69689,-0.15587,-0.45812,0.2972,-0.030118,-0.046026,-0.021251,0.39966,0.3649,0.3223,0.18498,-0.13872,0.24291,0.21372,0.17789,1.1533,-0.78984,-0.041464,0.15706,-0.44742,-0.56165,0.067073,-0.18527,-0.22518,-0.39034,0.15388,0.11779,0.3757,-0.081595,-0.065853,-0.40626,0.1097,0.58852,0.13607,0.43288,0.18016,-0.72143,-0.59601,-0.26141,0.074337,-0.22298,0.15108,0.045378,0.39674,0.18863,0.29535,0.50448,-0.20406,-1.0627,0.1209,-0.99272,0.070371,-0.11342,-0.19287,-0.27038,0.61411,-0.4681,0.46403,0.017759,-0.24648,-0.36435,-0.23658,-0.60667,0.55566,0.45717,-1.2211,-0.46043,0.17685,0.015596,-0.19705,0.48573,0.58818,0.66838,0.26798,0.14198,-0.28513,-0.10905,0.2126,0.19835,0.5621,0.65863,0.33946,0.27447,-0.052786,0.28997,-0.10657,0.071913,0.051267,0.64342,0.4435,0.5827,1.2243,1.2993,2.1156,0.41079,0.13905,0.82833,2.0131,-0.99792,0.67052,-0.77292,-1.1923,0.0098223,2.6967,0.79325,0.26686,1.352,0.85992,0.89823,-0.65213,0.20988,-0.64306,-0.78767,0.40645,0.66427,0.71732,-0.81658,0.32382,0.93288,0.14553,-1.2921,-0.52265,0.69718,0.40167,0.56965,1.6825,0.27333,1.3293,1.4752,0.94528,0.4711,0.10532,0.058737,-0.82964,0.344,0.58492,-3.0072,-0.14827,-0.85367,-0.02941,0.21478,0.6499,0.45692,-0.57603,-2.0382,0.56891,1.017,0.70767,-0.02786,-0.89945,-0.37089,0.22371,0.53426,-0.42399,-0.7462,-0.7276,-0.24221,-0.268,-0.99402,0.13321,-1.1194,-0.022324,0.43784,0.3536,0.65154,0.62841,-1.7991,-0.13956,-0.94252,-0.13962,-0.71241,-0.63997,-1.3293,-1.286,-0.88122,-1.4931,-0.10691,-0.20584,-0.94996,0.47304,-0.65114,-0.5352,-1.7229,-0.56655,-0.17356,-0.8103,-1.205,-1.1102,-0.38336,0.031384,0.32527,1.3498,0.39167
-1.8619e-09,-4.9608e-09,-1.3217e-08,-3.5217e-08,-9.3832e-08,-2.5001e-07,-6.6612e-07,-1.7748e-06,-4.7288e-06,-1.2599e-05,-3.357e-05,-8.9444e-05,-0.00023832,-0.00063497,-0.0016918,-0.0045077,-0.01201,-0.032,-0.085262,-0.22717,0.12092,-0.28775,-0.056409,-0.45031,-0.16581,-0.46061,0.059725,0.0049365,0.20653,0.062892,-0.44613,-0.48952,0.21824,-0.015654,-0.10183,-0.23492,-0.28411,-0.0070048,-0.3337,0.22163,-0.54955,0.53343,0.72457,0.32371,-0.19249,-0.049391,0.46695,0.35193,0.091599,-0.00039852,0.41053,0.14314,0.42888,0.37279,0.011643,0.18253,-0.37978,0.3782,-0.095049,-0.2161,-0.062206,0.0021815,-0.17091,0.37782,-0.68615,-0.68197,0.12418,0.56255,0.46469,0.21084,0.065244,0.24023,0.32213,0.22045,0.2301,0.74284,0.054449,0.10063,0.55045,0.3463,-0.18149,0.50181,0.58596,0.60495,0.59473,-0.13322,0.71271,0.19052,-0.18413,0.039863,0.29997,0.69594,0.77086,0.10715,0.62612,0.58996,0.33,0.61748,0.12569,-0.39645,0.33226,0.12434,-0.13138,0.050836,0.56214,-0.29259,0.11914,0.60852,0.36284,-0.13198,-0.31465,-0.37073,-0.1139,0.32414,-0.68607,0.025059,0.017049,0.22754,0.76579,0.32961,-0.53178,-0.016082,0.26968,0.10694,0.44082,-0.17733,0.21869,-0.23583,0.084846,0.077523,0.43683,-1.1699,-0.20212,-0.32088,-0.56928,-0.89008,0.21075,0.037996,-0.37644,-0.65683,0.23451,-0.016947,-0.59012,-0.11036,0.25487,-0.030595,0.15758,0.17655,-0.048985,0.46766,0.38126,0.36001,-0.2239,-0.50494,-0.27583,0.14587,-0.46782,-0.58579,0.2358,0.09678,0.038466,-0.29024,-0.28993,-0.39526,0.035435,-0.48585,-0.37076,-0.23302,-0.12473,-0.1648,-0.15374,-0.50236,-0.56903,-0.099575,0.14165,0.078716,-0.093952,0.44415,-0.39413,-0.68065,-0.86353,0.0098165,-0.21264,-0.25452,-0.46367,-0.3268,-0.51143,-0.093555,-0.73715,-0.54217,-0.41939,-0.35045,-0.01507,-0.84849,-0.74782,-0.42787,0.27629,-0.55253,-0.077043
0.15991,-0.84163,1.3035,0.3463,0.17174,0.59108,0.02687,0.083147,0.63527,0.64525,-0.37286,-0.086143,0.89838,-0.98835,-0.032995,-0.34439,-0.87092,0.42263,-0.2987,0.25241,0.72683,-1.5376,2.5526,-0.85213,-0.45488,0.15339,-0.045328,0.1329,0.19524,-0.7994,0.42794,0.68223,-0.20511,-0.94894,0.33137,0.15791,0.51897,-0.30393,-0.62965,0.22806,0.99861,-0.27542,0.241,0.24902,0.68283,-0.87267,0.094218,0.85506,-0.30254,0.57077,0.031917,-0.4512,0.093316,0.24842,-0.61263,0.5383,0.15562,0.71793,-0.29393,0.074583,0.25182,-0.15592,0.091806,0.36955,0.7266,-1.1226,0.88671,0.34796,-0.69483,-1.6449,0.50729,0.65648,0.69023,-0.80309,0.67785,0.30936,0.36771,0.32239,0.074717,0.91077,-0.65554,1.1376,1.0464,-0.065891,0.0085539,0.082842,-0.013111,-0.5724,0.6227,-0.42056,-0.012127,0.20944,0.51128,-0.17476,-0.69881,0.12847,0.23458,-0.26077,-0.23845,0.042239,-0.069975,-0.73248,-0.74478,-0.40385,0.60569,-1.4196,0.49372,1.2159,-0.4207,0.4076,-1.2103,-0.19137,-0.58024,-0.82706,-1.3778,0.48613,1.193,-1.6412,0.064606,-0.74927,0.51329,-0.44586,0.35785,-0.066552,-0.34451,0.91736,0.33312,0.024973,0.33268,-0.18165,0.48634,0.11137,-0.19534,0.094241,-0.3646,-0.030418,-0.67368,-0.40066,-0.40729,0.44213,-0.43945,-0.31119,0.16925,-1.0773,-0.3923,0.18988,0.27204,-1.0154,0.20346,-0.3389,-0.28971,0.33011,-1.155,-0.069811,-0.87881,0.2795,-0.2842,0.47172,-0.75582,0.40523,-0.39394,0.067315,0.050918,-0.45087,-0.17543,0.44286,-0.32334,0.39794,0.039678,-0.98929,0.66343,0.04095,-0.1446,-0.012563,0.51687,-0.4712,0.88963,-0.16223,0.13741,0.783,0.12202,0.015144,0.036536,-0.34999,-0.33089,0.059236,-0.27163,0.30067,0.47697,0.28253,-0.29557,-0.12888,0.11109,0.011142,0.13885,-0.3762,1.1216,-0.10194,0.019368
0.030051,0.067533,-0.0051243,0.052402,0.077469,0.09904,-0.16431,0.021387,0.20524,-0.10574,0.032879,0.11138,-0.020371,-0.53638,-0.28606,-0.12414,-0.040468,-0.074111,0.10036,0.14495,-0.21,0.30342,-0.24642,0.1883,0.074003,0.35927,0.07174,0.063103,-0.15013,0.042103,0.46774,0.27276,-0.18543,0.067326,-0.060402,0.20882,0.25545,0.031049,0.077528,-0.22031,0.27821,-0.36268,-0.55545,-0.29777,0.23393,0.068733,-0.096585,-0.10105,0.072146,0.22875,-0.19003,-0.041001,-0.045618,-0.15333,0.25979,0.14919,0.36778,-0.13375,0.13717,0.17332,0.27301,0.008488,0.20987,-0.12191,0.58558,0.49537,-0.24574,-0.34713,-0.24923,-0.26858,-0.21648,-0.12888,-0.21847,-0.3999,-0.039153,-0.41751,-0.097795,-0.089007,-0.32881,-0.31893,0.034737,-0.3687,-0.35927,-0.47661,-0.6644,0.064563,-0.53065,-0.30772,-0.014578,-0.16604,-0.077657,-0.47443,-0.62503,-0.20214,-0.44507,-0.53673,-0.36171,-0.76597,-0.36185,-0.025142,-0.51407,-0.33257,-0.33336,-0.33721,-0.28419,0.57983,-0.25162,-0.23628,-0.070132,-0.011321,-0.13413,0.044204,-0.10699,-0.39089,0.27951,-0.13825,-0.061024,-0.054542,-0.50678,-0.22681,0.39033,0.011877,-0.089875,-0.1317,-0.2261,0.2164,0.0038451,0.11496,-0.14355,-0.098095,-0.36739,0.83528,0.21146,0.34493,0.71044,0.8017,-0.061621,-0.0029796,0.20471,0.46228,-0.46314,-0.15756,0.42331,0.070217,-0.16626,-0.03109,-0.074131,-0.12098,-0.001819,-0.28205,-0.35618,-0.41686,0.035448,0.19715,0.16492,-0.19758,0.32,0.26183,-0.3217,0.088176,0.018182,0.15179,0.32911,0.43261,0.036424,0.48559,0.35374,0.12214,0.086045,0.34391,0.028712,0.34904,0.50862,0.22523,0.010462,0.080401,0.27181,-0.031698,0.36679,0.85899,0.83212,0.42104,0.30044,0.23441,0.42549,0.28582,0.40166,0.13954,0.621,0.38797,0.26737,0.25066,0.031348,0.54829,0.49965,0.55552,-0.22651,0.23178,0.059759
-0.11545,-0.14971,0.038717,0.24576,0.41808,0.22105,-0.0099644,-0.21489,-0.1223,-0.0019142,0.10166,0.0076871,-0.10408,-0.19806,-0.094494,0.027121,0.13352,0.068234,-0.013475,-0.089312,-0.089422,-0.081334,-0.066161,0.012361,0.095859,0.16626,0.09943,0.019783,-0.052049,-0.032132,-0.0036496,0.019593,-0.018646,-0.062337,-0.099614,-0.066654,-0.026828,0.012108,0.035196,0.056737,0.078493,0.10398,0.12951,0.15178,0.14103,0.12656,0.10765,0.047516,-0.016008,-0.072566,-0.055366,-0.030785,-0.0054248,0.020438,0.045822,0.065873,0.032525,-0.0053492,-0.035537,0.016425,0.075442,0.12355,0.054439,-0.025281,-0.094928,-0.05223,0.0010005,0.048262,0.024707,-0.0052757,-0.02936,0.012562,0.060324,0.10107,0.065119,0.021632,-0.021256,-0.050567,-0.077506,-0.094078,-0.0083088,0.085847,0.16236,0.052339,-0.07442,-0.18365,-0.099118,0.0037491,0.098031,0.087272,0.06611,0.044921,0.03387,0.023213,0.0064066,-0.072905,-0.15689,-0.22557,-0.13499,-0.029825,0.063428,0.021766,-0.032806,-0.082855,-0.074307,-0.060184,-0.048336,-0.065049,-0.084127,-0.098536,-0.063423,-0.024091,0.0083165,-0.033424,-0.081375,-0.1179,-0.032866,0.062789,0.1441,0.069888,-0.018577,-0.095509,-0.041699,0.024452,0.084512,0.070718,0.049711,0.029707,0.027047,0.025215,0.014407,-0.08788,-0.19727,-0.28692,-0.1701,-0.034466,0.08463,0.017915,-0.065707,-0.13429,-0.034114,0.081245,0.18115,0.10974,0.022258,-0.056285,-0.028475,0.0093792,0.042335,0.015769,-0.01673,-0.049617,-0.080506,-0.11049,-0.13337,-0.085364,-0.030874,0.01819,0.0059621,-0.012017,-0.026794,-0.0034704,0.023643,0.050935,0.076243,0.10015,0.11188,0.0020134,-0.11797,-0.21862,-0.1138,0.010433,0.12538,0.12703,0.11712,0.10366,0.06584,0.025984,-0.010133,-0.0064316,0.0013097,0.010043,0.024752,0.03984,0.052773,0.043563,0.032176,0.020938,0.013385,0.0063144,0.00043732,0.0061292,0.012868,0.018605,0.01319,0.0067142,0.00067142,6.7142e-05,6.7142e-06
-0.059391,-0.11545,-0.14971,0.038717,0.24576,0.41808,0.22105,-0.0099644,-0.21489,-0.1223,-0.0019142,0.10166,0.0076871,-0.10408,-0.19806,-0.094494,0.027121,0.13352,0.068234,-0.013475,-0.089312,-0.089422,-0.081334,-0.066161,0.012361,0.095859,0.16626,0.09943,0.019783,-0.052049,-0.032132,-0.0036496,0.019593,-0.018646,-0.062337,-0.099614,-0.066654,-0.026828,0.012108,0.035196,0.056737,0.078493,0.10398,0.12951,0.15178,0.14103,0.12656,0.10765,0.047516,-0.016008,-0.072566,-0.055366,-0.030785,-0.0054248,0.020438,0.045822,0.065873,0.032525,-0.0053492,-0.035537,0.016425,0.075442,0.12355,0.054439,-0.025281,-0.094928,-0.05223,0.0010005,0.048262,0.024707,-0.0052757,-0.02936,0.012562,0.060324,0.10107,0.065119,0.021632,-0.021256,-0.050567,-0.077506,-0.094078,-0.0083088,0.085847,0.16236,0.052339,-0.07442,-0.18365,-0.099118,0.0037491,0.098031,0.087272,0.06611,0.044921,0.03387,0.023213,0.0064066,-0.072905,-0.15689,-0.22557,-0.13499,-0.029825,0.063428,0.021766,-0.032806,-0.082855,-0.074307,-0.060184,-0.048336,-0.065049,-0.084127,-0.098536,-0.063423,-0.024091,0.0083165,-0.033424,-0.081375,-0.1179,-0.032866,0.062789,0.1441,0.069888,-0.018577,-0.095509,-0.041699,0.024452,0.084512,0.070718,0.049711,0.029707,0.027047,0.025215,0.014407,-0.08788,-0.19727,-0.28692,-0.1701,-0.034466,0.08463,0.017915,-0.065707,-0.13429,-0.034114,0.081245,0.18115,0.10974,0.022258,-0.056285,-0.028475,0.0093792,0.042335,0.015769,-0.01673,-0.049617,-0.080506,-0.11049,-0.13337,-0.085364,-0.030874,0.01819,0.0059621,-0.012017,-0.026794,-0.0034704,0.023643,0.050935,0.076243,0.10015,0.11188,0.0020134,-0.11797,-0.21862,-0.1138,0.010433,0.12538,0.12703,0.11712,0.10366,0.06584,0.025984,-0.010133,-0.0064316,0.0013097,0.010043,0.024752,0.03984,0.052773,0.043563,0.032176,0.020938,0.013385,0.0063144,0.00043732,0.0061292,0.012868,0.018605,0.01319,0.0067142,0.00067142,6.7142e-05
-0.0059391,-0.059391,-0.11545,-0.14971,0.038717,0.24576,0.41808,0.22105,-0.0099644,-0.21489,-0.1223,-0.0019142,0.10166,0.0076871,-0.10408,-0.19806,-0.094494,0.027121,0.13352,0.068234,-0.013475,-0.089312,-0.089422,-0.081334,-0.066161,0.012361,0.095859,0.16626,0.09943,0.019783,-0.052049,-0.032132,-0.0036496,0.019593,-0.018646,-0.062337,-0.099614,-0.066654,-0.026828,0.012108,0.035196,0.056737,0.078493,0.10398,0.12951,0.15178,0.14103,0.12656,0.10765,0.047516,-0.016008,-0.072566,-0.055366,-0.030785,-0.0054248,0.020438,0.045822,0.065873,0.032525,-0.0053492,-0.035537,0.016425,0.075442,0.12355,0.054439,-0.025281,-0.094928,-0.05223,0.0010005,0.048262,0.024707,-0.0052757,-0.02936,0.012562,0.060324,0.10107,0.065119,0.021632,-0.021256,-0.050567,-0.077506,-0.094078,-0.0083088,0.085847,0.16236,0.052339,-0.07442,-0.18365,-0.099118,0.0037491,0.098031,0.087272,0.06611,0.044921,0.03387,0.023213,0.0064066,-0.072905,-0.15689,-0.22557,-0.13499,-0.029825,0.063428,0.021766,-0.032806,-0.082855,-0.074307,-0.060184,-0.048336,-0.065049,-0.084127,-0.098536,-0.063423,-0.024091,0.0083165,-0.033424,-0.081375,-0.1179,-0.032866,0.062789,0.1441,0.069888,-0.018577,-0.095509,-0.041699,0.024452,0.084512,0.070718,0.049711,0.029707,0.027047,0.025215,0.014407,-0.08788,-0.19727,-0.28692,-0.1701,-0.034466,0.08463,0.017915,-0.065707,-0.13429,-0.034114,0.081245,0.18115,0.10974,0.022258,-0.056285,-0.028475,0.0093792,0.042335,0.015769,-0.01673,-0.049617,-0.080506,-0.11049,-0.13337,-0.085364,-0.030874,0.01819,0.0059621,-0.012017,-0.026794,-0.0034704,0.023643,0.050935,0.076243,0.10015,0.11188,0.0020134,-0.11797,-0.21862,-0.1138,0.010433,0.12538,0.12703,0.11712,0.10366,0.06584,0.025984,-0.010133,-0.0064316,0.0013097,0.010043,0.024752,0.03984,0.052773,0.043563,0.032176,0.020938,0.013385,0.0063144,0.00043732,0.0061292,0.012868,0.018605,0.01319,0.0067142,0.00067142
-0.00059391,-0.0059391,-0.059391,-0.11545,-0.14971,0.038717,0.24576,0.41808,0.22105,-0.0099644,-0.21489,-0.1223,-0.0019142,0.10166,0.0076871,-0.10408,-0.19806,-0.094494,0.027121,0.13352,0.068234,-0.013475,-0.089312,-0.089422,-0.081334,-0.066161,0.012361,0.095859,0.16626,0.09943,0.019783,-0.052049,-0.032132,-0.0036496,0.019593,-0.018646,-0.062337,-0.099614,-0.066654,-0.026828,0.012108,0.035196,0.056737,0.078493,0.10398,0.12951,0.15178,0.14103,0.12656,0.10765,0.047516,-0.016008,-0.072566,-0.055366,-0.030785,-0.0054248,0.020438,0.045822,0.065873,0.032525,-0.0053492,-0.035537,0.016425,0.075442,0.12355,0.054439,-0.025281,-0.094928,-0.05223,0.0010005,0.048262,0.024707,-0.0052757,-0.02936,0.012562,0.060324,0.10107,0.065119,0.021632,-0.021256,-0.050567,-0.077506,-0.094078,-0.0083088,0.085847,0.16236,0.052339,-0.07442,-0.18365,-0.099118,0.0037491,0.098031,0.087272,0.06611,0.044921,0.03387,0.023213,0.0064066,-0.072905,-0.15689,-0.22557,-0.13499,-0.029825,0.063428,0.021766,-0.032806,-0.082855,-0.074307,-0.060184,-0.048336,-0.065049,-0.084127,-0.098536,-0.063423,-0.024091,0.0083165,-0.033424,-0.081375,-0.1179,-0.032866,0.062789,0.1441,0.069888,-0.018577,-0.095509,-0.041699,0.024452,0.084512,0.070718,0.049711,0.029707,0.027047,0.025215,0.014407,-0.08788,-0.19727,-0.28692,-0.1701,-0.034466,0.08463,0.017915,-0.065707,-0.13429,-0.034114,0.081245,0.18115,0.10974,0.022258,-0.056285,-0.028475,0.0093792,0.042335,0.015769,-0.01673,-0.049617,-0.080506,-0.11049,-0.13337,-0.085364,-0.030874,0.01819,0.0059621,-0.012017,-0.026794,-0.0034704,0.023643,0.050935,0.076243,0.10015,0.11188,0.0020134,-0.11797,-0.21862,-0.1138,0.010433,0.12538,0.12703,0.11712,0.10366,0.06584,0.025984,-0.010133,-0.0064316,0.0013097,0.010043,0.024752,0.03984,0.052773,0.043563,0.032176,0.020938,0.013385,0.0063144,0.00043732,0.0061292,0.012868,0.018605,0.01319,0.0067142
-5.9391e-05,-0.00059391,-0.0059391,-0.059391,-0.11545,-0.14971,0.038717,0.24576,0.41808,0.22105,-0.0099644,-0.21489,-0.1223,-0.0019142,0.10166,0.0076871,-0.10408,-0.19806,-0.094494,0.027121,0.13352,0.068234,-0.013475,-0.089312,-0.089422,-0.081334,-0.066161,0.012361,0.095859,0.16626,0.09943,0.019783,-0.052049,-0.032132,-0.0036496,0.019593,-0.018646,-0.062337,-0.099614,-0.066654,-0.026828,0.012108,0.035196,0.056737,0.078493,0.10398,0.12951,0.15178,0.14103,0.12656,0.10765,0.047516,-0.016008,-0.072566,-0.055366,-0.030785,-0.0054248,0.020438,0.045822,0.065873,0.032525,-0.0053492,-0.035537,0.016425,0.075442,0.12355,0.054439,-0.025281,-0.094928,-0.05223,0.0010005,0.048262,0.024707,-0.0052757,-0.02936,0.012562,0.060324,0.10107,0.065119,0.021632,-0.021256,-0.050567,-0.077506,-0.094078,-0.0083088,0.085847,0.16236,0.052339,-0.07442,-0.18365,-0.099118,0.0037491,0.098031,0.087272,0.06611,0.044921,0.03387,0.023213,0.0064066,-0.072905,-0.15689,-0.22557,-0.13499,-0.029825,0.063428,0.021766,-0.032806,-0.082855,-0.074307,-0.060184,-0.048336,-0.065049,-0.084127,-0.098536,-0.063423,-0.024091,0.0083165,-0.033424,-0.081375,-0.1179,-0.032866,0.062789,0.1441,0.069888,-0.018577,-0.095509,-0.041699,0.024452,0.084512,0.070718,0.049711,0.029707,0.027047,0.025215,0.014407,-0.08788,-0.19727,-0.28692,-0.1701,-0.034466,0.08463,0.017915,-0.065707,-0.13429,-0.034114,0.081245,0.18115,0.10974,0.022258,-0.056285,-0.028475,0.0093792,0.042335,0.015769,-0.01673,-0.049617,-0.080506,-0.11049,-0.13337,-0.085364,-0.030874,0.01819,0.0059621,-0.012017,-0.026794,-0.0034704,0.023643,0.050935,0.076243,0.10015,0.11188,0.0020134,-0.11797,-0.21862,-0.1138,0.010433,0.12538,0.12703,0.11712,0.10366,0.06584,0.025984,-0.010133,-0.0064316,0.0013097,0.010043,0.024752,0.03984,0.052773,0.043563,0.032176,0.020938,0.013385,0.0063144,0.00043732,0.0061292,0.012868,0.018605,0.01319
0.38597,0.53075,0.21898,-0.13308,-0.4355,-0.19626,0.092819,0.34355,0.15716,-0.068983,-0.25941,-0.049378,0.19662,0.40542,0.20254,-0.038684,-0.25557,-0.18828,-0.093247,-0.0022595,0.020168,0.034775,0.038965,-0.054254,-0.1552,-0.23682,-0.11548,0.024168,0.14582,0.067397,-0.029652,-0.11472,-0.060156,0.0072783,0.065071,0.012619,-0.049765,-0.10222,-0.044486,0.023055,0.079438,0.013306,-0.063937,-0.13089,-0.082792,-0.024035,0.027328,-0.0066376,-0.048394,-0.083506,-0.04372,0.0033164,0.04869,0.070015,0.088395,0.10107,0.059127,0.011942,-0.033522,-0.056362,-0.076432,-0.091138,-0.054444,-0.013087,0.023979,0.013038,-0.0025278,-0.016803,-0.01341,-0.0079392,0.00085456,0.041132,0.083624,0.11699,0.055981,-0.013537,-0.074605,-0.041834,-0.00020296,0.037068,0.021445,0.0015437,-0.0086793,0.083129,0.18305,0.26291,0.13196,-0.018565,-0.15604,-0.14206,-0.11294,-0.082277,-0.051235,-0.019716,0.016239,0.096521,0.17934,0.2435,0.11656,-0.027627,-0.1549,-0.094125,-0.01448,0.06771,0.15672,0.24365,0.30288,0.084306,-0.15815,-0.36407,-0.17704,0.046283,0.24328,0.13803,0.0040963,-0.11734,-0.08387,-0.035914,0.0034209,-0.058807,-0.12981,-0.18792,-0.10694,-0.013192,0.070455,0.039307,-0.0031242,-0.044721,-0.066614,-0.085147,-0.089453,0.046577,0.19368,0.3123,0.13216,-0.074763,-0.25344,-0.11999,0.041545,0.17476,-0.0062475,-0.21492,-0.38888,-0.18447,0.054659,0.26618,0.16415,0.031827,-0.092796,-0.10938,-0.11353,-0.099978,0.079772,0.27187,0.42245,0.14138,-0.17811,-0.454,-0.25118,-0.0035477,0.21797,0.13095,0.013899,-0.097818,-0.12565,-0.14368,-0.14648,-0.0053324,0.14736,0.27271,0.1103,-0.078619,-0.24763,-0.18903,-0.10804,-0.02855,0.013442,0.051045,0.081819,0.048017,0.0082144,-0.027608,-0.017237,-0.0026718,0.0080581,-0.024143,-0.059808,-0.087522,-0.031468,0.032268,0.08982,0.077238,0.057707,0.038124,0.024978,0.012577,0.0012577,0.00012577,1.2577e-05
0.19712,0.38597,0.53075,0.21898,-0.13308,-0.4355,-0.19626,0.092819,0.34355,0.15716,-0.068983,-0.25941,-0.049378,0.19662,0.40542,0.20254,-0.038684,-0.25557,-0.18828,-0.093247,-0.0022595,0.020168,0.034775,0.038965,-0.054254,-0.1552,-0.23682,-0.11548,0.024168,0.14582,0.067397,-0.029652,-0.11472,-0.060156,0.0072783,0.065071,0.012619,-0.049765,-0.10222,-0.044486,0.023055,0.079438,0.013306,-0.063937,-0.13089,-0.082792,-0.024035,0.027328,-0.0066376,-0.048394,-0.083506,-0.04372,0.0033164,0.04869,0.070015,0.088395,0.10107,0.059127,0.011942,-0.033522,-0.056362,-0.076432,-0.091138,-0.054444,-0.013087,0.023979,0.013038,-0.0025278,-0.016803,-0.01341,-0.0079392,0.00085456,0.041132,0.083624,0.11699,0.055981,-0.013537,-0.074605,-0.041834,-0.00020296,0.037068,0.021445,0.0015437,-0.0086793,0.083129,0.18305,0.26291,0.13196,-0.018565,-0.15604,-0.14206,-0.11294,-0.082277,-0.051235,-0.019716,0.016239,0.096521,0.17934,0.2435,0.11656,-0.027627,-0.1549,-0.094125,-0.01448,0.06771,0.15672,0.24365,0.30288,0.084306,-0.15815,-0.36407,-0.17704,0.046283,0.24328,0.13803,0.0040963,-0.11734,-0.08387,-0.035914,0.0034209,-0.058807,-0.12981,-0.18792,-0.10694,-0.013192,0.070455,0.039307,-0.0031242,-0.044721,-0.066614,-0.085147,-0.089453,0.046577,0.19368,0.3123,0.13216,-0.074763,-0.25344,-0.11999,0.041545,0.17476,-0.0062475,-0.21492,-0.38888,-0.18447,0.054659,0.26618,0.16415,0.031827,-0.092796,-0.10938,-0.11353,-0.099978,0.079772,0.27187,0.42245,0.14138,-0.17811,-0.454,-0.25118,-0.0035477,0.21797,0.13095,0.013899,-0.097818,-0.12565,-0.14368,-0.14648,-0.0053324,0.14736,0.27271,0.1103,-0.078619,-0.24763,-0.18903,-0.10804,-0.02855,0.013442,0.051045,0.081819,0.048017,0.0082144,-0.027608,-0.017237,-0.0026718,0.0080581,-0.024143,-0.059808,-0.087522,-0.031468,0.032268,0.08982,0.077238,0.057707,0.038124,0.024978,0.012577,0.0012577,0.00012577
0.019712,0.19712,0.38597,0.53075,0.21898,-0.13308,-0.4355,-0.19626,0.092819,0.34355,0.15716,-0.068983,-0.25941,-0.049378,0.19662,0.40542,0.20254,-0.038684,-0.25557,-0.18828,-0.093247,-0.0022595,0.020168,0.034775,0.038965,-0.054254,-0.1552,-0.23682,-0.11548,0.024168,0.14582,0.067397,-0.029652,-0.11472,-0.060156,0.0072783,0.065071,0.012619,-0.049765,-0.10222,-0.044486,0.023055,0.079438,0.013306,-0.063937,-0.13089,-0.082792,-0.024035,0.027328,-0.0066376,-0.048394,-0.083506,-0.04372,0.0033164,0.04869,0.070015,0.088395,0.10107,0.059127,0.011942,-0.033522,-0.056362,-0.076432,-0.091138,-0.054444,-0.013087,0.023979,0.013038,-0.0025278,-0.016803,-0.01341,-0.0079392,0.00085456,0.041132,0.083624,0.11699,0.055981,-0.013537,-0.074605,-0.041834,-0.00020296,0.037068,0.021445,0.0015437,-0.0086793,0.083129,0.18305,0.26291,0.13196,-0.018565,-0.15604,-0.14206,-0.11294,-0.082277,-0.051235,-0.019716,0.016239,0.096521,0.17934,0.2435,0.11656,-0.027627,-0.1549,-0.094125,-0.01448,0.06771,0.15672,0.24365,0.30288,0.084306,-0.15815,-0.36407,-0.17704,0.046283,0.24328,0.13803,0.0040963,-0.11734,-0.08387,-0.035914,0.0034209,-0.058807,-0.12981,-0.18792,-0.10694,-0.013192,0.070455,0.039307,-0.0031242,-0.044721,-0.066614,-0.085147,-0.089453,0.046577,0.19368,0.3123,0.13216,-0.074763,-0.25344,-0.11999,0.041545,0.17476,-0.0062475,-0.21492,-0.38888,-0.18447,0.054659,0.26618,0.16415,0.031827,-0.092796,-0.10938,-0.11353,-0.099978,0.079772,0.27187,0.42245,0.14138,-0.17811,-0.454,-0.25118,-0.0035477,0.21797,0.13095,0.013899,-0.097818,-0.12565,-0.14368,-0.14648,-0.0053324,0.14736,0.27271,0.1103,-0.078619,-0.24763,-0.18903,-0.10804,-0.02855,0.013442,0.051045,0.081819,0.048017,0.0082144,-0.027608,-0.017237,-0.0026718,0.0080581,-0.024143,-0.059808,-0.087522,-0.031468,0.032268,0.08982,0.077238,0.057707,0.038124,0.024978,0.012577,0.0012577
0.0019712,0.019712,0.19712,0.38597,0.53075,0.21898,-0.13308,-0.4355,-0.19626,0.092819,0.34355,0.15716,-0.068983,-0.25941,-0.049378,0.19662,0.40542,0.20254,-0.038684,-0.25557,-0.18828,-0.093247,-0.0022595,0.020168,0.034775,0.038965,-0.054254,-0.1552,-0.23682,-0.11548,0.024168,0.14582,0.067397,-0.029652,-0.11472,-0.060156,0.0072783,0.065071,0.012619,-0.049765,-0.10222,-0.044486,0.023055,0.079438,0.013306,-0.063937,-0.13089,-0.082792,-0.024035,0.027328,-0.0066376,-0.048394,-0.083506,-0.04372,0.0033164,0.04869,0.070015,0.088395,0.10107,0.059127,0.011942,-0.033522,-0.056362,-0.076432,-0.091138,-0.054444,-0.013087,0.023979,0.013038,-0.0025278,-0.016803,-0.01341,-0.0079392,0.00085456,0.041132,0.083624,0.11699,0.055981,-0.013537,-0.074605,-0.041834,-0.00020296,0.037068,0.021445,0.0015437,-0.0086793,0.083129,0.18305,0.26291,0.13196,-0.018565,-0.15604,-0.14206,-0.11294,-0.082277,-0.051235,-0.019716,0.016239,0.096521,0.17934,0.2435,0.11656,-0.027627,-0.1549,-0.094125,-0.01448,0.06771,0.15672,0.24365,0.30288,0.084306,-0.15815,-0.36407,-0.17704,0.046283,0.24328,0.13803,0.0040963,-0.11734,-0.08387,-0.035914,0.0034209,-0.058807,-0.12981,-0.18792,-0.10694,-0.013192,0.070455,0.039307,-0.0031242,-0.044721,-0.066614,-0.085147,-0.089453,0.046577,0.19368,0.3123,0.13216,-0.074763,-0.25344,-0.11999,0.041545,0.17476,-0.0062475,-0.21492,-0.38888,-0.18447,0.054659,0.26618,0.16415,0.031827,-0.092796,-0.10938,-0.11353,-0.099978,0.079772,0.27187,0.42245,0.14138,-0.17811,-0.454,-0.25118,-0.0035477,0.21797,0.13095,0.013899,-0.097818,-0.12565,-0.14368,-0.14648,-0.0053324,0.14736,0.27271,0.1103,-0.078619,-0.24763,-0.18903,-0.10804,-0.02855,0.013442,0.051045,0.081819,0.048017,0.0082144,-0.027608,-0.017237,-0.0026718,0.0080581,-0.024143,-0.059808,-0.087522,-0.031468,0.032268,0.08982,0.077238,0.057707,0.038124,0.024978,0.012577
0.00019712,0.0019712,0.019712,0.19712,0.38597,0.53075,0.21898,-0.13308,-0.4355,-0.19626,0.092819,0.34355,0.15716,-0.068983,-0.25941,-0.049378,0.19662,0.40542,0.20254,-0.038684,-0.25557,-0.18828,-0.093247,-0.0022595,0.020168,0.034775,0.038965,-0.054254,-0.1552,-0.23682,-0.11548,0.024168,0.14582,0.067397,-0.029652,-0.11472,-0.060156,0.0072783,0.065071,0.012619,-0.049765,-0.10222,-0.044486,0.023055,0.079438,0.013306,-0.063937,-0.13089,-0.082792,-0.024035,0.027328,-0.0066376,-0.048394,-0.083506,-0.04372,0.0033164,0.04869,0.070015,0.088395,0.10107,0.059127,0.011942,-0.033522,-0.056362,-0.076432,-0.091138,-0.054444,-0.013087,0.023979,0.013038,-0.0025278,-0.016803,-0.01341,-0.0079392,0.00085456,0.041132,0.083624,0.11699,0.055981,-0.013537,-0.074605,-0.041834,-0.00020296,0.037068,0.021445,0.0015437,-0.0086793,0.083129,0.18305,0.26291,0.13196,-0.018565,-0.15604,-0.14206,-0.11294,-0.082277,-0.051235,-0.019716,0.016239,0.096521,0.17934,0.2435,0.11656,-0.027627,-0.1549,-0.094125,-0.01448,0.06771,0.15672,0.24365,0.30288,0.084306,-0.15815,-0.36407,-0.17704,0.046283,0.24328,0.13803,0.0040963,-0.11734,-0.08387,-0.035914,0.0034209,-0.058807,-0.12981,-0.18792,-0.10694,-0.013192,0.070455,0.039307,-0.0031242,-0.044721,-0.066614,-0.085147,-0.089453,0.046577,0.19368,0.3123,0.13216,-0.074763,-0.25344,-0.11999,0.041545,0.17476,-0.0062475,-0.21492,-0.38888,-0.18447,0.054659,0.26618,0.16415,0.031827,-0.092796,-0.10938,-0.11353,-0.099978,0.079772,0.27187,0.42245,0.14138,-0.17811,-0.454,-0.25118,-0.0035477,0.21797,0.13095,0.013899,-0.097818,-0.12565,-0.14368,-0.14648,-0.0053324,0.14736,0.27271,0.1103,-0.078619,-0.24763,-0.18903,-0.10804,-0.02855,0.013442,0.051045,0.081819,0.048017,0.0082144,-0.027608,-0.017237,-0.0026718,0.0080581,-0.024143,-0.059808,-0.087522,-0.031468,0.032268,0.08982,0.077238,0.057707,0.038124,0.024978
